timestamp,sample_number,experiment_id,workload_id,workload_type,elapsed_seconds,cpu_percent,cpu_frequency_mhz,load_1m,cpu_core_avg,cpu_core_max,memory_percent,memory_used_mb,memory_available_mb,memory_cached_mb,swap_percent,swap_used_mb,disk_read_mbps,disk_write_mbps,disk_usage_percent,network_rx_mbps,network_tx_mbps,network_packets_sent,network_packets_recv,network_errors_in,network_errors_out,network_drops_in,network_drops_out,source_file
2026-08-23T11:45:26.466,1,EXP001,M001,memory_intensive,0.0199,25.0,4.0,2.18,30.0,100.0,55.5,6470.94,7285.91,0.0,19.4,396.38,0.0,0.0,5.4,0.0,0.0,8353069,31553427,0,0,0,0,EXP001_M001_memory_intensive.csv
2026-08-23T11:45:27.459,2,EXP001,M001,memory_intensive,0.9925,14.3,4.0,2.18,14.55,43.9,55.7,6498.98,7250.56,0.0,19.4,396.38,0.0,0.0,5.4,0.0256,0.0256,8353119,31553571,0,0,0,0,EXP001_M001_memory_intensive.csv
2026-08-23T11:45:28.459,3,EXP001,M001,memory_intensive,1.0,15.1,4.0,2.0,15.08,45.0,55.7,6494.84,7255.72,0.0,19.4,396.38,0.0039,0.0,5.4,0.0762,0.0049,8353154,31553906,0,0,0,0,EXP001_M001_memory_intensive.csv
2026-08-23T11:45:29.454,4,EXP001,M001,memory_intensive,0.9952,14.2,4.0,2.0,14.23,41.4,56.1,6568.23,7190.97,0.0,19.4,396.38,0.0,0.0079,5.4,0.1099,0.0059,8353190,31554401,0,0,0,0,EXP001_M001_memory_intensive.csv
2026-08-23T11:45:30.459,5,EXP001,M001,memory_intensive,1.0048,13.1,4.0,2.0,13.23,42.4,55.9,6528.5,7228.23,0.0,19.4,396.38,0.0,0.0,5.4,0.1089,0.0029,8353214,31554876,0,0,0,0,EXP001_M001_memory_intensive.csv
2026-08-23T11:45:31.464,6,EXP001,M001,memory_intensive,1.0046,15.7,4.0,2.0,15.65,44.4,56.7,6647.88,7101.64,0.0,19.4,396.38,0.0,0.0,5.4,0.1351,0.0243,8353276,31555425,0,0,0,0,EXP001_M001_memory_intensive.csv
2026-08-23T11:45:32.459,7,EXP001,M001,memory_intensive,0.9954,13.8,4.0,2.0,13.86,41.4,56.5,6633.33,7119.78,0.0,19.4,396.38,0.0,0.0039,5.4,0.1403,0.0049,8353314,31555975,0,0,0,0,EXP001_M001_memory_intensive.csv
2026-08-23T11:45:33.456,8,EXP001,M001,memory_intensive,0.9967,11.8,4.0,1.84,11.81,36.4,56.4,6612.2,7140.53,0.0,19.4,396.38,0.0,0.972,5.4,0.147,0.0029,8353343,31556597,0,0,0,0,EXP001_M001_memory_intensive.csv
2026-08-23T11:45:34.459,9,EXP001,M001,memory_intensive,1.0033,12.1,4.0,1.84,12.2,38.4,56.3,6597.56,7160.2,0.0,19.4,396.38,0.0,0.0,5.4,0.1684,0.0039,8353377,31557260,0,0,0,0,EXP001_M001_memory_intensive.csv
2026-08-23T11:45:35.459,10,EXP001,M001,memory_intensive,1.0,11.9,4.0,1.84,11.96,38.0,56.1,6570.34,7188.08,0.0,19.4,396.38,0.0,0.0,5.4,0.2207,0.0039,8353404,31558074,0,0,0,0,EXP001_M001_memory_intensive.csv
2026-08-23T11:45:36.465,11,EXP001,M001,memory_intensive,1.0062,17.7,4.0,1.84,17.69,40.8,56.3,6590.25,7166.56,0.0,19.4,396.38,0.1009,0.0699,5.4,0.1,0.0039,8353433,31558461,0,0,0,0,EXP001_M001_memory_intensive.csv
2026-08-23T11:45:37.459,12,EXP001,M001,memory_intensive,0.9937,24.7,4.0,1.84,24.75,60.6,56.3,6593.95,7160.34,0.0,19.4,396.38,0.0,0.0,5.4,0.0285,0.0029,8353455,31558598,0,0,0,0,EXP001_M001_memory_intensive.csv
2026-08-23T11:45:38.459,13,EXP001,M001,memory_intensive,1.0,17.5,4.0,1.77,17.51,42.0,56.1,6556.34,7196.06,0.0,19.4,396.38,0.0,0.0,5.4,0.0342,0.0039,8353482,31558764,0,0,0,0,EXP001_M001_memory_intensive.csv
2026-08-23T11:45:39.456,14,EXP001,M001,memory_intensive,0.997,20.1,4.0,1.77,20.04,48.5,56.6,6648.88,7109.62,0.0,19.4,396.38,0.0627,0.0,5.4,0.0421,0.0029,8353512,31558937,0,0,0,0,EXP001_M001_memory_intensive.csv
2026-08-23T11:45:40.459,15,EXP001,M001,memory_intensive,1.003,20.2,4.0,1.77,20.24,46.5,56.6,6654.58,7109.0,0.0,19.4,396.38,0.0,2.5198,5.4,0.0185,0.0078,8353537,31559027,0,0,0,0,EXP001_M001_memory_intensive.csv
2026-08-23T11:45:41.465,16,EXP001,M001,memory_intensive,1.0063,19.9,4.0,1.77,19.91,43.4,56.9,6697.14,7054.48,0.0,19.4,396.38,0.0466,0.5667,5.4,0.0311,0.0068,8353566,31559172,0,0,0,0,EXP001_M001_memory_intensive.csv
2026-08-23T11:45:42.459,17,EXP001,M001,memory_intensive,0.9937,15.2,4.0,1.77,15.24,42.4,56.7,6671.19,7090.38,0.0,19.4,396.38,0.0,0.0,5.4,0.0138,0.0108,8353596,31559260,0,0,0,0,EXP001_M001_memory_intensive.csv
2026-08-23T11:45:43.458,18,EXP001,M001,memory_intensive,0.9991,14.2,4.0,1.71,14.26,43.0,56.7,6660.02,7100.75,0.0,19.4,396.38,0.0,0.0,5.4,0.0332,0.0029,8353623,31559407,0,0,0,0,EXP001_M001_memory_intensive.csv
2026-08-23T11:45:44.456,19,EXP001,M001,memory_intensive,0.9978,16.7,4.0,1.71,16.77,46.9,56.7,6665.92,7088.61,0.0,19.4,396.38,0.0,0.0,5.4,0.0137,0.002,8353644,31559487,0,0,0,0,EXP001_M001_memory_intensive.csv
2026-08-23T11:45:45.459,20,EXP001,M001,memory_intensive,1.0031,16.4,4.0,1.71,16.54,48.0,56.7,6654.56,7099.81,0.0,19.4,396.38,0.0623,0.0428,5.4,0.0224,0.0029,8353667,31559593,0,0,0,0,EXP001_M001_memory_intensive.csv
2026-08-23T11:45:46.462,21,EXP001,M001,memory_intensive,1.003,20.3,4.0,1.71,20.46,50.5,56.5,6634.0,7125.22,0.0,19.4,396.38,0.0,0.0039,5.4,0.0195,0.0166,8353701,31559710,0,0,0,0,EXP001_M001_memory_intensive.csv
2026-08-23T11:45:47.467,22,EXP001,M001,memory_intensive,1.0045,17.7,4.0,1.71,17.48,46.0,56.6,6641.22,7115.77,0.0,19.4,396.38,0.0117,0.0039,5.4,0.0262,0.0019,8353724,31559836,0,0,0,0,EXP001_M001_memory_intensive.csv
2026-08-23T11:45:48.459,23,EXP001,M001,memory_intensive,0.9925,15.3,4.0,1.65,15.28,38.4,56.6,6641.22,7115.77,0.0,19.4,396.38,0.0,0.0,5.4,0.0423,0.003,8353745,31560037,0,0,0,0,EXP001_M001_memory_intensive.csv
2026-08-23T11:45:49.454,24,EXP001,M001,memory_intensive,0.995,16.9,4.0,1.65,16.96,33.7,56.1,6593.48,7185.19,0.0,19.4,396.38,0.0,0.0,5.4,0.0137,0.002,8353761,31560118,0,0,0,0,EXP001_M001_memory_intensive.csv
2026-08-23T11:45:50.459,25,EXP001,M001,memory_intensive,1.005,22.7,4.0,1.65,22.77,44.0,56.4,6636.98,7137.33,0.0,19.4,396.38,0.0,0.4742,5.4,0.0165,0.0019,8353785,31560222,0,0,0,0,EXP001_M001_memory_intensive.csv
2026-08-23T11:45:51.465,26,EXP001,M001,memory_intensive,1.0062,14.6,4.0,1.65,14.63,41.4,56.2,6611.72,7172.66,0.0,19.4,396.38,0.0893,0.0,5.4,0.0252,0.0136,8353830,31560346,0,0,0,0,EXP001_M001_memory_intensive.csv
2026-08-23T11:45:52.459,27,EXP001,M001,memory_intensive,0.9938,15.8,4.0,1.65,15.77,43.4,56.4,6631.56,7145.77,0.0,19.4,396.38,0.0079,0.0,5.4,0.0246,0.0197,8353867,31560457,0,0,0,0,EXP001_M001_memory_intensive.csv
2026-08-23T11:45:53.459,28,EXP001,M001,memory_intensive,1.0,19.2,4.0,1.68,19.3,49.0,56.4,6634.25,7147.48,0.0,19.4,396.38,0.0,0.0,5.4,0.0254,0.0068,8353894,31560564,0,0,0,0,EXP001_M001_memory_intensive.csv
2026-08-23T11:45:54.459,29,EXP001,M001,memory_intensive,0.9999,12.4,4.0,1.68,12.5,38.8,56.3,6626.14,7152.36,0.0,19.4,396.38,0.0,0.0,5.4,0.0146,0.002,8353914,31560655,0,0,0,0,EXP001_M001_memory_intensive.csv
2026-08-23T11:45:55.459,30,EXP001,M001,memory_intensive,1.0001,12.7,4.0,1.68,12.79,40.4,56.3,6611.17,7165.33,0.0,19.4,396.38,0.0,0.0117,5.4,0.04,0.0029,8353938,31560847,0,0,0,0,EXP001_M001_memory_intensive.csv
2026-08-23T11:45:56.461,31,EXP001,M001,memory_intensive,1.0017,15.3,4.0,1.68,15.26,43.0,56.1,6583.39,7197.91,0.0,19.4,396.38,0.0,0.0,5.4,0.0312,0.0049,8353969,31560988,0,0,0,0,EXP001_M001_memory_intensive.csv
2026-08-23T11:45:57.459,32,EXP001,M001,memory_intensive,0.9983,13.1,4.0,1.68,13.14,37.4,56.0,6568.05,7211.48,0.0,19.4,396.38,0.0,0.0,5.4,0.0293,0.0039,8354000,31561118,0,0,0,0,EXP001_M001_memory_intensive.csv
2026-08-23T11:45:58.459,33,EXP001,M001,memory_intensive,1.0,13.0,4.0,1.95,13.23,42.4,55.8,6545.66,7233.55,0.0,19.4,396.38,0.0,0.0,5.4,0.0137,0.002,8354018,31561196,0,0,0,0,EXP001_M001_memory_intensive.csv
2026-08-23T11:45:59.459,34,EXP001,M001,memory_intensive,0.9999,12.9,4.0,1.95,12.8,38.4,55.4,6473.7,7307.92,0.0,19.4,396.38,0.0,0.0,5.4,0.0322,0.0029,8354041,31561342,0,0,0,0,EXP001_M001_memory_intensive.csv
2026-08-23T11:46:00.457,35,EXP001,M001,memory_intensive,0.998,11.6,4.0,1.95,11.7,39.4,55.4,6468.73,7313.56,0.0,19.4,396.38,0.0039,2.6536,5.4,0.0225,0.0068,8354072,31561448,0,0,0,0,EXP001_M001_memory_intensive.csv
2026-08-23T11:46:01.466,36,EXP001,M001,memory_intensive,1.0083,12.3,4.0,1.95,12.31,40.6,56.0,6569.2,7214.7,0.0,19.4,396.38,0.0,0.4184,5.4,0.0232,0.0126,8354109,31561575,0,0,0,0,EXP001_M001_memory_intensive.csv
2026-08-23T11:46:02.459,37,EXP001,M001,memory_intensive,0.9937,12.1,4.0,1.95,12.15,38.4,55.9,6555.03,7230.97,0.0,19.4,396.38,0.0,0.0039,5.4,0.0236,0.002,8354133,31561678,0,0,0,0,EXP001_M001_memory_intensive.csv
2026-08-23T11:46:03.459,38,EXP001,M001,memory_intensive,1.0,12.1,4.0,1.95,12.14,39.8,55.8,6536.78,7244.14,0.0,19.4,396.38,0.0,0.0,5.4,0.0371,0.002,8354154,31561833,0,0,0,0,EXP001_M001_memory_intensive.csv
2026-08-23T11:46:04.460,39,EXP001,M001,memory_intensive,1.0001,11.1,4.0,1.95,11.12,38.0,55.7,6519.31,7263.05,0.0,19.4,396.38,0.0,0.0,5.4,0.0205,0.0078,8354185,31561935,0,0,0,0,EXP001_M001_memory_intensive.csv
2026-08-23T11:46:05.459,40,EXP001,M001,memory_intensive,0.9999,11.7,4.0,1.95,11.84,37.4,55.7,6519.31,7263.05,0.0,19.4,396.38,0.0,0.0039,5.4,0.0293,0.0029,8354208,31562064,0,0,0,0,EXP001_M001_memory_intensive.csv
2026-08-23T11:46:06.465,41,EXP001,M001,memory_intensive,1.0059,13.5,4.0,1.95,13.67,43.0,55.8,6533.95,7246.64,0.0,19.4,396.38,0.0,0.0,5.4,0.0272,0.0039,8354250,31562213,0,0,0,0,EXP001_M001_memory_intensive.csv
2026-08-23T11:46:07.460,42,EXP001,M001,memory_intensive,0.9941,14.3,4.0,1.95,14.26,44.9,55.8,6544.73,7238.84,0.0,19.4,396.38,0.0,0.0,5.4,0.0393,0.002,8354268,31562378,0,0,0,0,EXP001_M001_memory_intensive.csv
2026-08-23T11:46:08.460,43,EXP001,M001,memory_intensive,1.0,13.2,4.0,1.79,13.14,40.0,55.8,6536.52,7244.19,0.0,19.4,396.38,0.0,0.0,5.4,0.0186,0.0029,8354297,31562482,0,0,0,0,EXP001_M001_memory_intensive.csv
2026-08-23T11:46:09.460,44,EXP001,M001,memory_intensive,1.0,21.7,4.0,1.79,21.7,41.8,56.2,6601.05,7175.88,0.0,19.4,396.38,0.082,0.7617,5.4,0.0371,0.002,8354324,31562649,0,0,0,0,EXP001_M001_memory_intensive.csv
2026-08-23T11:46:10.460,45,EXP001,M001,memory_intensive,1.0,26.2,4.0,1.79,26.24,45.5,56.9,6719.05,7062.52,0.0,19.4,396.38,8.414,7.4726,5.4,0.0439,0.0303,8354379,31562842,0,0,0,0,EXP001_M001_memory_intensive.csv
2026-08-23T11:46:11.464,46,EXP001,M001,memory_intensive,1.0043,15.4,4.0,1.79,15.53,40.0,57.2,6754.17,7020.33,0.0,19.4,396.38,0.0,0.5679,5.4,0.0418,0.0088,8354426,31563026,0,0,0,0,EXP001_M001_memory_intensive.csv
2026-08-23T11:46:12.459,47,EXP001,M001,memory_intensive,0.9955,19.4,4.0,1.79,19.4,45.9,56.8,6697.0,7078.45,0.0,19.4,396.38,0.0,0.0,5.4,0.0206,0.049,8354493,31563141,0,0,0,0,EXP001_M001_memory_intensive.csv
2026-08-23T11:46:13.456,48,EXP001,M001,memory_intensive,0.997,14.4,4.0,1.81,14.39,38.0,56.7,6690.36,7088.44,0.0,19.4,396.38,0.0,0.0,5.4,0.0323,0.0029,8354522,31563296,0,0,0,0,EXP001_M001_memory_intensive.csv
2026-08-23T11:46:14.456,49,EXP001,M001,memory_intensive,0.9996,14.4,4.0,1.81,14.46,34.7,56.7,6685.34,7093.69,0.0,19.4,396.38,0.0,0.0,5.4,0.0186,0.002,8354545,31563400,0,0,0,0,EXP001_M001_memory_intensive.csv
2026-08-23T11:46:15.459,50,EXP001,M001,memory_intensive,1.0033,15.9,4.0,1.81,15.9,39.0,56.6,6681.16,7102.61,0.0,19.4,396.38,0.0,0.7047,5.4,0.0457,0.035,8354610,31563612,0,0,0,0,EXP001_M001_memory_intensive.csv
2026-08-23T11:46:16.466,51,EXP001,M001,memory_intensive,1.0065,13.1,4.0,1.81,13.09,35.0,57.0,6741.25,7037.8,0.0,19.4,396.38,0.0,0.0,5.4,0.0097,0.001,8354627,31563682,0,0,0,0,EXP001_M001_memory_intensive.csv
2026-08-23T11:46:17.460,52,EXP001,M001,memory_intensive,0.9937,15.9,4.0,1.81,15.86,37.4,57.1,6756.14,7022.61,0.0,19.4,396.38,0.0,0.6407,5.4,0.0324,0.0206,8354667,31563834,0,0,0,0,EXP001_M001_memory_intensive.csv
2026-08-23T11:46:18.460,53,EXP001,M001,memory_intensive,1.0,10.2,4.0,1.75,10.22,35.0,57.1,6749.17,7029.88,0.0,19.4,396.38,0.0039,0.0508,5.4,0.0596,0.0146,8354711,31564001,0,0,0,0,EXP001_M001_memory_intensive.csv
2026-08-23T11:46:19.460,54,EXP001,M001,memory_intensive,1.0,12.5,4.0,1.75,12.58,42.4,57.1,6742.16,7030.91,0.0,19.4,396.38,0.0039,0.3828,5.4,0.0293,0.0166,8354753,31564150,0,0,0,0,EXP001_M001_memory_intensive.csv
2026-08-23T11:46:20.460,55,EXP001,M001,memory_intensive,1.0,11.1,4.0,1.75,11.11,37.8,56.4,6642.84,7136.48,0.0,19.4,396.38,0.0,1.457,5.4,0.0254,0.0078,8354780,31564275,0,0,0,0,EXP001_M001_memory_intensive.csv
2026-08-23T11:46:21.465,56,EXP001,M001,memory_intensive,1.0057,12.2,4.0,1.75,12.37,39.0,56.6,6671.81,7105.94,0.0,19.4,396.38,0.0,0.0,5.4,0.033,0.0068,8354808,31564431,0,0,0,0,EXP001_M001_memory_intensive.csv
2026-08-23T11:46:22.460,57,EXP001,M001,memory_intensive,0.9942,13.5,4.0,1.75,13.46,41.4,56.7,6686.25,7092.36,0.0,19.4,396.38,0.0236,0.0,5.4,0.0167,0.0344,8354863,31564543,0,0,0,0,EXP001_M001_memory_intensive.csv
2026-08-23T11:46:23.459,58,EXP001,M001,memory_intensive,0.9997,18.0,4.0,1.77,18.03,46.5,56.7,6682.31,7099.17,0.0,19.4,396.38,0.0,0.0117,5.4,0.0254,0.0195,8354902,31564681,0,0,0,0,EXP001_M001_memory_intensive.csv
2026-08-23T11:46:24.460,59,EXP001,M001,memory_intensive,1.0003,13.7,4.0,1.77,13.82,42.0,56.6,6673.48,7102.84,0.0,19.4,396.38,0.0,0.0117,5.4,0.0264,0.0029,8354927,31564807,0,0,0,0,EXP001_M001_memory_intensive.csv
2026-08-23T11:46:25.460,60,EXP001,M001,memory_intensive,1.0,11.2,4.0,1.77,11.38,37.4,56.6,6673.48,7102.84,0.0,19.4,396.38,0.0156,0.0,5.4,0.0283,0.0088,8354952,31564943,0,0,0,0,EXP001_M001_memory_intensive.csv
2026-08-23T11:46:26.461,61,EXP001,M001,memory_intensive,1.0015,11.8,4.0,1.77,11.62,38.4,56.6,6658.86,7116.12,0.0,19.4,396.38,0.0,0.0,5.4,0.0146,0.001,8354969,31565025,0,0,0,0,EXP001_M001_memory_intensive.csv
2026-08-23T11:46:27.460,62,EXP001,M001,memory_intensive,0.9985,14.3,4.0,1.77,14.31,37.4,56.3,6626.58,7157.39,0.0,19.4,396.38,0.0,0.8607,5.4,0.0293,0.0078,8354999,31565159,0,0,0,0,EXP001_M001_memory_intensive.csv
2026-08-23T11:46:28.460,63,EXP001,M001,memory_intensive,1.0,12.1,4.0,1.7,12.15,42.0,56.3,6621.22,7166.27,0.0,19.4,396.38,0.0,0.0,5.4,0.041,0.0059,8355052,31565378,0,0,0,0,EXP001_M001_memory_intensive.csv
2026-08-23T11:46:29.460,64,EXP001,M001,memory_intensive,1.0,16.9,4.0,1.7,17.0,48.5,56.7,6684.56,7100.8,0.0,19.4,396.38,0.0,0.0,5.4,0.0371,0.0039,8355080,31565548,0,0,0,0,EXP001_M001_memory_intensive.csv
2026-08-23T11:46:30.460,65,EXP001,M001,memory_intensive,1.0,18.2,4.0,1.7,18.14,47.5,56.7,6685.45,7100.64,0.0,19.4,396.38,0.0,0.0,5.4,0.0205,0.002,8355094,31565655,0,0,0,0,EXP001_M001_memory_intensive.csv
2026-08-23T11:46:31.463,66,EXP001,M001,memory_intensive,1.0027,13.7,4.0,1.7,13.74,39.4,56.8,6688.47,7083.92,0.0,19.4,396.38,0.0,0.0,5.4,0.0331,0.0097,8355123,31565810,0,0,0,0,EXP001_M001_memory_intensive.csv
2026-08-23T11:46:32.460,67,EXP001,M001,memory_intensive,0.9973,13.7,4.0,1.7,13.73,40.4,56.5,6662.0,7123.97,0.0,19.4,396.38,0.0,0.705,5.4,0.0294,0.0029,8355152,31565951,0,0,0,0,EXP001_M001_memory_intensive.csv
2026-08-23T11:46:33.455,68,EXP001,M001,memory_intensive,0.9954,17.2,4.0,1.73,17.19,44.4,56.6,6670.23,7110.05,0.0,19.4,396.38,0.0,0.0,5.4,0.0334,0.0029,8355176,31566108,0,0,0,0,EXP001_M001_memory_intensive.csv
2026-08-23T11:46:34.458,69,EXP001,M001,memory_intensive,1.0025,14.3,4.0,1.73,14.46,40.4,56.6,6673.97,7104.42,0.0,19.4,396.38,0.0,0.0,5.4,0.0166,0.0039,8355199,31566227,0,0,0,0,EXP001_M001_memory_intensive.csv
2026-08-23T11:46:35.460,70,EXP001,M001,memory_intensive,1.0021,14.1,4.0,1.73,14.05,39.0,56.7,6693.59,7089.09,0.0,19.4,396.38,0.0,0.0,5.4,0.0175,0.0019,8355219,31566325,0,0,0,0,EXP001_M001_memory_intensive.csv
2026-08-23T11:46:36.466,71,EXP001,M001,memory_intensive,1.0063,15.6,4.0,1.73,15.68,43.4,56.8,6694.78,7080.88,0.0,19.4,396.38,0.0,0.0,5.4,0.0932,0.0078,8355249,31566716,0,0,0,0,EXP001_M001_memory_intensive.csv
2026-08-23T11:46:37.460,72,EXP001,M001,memory_intensive,0.9937,15.0,4.0,1.73,15.04,43.0,56.7,6685.34,7097.48,0.0,19.4,396.38,0.0983,0.3341,5.4,0.0265,0.0029,8355281,31566849,0,0,0,0,EXP001_M001_memory_intensive.csv
2026-08-23T11:46:38.455,73,EXP001,M001,memory_intensive,0.9952,18.6,4.0,2.07,18.5,38.6,56.7,6691.19,7086.16,0.0,19.4,396.38,0.0,0.0,5.4,0.0255,0.0078,8355330,31566989,0,0,0,0,EXP001_M001_memory_intensive.csv
2026-08-23T11:46:39.460,74,EXP001,M001,memory_intensive,1.0044,14.4,4.0,2.07,14.57,42.4,56.7,6689.67,7093.47,0.0,19.4,396.38,0.0,0.0,5.4,0.0263,0.0039,8355371,31567120,0,0,0,0,EXP001_M001_memory_intensive.csv
2026-08-23T11:46:40.460,75,EXP001,M001,memory_intensive,1.0004,24.1,4.0,2.07,24.02,52.0,56.7,6689.67,7093.47,0.0,19.4,396.38,0.0508,4.1859,5.4,0.0166,0.0068,8355399,31567211,0,0,0,0,EXP001_M001_memory_intensive.csv
2026-08-23T11:46:41.466,76,EXP001,M001,memory_intensive,1.0063,13.6,4.0,2.07,13.6,42.4,56.5,6652.08,7125.02,0.0,19.4,396.38,0.0,0.4697,5.4,0.0349,0.0165,8355445,31567372,0,0,0,0,EXP001_M001_memory_intensive.csv
2026-08-23T11:46:42.460,77,EXP001,M001,memory_intensive,0.9937,11.6,4.0,2.07,11.64,37.4,56.5,6652.08,7125.02,0.0,19.4,396.38,0.0,0.0,5.4,0.0138,0.001,8355457,31567448,0,0,0,0,EXP001_M001_memory_intensive.csv
2026-08-23T11:46:43.460,78,EXP001,M001,memory_intensive,1.0,12.3,4.0,2.06,12.4,39.4,56.4,6640.92,7145.06,0.0,19.4,396.38,0.0273,0.0,5.4,0.0254,0.0029,8355481,31567569,0,0,0,0,EXP001_M001_memory_intensive.csv
2026-08-23T11:46:44.457,79,EXP001,M001,memory_intensive,0.9972,13.1,4.0,2.06,13.06,42.0,56.4,6629.28,7149.78,0.0,19.4,396.38,0.0,0.0,5.4,0.0255,0.002,8355499,31567691,0,0,0,0,EXP001_M001_memory_intensive.csv
2026-08-23T11:46:45.455,80,EXP001,M001,memory_intensive,0.9979,21.5,4.0,2.06,21.56,47.5,56.8,6700.03,7077.38,0.0,19.4,396.38,0.0157,0.7046,5.4,0.0323,0.0206,8355539,31567868,0,0,0,0,EXP001_M001_memory_intensive.csv
2026-08-23T11:46:46.466,81,EXP001,M001,memory_intensive,1.0111,14.0,4.0,2.06,14.07,41.0,56.6,6668.09,7114.8,0.0,19.4,396.38,0.0,0.0,5.4,0.0415,0.0077,8355569,31568021,0,0,0,0,EXP001_M001_memory_intensive.csv
2026-08-23T11:46:47.456,82,EXP001,M001,memory_intensive,0.9892,16.7,4.0,2.06,16.69,45.4,56.6,6668.09,7114.8,0.0,19.4,396.38,0.0,0.0039,5.4,0.0197,0.003,8355588,31568128,0,0,0,0,EXP001_M001_memory_intensive.csv
2026-08-23T11:46:48.456,83,EXP001,M001,memory_intensive,1.0006,14.0,4.0,2.22,14.02,45.5,56.2,6612.62,7174.12,0.0,19.4,396.38,0.0,0.6715,5.4,0.0195,0.001,8355609,31568217,0,0,0,0,EXP001_M001_memory_intensive.csv
2026-08-23T11:46:49.460,84,EXP001,M001,memory_intensive,1.004,14.0,4.0,2.22,14.09,38.8,56.3,6621.38,7152.3,0.0,19.4,396.38,0.0,0.0,5.4,0.0282,0.0029,8355631,31568361,0,0,0,0,EXP001_M001_memory_intensive.csv
2026-08-23T11:46:50.460,85,EXP001,M001,memory_intensive,0.9999,13.0,4.0,2.22,12.98,38.4,56.4,6628.36,7148.33,0.0,19.4,396.38,0.0,0.0039,5.4,0.0322,0.0195,8355677,31568527,0,0,0,0,EXP001_M001_memory_intensive.csv
2026-08-23T11:46:51.466,86,EXP001,M001,memory_intensive,1.0063,16.5,4.0,2.22,16.48,42.0,56.4,6644.17,7140.16,0.0,19.4,396.38,0.0078,0.2368,5.4,0.034,0.0097,8355713,31568681,0,0,0,0,EXP001_M001_memory_intensive.csv
2026-08-23T11:46:52.460,87,EXP001,M001,memory_intensive,0.9935,13.7,4.0,2.22,13.7,38.0,56.5,6648.14,7133.16,0.0,19.4,396.38,0.0,0.0,5.4,0.0206,0.0029,8355733,31568783,0,0,0,0,EXP001_M001_memory_intensive.csv
2026-08-23T11:46:53.460,88,EXP001,M001,memory_intensive,1.0002,19.5,4.0,2.12,19.5,46.5,56.4,6638.33,7142.3,0.0,19.4,396.38,0.0195,0.0703,5.4,0.0215,0.0068,8355763,31568885,0,0,0,0,EXP001_M001_memory_intensive.csv
2026-08-23T11:46:54.458,89,EXP001,M001,memory_intensive,0.9983,14.4,4.0,2.12,14.49,39.4,56.3,6620.58,7163.28,0.0,19.4,396.38,0.0,0.0,5.4,0.0157,0.002,8355782,31568966,0,0,0,0,EXP001_M001_memory_intensive.csv
2026-08-23T11:46:55.460,90,EXP001,M001,memory_intensive,1.0017,12.1,4.0,2.12,12.07,38.4,56.1,6584.72,7196.36,0.0,19.4,396.38,0.0,0.0039,5.4,0.0214,0.0078,8355814,31569091,0,0,0,0,EXP001_M001_memory_intensive.csv
2026-08-23T11:46:56.462,91,EXP001,M001,memory_intensive,1.0014,14.3,4.0,2.12,14.38,40.8,56.5,6642.58,7132.78,0.0,19.4,396.38,1.9308,0.0039,5.4,0.0302,0.0254,8355873,31569231,0,0,0,0,EXP001_M001_memory_intensive.csv
2026-08-23T11:46:57.461,92,EXP001,M001,memory_intensive,0.9986,15.4,4.0,2.12,15.55,45.0,56.4,6639.28,7143.42,0.0,19.4,396.38,0.1213,0.0078,5.4,0.0156,0.0078,8355904,31569326,0,0,0,0,EXP001_M001_memory_intensive.csv
2026-08-23T11:46:58.460,93,EXP001,M001,memory_intensive,1.0,16.1,4.0,2.11,16.06,43.4,56.2,6608.3,7174.16,0.0,19.4,396.38,0.0,0.0,5.4,0.0176,0.002,8355925,31569423,0,0,0,0,EXP001_M001_memory_intensive.csv
2026-08-23T11:46:59.459,94,EXP001,M001,memory_intensive,0.9985,13.4,4.0,2.11,13.53,41.0,56.2,6602.28,7179.72,0.0,19.4,396.38,0.0,0.0039,5.4,0.0137,0.002,8355946,31569509,0,0,0,0,EXP001_M001_memory_intensive.csv
2026-08-23T11:47:00.460,95,EXP001,M001,memory_intensive,1.0015,11.6,4.0,2.11,11.61,38.8,56.2,6598.44,7181.72,0.0,19.4,396.38,0.0,0.0,5.4,0.0371,0.0078,8355974,31569654,0,0,0,0,EXP001_M001_memory_intensive.csv
2026-08-23T11:47:01.465,96,EXP001,M001,memory_intensive,1.0044,11.1,4.0,2.11,11.12,39.0,56.3,6621.16,7160.95,0.0,19.4,396.38,0.0,0.0,5.4,0.0233,0.0078,8356008,31569776,0,0,0,0,EXP001_M001_memory_intensive.csv
2026-08-23T11:47:02.460,97,EXP001,M001,memory_intensive,0.9956,66.0,4.0,2.11,66.16,79.6,56.3,6621.16,7160.95,0.0,19.4,396.38,3.3194,1.0594,5.4,0.1334,0.0314,8356149,31570000,0,0,0,0,EXP001_M001_memory_intensive.csv
2026-08-23T11:47:03.460,98,EXP001,M001,memory_intensive,1.0,78.7,4.0,4.1,78.87,97.0,59.1,7089.5,6698.56,0.0,19.4,396.38,4.4334,4.8318,5.4,0.4463,0.042,8356383,31570459,0,0,0,0,EXP001_M001_memory_intensive.csv
2026-08-23T11:47:04.460,99,EXP001,M001,memory_intensive,0.9999,79.2,4.0,4.1,79.28,98.0,61.3,7443.94,6343.23,0.0,19.4,396.38,0.1836,4.4925,5.4,0.334,0.0205,8356512,31570840,0,0,0,0,EXP001_M001_memory_intensive.csv
2026-08-23T11:47:05.460,100,EXP001,M001,memory_intensive,1.0,55.3,4.0,4.1,55.26,68.4,62.9,7705.83,6083.11,0.0,19.4,396.38,0.6953,2.0195,5.4,0.8349,0.0225,8356700,31571540,0,0,0,0,EXP001_M001_memory_intensive.csv
2026-08-23T11:47:06.464,101,EXP001,M001,memory_intensive,1.0034,42.8,4.0,4.1,42.9,55.1,63.7,7834.14,5954.66,0.0,19.4,396.38,1.0044,1.2652,5.4,0.4438,0.0146,8356822,31571954,0,0,0,0,EXP001_M001_memory_intensive.csv
2026-08-23T11:47:07.460,102,EXP001,M001,memory_intensive,0.9966,44.1,4.0,4.1,44.08,62.2,64.0,7884.53,5898.28,0.0,19.4,396.38,0.0431,2.6143,5.4,0.3263,0.0314,8356983,31572364,0,0,0,0,EXP001_M001_memory_intensive.csv
2026-08-23T11:47:08.460,103,EXP001,M001,memory_intensive,1.0,40.6,4.0,4.34,40.6,56.1,64.6,7994.77,5795.7,0.0,19.4,396.38,0.0352,0.9336,5.4,0.4053,0.0293,8357154,31572779,0,0,0,0,EXP001_M001_memory_intensive.csv
2026-08-23T11:47:09.456,104,EXP001,M001,memory_intensive,0.9956,33.6,4.0,4.34,33.77,48.0,64.9,8037.73,5750.27,0.0,19.4,396.38,1.487,1.177,5.4,0.2501,0.0235,8357327,31573042,0,0,0,0,EXP001_M001_memory_intensive.csv
2026-08-23T11:47:10.460,105,EXP001,M001,memory_intensive,1.0044,55.8,4.0,4.34,55.68,78.0,64.9,7975.97,5756.03,0.0,19.4,396.38,2.1197,10.3806,5.4,0.6904,0.0331,8357557,31573686,0,0,0,0,EXP001_M001_memory_intensive.csv
2026-08-23T11:47:11.467,106,EXP001,M001,memory_intensive,1.0063,50.2,4.0,4.34,50.09,68.0,65.0,7942.19,5731.06,0.0,19.4,396.38,0.559,1.5256,5.4,0.4755,0.0446,8357829,31574175,0,0,0,0,EXP001_M001_memory_intensive.csv
2026-08-23T11:47:12.459,107,EXP001,M001,memory_intensive,0.9926,46.9,4.0,4.34,46.87,64.3,65.1,7912.34,5721.95,0.0,19.4,396.38,0.3306,3.5064,5.4,0.7103,0.0384,8358163,31574772,0,0,0,0,EXP001_M001_memory_intensive.csv
2026-08-23T11:47:13.460,108,EXP001,M001,memory_intensive,1.001,49.6,4.0,4.39,49.74,66.7,65.8,7785.31,5599.91,0.0,19.4,396.38,0.7219,0.8858,5.4,0.2722,0.0361,8358365,31575127,0,0,0,0,EXP001_M001_memory_intensive.csv
2026-08-23T11:47:14.460,109,EXP001,M001,memory_intensive,0.9994,56.6,4.0,4.39,56.57,73.0,66.7,7666.61,5461.19,0.0,19.4,396.38,2.4312,2.5523,5.4,0.8228,0.0215,8358592,31575823,0,0,0,0,EXP001_M001_memory_intensive.csv
2026-08-23T11:47:15.461,110,EXP001,M001,memory_intensive,1.0008,30.5,4.0,4.39,30.44,50.5,66.9,7622.98,5416.27,0.0,19.4,396.38,0.7377,3.185,5.4,0.4645,0.0254,8358872,31576234,0,0,0,0,EXP001_M001_memory_intensive.csv
2026-08-23T11:47:16.463,111,EXP001,M001,memory_intensive,1.002,43.2,4.0,4.39,43.25,67.3,67.4,7519.86,5336.11,0.0,19.4,396.38,0.7485,0.4951,5.4,0.1618,0.0234,8359015,31576441,0,0,0,0,EXP001_M001_memory_intensive.csv
2026-08-23T11:47:17.461,112,EXP001,M001,memory_intensive,0.998,32.1,4.0,4.39,32.13,56.1,67.6,7490.77,5302.41,0.0,19.4,396.38,0.6419,0.2309,5.4,0.0881,0.0205,8359136,31576618,0,0,0,0,EXP001_M001_memory_intensive.csv
2026-08-23T11:47:18.461,113,EXP001,M001,memory_intensive,1.0,25.3,4.0,4.36,25.22,47.5,67.3,7446.62,5351.42,0.0,19.4,396.38,0.7539,0.0352,5.4,0.041,0.0244,8359226,31576739,0,0,0,0,EXP001_M001_memory_intensive.csv
2026-08-23T11:47:19.459,114,EXP001,M001,memory_intensive,0.9984,25.6,4.0,4.36,25.71,52.0,67.3,7451.92,5349.89,0.0,19.4,396.38,0.0743,0.0822,5.4,0.0587,0.0166,8359331,31576877,0,0,0,0,EXP001_M001_memory_intensive.csv
2026-08-23T11:47:20.461,115,EXP001,M001,memory_intensive,1.0016,26.7,4.0,4.36,26.6,51.0,67.3,7449.62,5350.59,0.0,19.4,396.38,1.1076,0.2457,5.4,0.0819,0.0205,8359437,31577029,0,0,0,0,EXP001_M001_memory_intensive.csv
2026-08-23T11:47:21.463,116,EXP001,M001,memory_intensive,1.0026,33.3,4.0,4.36,33.44,51.0,68.0,7423.22,5248.81,0.0,19.4,396.38,0.7403,1.0286,5.4,0.1218,0.0205,8359539,31577233,0,0,0,0,EXP001_M001_memory_intensive.csv
2026-08-23T11:47:22.460,117,EXP001,M001,memory_intensive,0.9972,30.4,4.0,4.36,30.24,52.0,68.1,7409.58,5219.02,0.0,19.4,396.38,0.4662,0.5367,5.4,0.1782,0.0108,8359637,31577487,0,0,0,0,EXP001_M001_memory_intensive.csv
2026-08-23T11:47:23.456,118,EXP001,M001,memory_intensive,0.9954,32.3,4.0,4.25,32.35,47.5,68.3,7389.17,5197.84,0.0,19.4,396.38,8.0406,1.4755,5.4,0.2953,0.0157,8359806,31577827,0,0,0,0,EXP001_M001_memory_intensive.csv
2026-08-23T11:47:24.460,119,EXP001,M001,memory_intensive,1.0041,51.0,4.0,4.25,50.89,73.7,68.7,7299.14,5123.62,0.0,19.4,396.38,8.0333,0.7041,5.4,0.1527,0.0272,8359949,31578050,0,0,0,0,EXP001_M001_memory_intensive.csv
2026-08-23T11:47:25.457,120,EXP001,M001,memory_intensive,0.9969,53.4,4.0,4.25,53.37,66.3,69.1,7245.36,5061.98,0.0,19.4,396.38,3.3619,0.9286,5.4,0.3899,0.0617,8360239,31578456,0,0,0,0,EXP001_M001_memory_intensive.csv
2026-08-23T11:47:26.463,121,EXP001,M001,memory_intensive,1.0063,76.3,4.0,4.25,76.3,90.0,69.6,7237.06,4978.97,0.0,19.4,396.38,5.8693,3.1132,5.4,0.4872,0.0602,8360583,31578939,0,0,0,0,EXP001_M001_memory_intensive.csv
2026-08-23T11:47:27.461,122,EXP001,M001,memory_intensive,0.9974,44.8,4.0,4.25,44.84,70.7,69.6,7211.81,4987.34,0.0,19.4,396.38,0.4308,1.0652,5.4,0.4308,0.0646,8360880,31579341,0,0,0,0,EXP001_M001_memory_intensive.csv
2026-08-23T11:47:28.457,123,EXP001,M001,memory_intensive,0.9967,49.0,4.0,4.55,48.93,76.8,70.5,7098.62,4827.14,0.0,19.4,396.38,0.9406,0.2351,5.4,0.0441,0.0607,8361032,31579509,0,0,0,0,EXP001_M001_memory_intensive.csv
2026-08-23T11:47:29.461,124,EXP001,M001,memory_intensive,1.0031,49.8,4.0,4.55,49.88,75.2,70.3,7066.28,4869.02,0.0,19.4,396.38,1.5693,2.6908,5.4,0.0419,0.0399,8361161,31579666,0,0,0,0,EXP001_M001_memory_intensive.csv
2026-08-23T11:47:30.460,125,EXP001,M001,memory_intensive,0.9994,35.3,4.0,4.55,35.45,68.7,70.4,7080.88,4841.97,0.0,19.4,396.38,0.0782,0.6606,5.4,0.0283,0.0254,8361262,31579796,0,0,0,0,EXP001_M001_memory_intensive.csv
2026-08-23T11:47:31.466,126,EXP001,M001,memory_intensive,1.0062,35.0,4.0,4.55,34.92,60.6,70.5,7082.42,4825.59,0.0,19.4,396.38,0.3998,0.0,5.4,0.0456,0.0359,8361378,31579976,0,0,0,0,EXP001_M001_memory_intensive.csv
2026-08-23T11:47:32.460,127,EXP001,M001,memory_intensive,0.9937,30.9,4.0,4.55,30.85,54.5,70.7,7112.55,4808.55,0.0,19.4,396.38,3.1725,1.4427,5.4,0.0285,0.0226,8361459,31580119,0,0,0,0,EXP001_M001_memory_intensive.csv
2026-08-23T11:47:33.461,128,EXP001,M001,memory_intensive,1.0009,27.2,4.0,4.58,27.19,52.0,70.4,7134.42,4841.98,0.0,19.4,396.38,0.4879,0.5932,5.4,0.0176,0.0029,8361486,31580205,0,0,0,0,EXP001_M001_memory_intensive.csv
2026-08-23T11:47:34.456,129,EXP001,M001,memory_intensive,0.995,39.1,4.0,4.58,39.12,70.4,69.9,7078.62,4934.75,0.0,19.4,396.38,4.5893,0.318,5.4,0.0069,0.001,8361497,31580251,0,0,0,0,EXP001_M001_memory_intensive.csv
2026-08-23T11:47:35.458,130,EXP001,M001,memory_intensive,1.0022,70.5,4.0,4.58,70.45,92.0,39.7,4358.38,9886.81,0.0,19.4,396.38,17.5867,11.0658,5.4,0.0965,0.3186,8361887,31580648,0,0,0,0,EXP001_M001_memory_intensive.csv
2026-08-23T11:47:36.465,131,EXP001,M001,memory_intensive,1.0067,51.3,4.0,4.58,51.36,82.0,37.7,4096.75,10215.42,0.0,19.4,396.38,24.6212,3.2673,5.4,0.0359,0.031,8361966,31580767,0,0,0,0,EXP001_M001_memory_intensive.csv
2026-08-23T11:47:37.461,132,EXP001,M001,memory_intensive,0.9962,9.8,4.0,4.58,9.65,25.0,37.8,4126.62,10185.92,0.0,19.4,396.38,0.5451,0.0,5.4,0.0294,0.0078,8361992,31580857,0,0,0,0,EXP001_M001_memory_intensive.csv
2026-08-23T11:47:38.460,133,EXP001,M001,memory_intensive,0.9992,15.6,4.0,4.3,15.7,36.4,37.9,4134.84,10179.06,0.0,19.4,396.38,1.4895,1.8413,5.4,0.0137,0.002,8362004,31580916,0,0,0,0,EXP001_M001_memory_intensive.csv
2026-08-23T11:47:39.461,134,EXP001,M001,memory_intensive,1.0008,16.1,4.0,4.3,16.08,38.0,38.0,4149.73,10162.98,0.0,19.4,396.38,0.0156,0.0,5.4,0.0127,0.001,8362006,31580972,0,0,0,0,EXP001_M001_memory_intensive.csv
2026-08-23T11:47:40.460,135,EXP001,M001,memory_intensive,0.9993,4.1,4.0,4.3,4.13,29.3,38.0,4153.5,10164.03,0.0,19.4,396.38,0.2306,5.1562,5.4,0.001,0.0,8362008,31580989,0,0,0,0,EXP001_M001_memory_intensive.csv
2026-08-23T11:47:41.467,136,EXP001,M001,memory_intensive,1.0065,4.1,4.0,4.3,4.07,15.8,38.0,4155.83,10160.86,0.0,19.4,396.38,2.3171,5.7713,5.4,0.0155,0.0,8362010,31581053,0,0,0,0,EXP001_M001_memory_intensive.csv
2026-08-23T11:47:42.461,137,EXP001,M001,memory_intensive,0.9943,2.0,4.0,4.3,2.01,8.0,38.0,4155.83,10160.86,0.0,19.4,396.38,0.0,0.0,5.4,0.0049,0.0,8362012,31581081,0,0,0,0,EXP001_M001_memory_intensive.csv
2026-08-23T11:47:43.461,138,EXP001,M001,memory_intensive,1.0,1.1,4.0,4.03,1.1,5.0,37.9,4150.84,10171.27,0.0,19.4,396.38,0.0,0.0,5.4,0.0107,0.001,8362014,31581146,0,0,0,0,EXP001_M001_memory_intensive.csv
2026-08-23T11:47:44.460,139,EXP001,M001,memory_intensive,0.9992,0.9,4.0,4.03,0.9,4.0,37.9,4150.58,10175.34,0.0,19.4,396.38,0.0,0.0,5.4,0.0088,0.0029,8362020,31581199,0,0,0,0,EXP001_M001_memory_intensive.csv
2026-08-23T11:47:45.461,140,EXP001,M001,memory_intensive,1.0008,4.4,4.0,4.03,4.38,14.1,38.0,4160.05,10164.03,0.0,19.4,396.38,2.342,2.3771,5.4,0.0166,0.0,8362021,31581267,0,0,0,0,EXP001_M001_memory_intensive.csv
2026-08-23T11:47:46.467,141,EXP001,M001,memory_intensive,1.0059,1.3,4.0,4.03,1.3,7.0,38.0,4166.12,10160.58,0.0,19.4,396.38,0.0155,0.0,5.4,0.0233,0.0029,8362034,31581388,0,0,0,0,EXP001_M001_memory_intensive.csv
2026-08-23T11:47:47.461,142,EXP001,M001,memory_intensive,0.9941,3.2,4.0,4.03,3.23,11.1,37.9,4154.44,10167.42,0.0,19.4,396.38,0.0,0.0039,5.4,0.0128,0.0,8362035,31581450,0,0,0,0,EXP001_M001_memory_intensive.csv
2026-08-23T11:47:48.461,143,EXP001,M001,memory_intensive,1.0,2.3,4.0,3.79,2.3,10.0,37.9,4153.86,10169.05,0.0,19.4,396.38,0.0,0.0,5.4,0.0107,0.002,8362038,31581507,0,0,0,0,EXP001_M001_memory_intensive.csv
2026-08-23T11:47:49.461,144,EXP001,M001,memory_intensive,1.0,1.8,4.0,3.79,1.82,6.1,38.0,4158.25,10162.59,0.0,19.4,396.38,0.0,0.0,5.4,0.0088,0.0,8362039,31581549,0,0,0,0,EXP001_M001_memory_intensive.csv
2026-08-23T11:47:50.461,145,EXP001,M001,memory_intensive,0.9997,11.3,4.0,3.79,11.37,30.0,38.8,4304.61,10018.91,0.0,19.4,396.38,23.3626,2.8681,5.4,0.0137,0.0147,8362061,31581589,0,0,0,0,EXP001_M001_memory_intensive.csv
2026-08-23T11:47:51.467,146,EXP001,M001,memory_intensive,1.0066,14.0,4.0,3.79,13.9,47.0,39.3,4380.55,9945.14,0.0,19.4,396.38,78.8569,0.0,5.4,0.0116,0.0,8362062,31581640,0,0,0,0,EXP001_M001_memory_intensive.csv
2026-08-23T11:47:52.461,147,EXP001,M001,memory_intensive,0.9937,12.9,4.0,3.79,12.89,48.5,39.7,4446.83,9886.19,0.0,19.4,396.38,79.8753,0.0,5.4,0.0049,0.001,8362064,31581680,0,0,0,0,EXP001_M001_memory_intensive.csv
2026-08-23T11:47:53.461,148,EXP001,M001,memory_intensive,0.9997,13.3,4.0,3.81,13.3,48.5,39.7,4452.44,9873.94,0.0,19.4,396.38,91.1712,0.0,5.4,0.0147,0.0,8362066,31581770,0,0,0,0,EXP001_M001_memory_intensive.csv
2026-08-23T11:47:54.457,149,EXP001,M001,memory_intensive,0.996,14.1,4.0,3.81,14.24,48.5,40.1,4521.03,9807.38,0.0,19.4,396.38,89.0291,0.0275,5.4,0.0108,0.0,8362066,31581826,0,0,0,0,EXP001_M001_memory_intensive.csv
2026-08-23T11:47:55.461,150,EXP001,M001,memory_intensive,1.004,19.3,4.0,3.81,19.28,52.0,40.7,4624.53,9709.83,0.0,19.4,396.38,30.5697,16.2595,5.4,0.0263,0.0039,8362078,31581941,0,0,0,0,EXP001_M001_memory_intensive.csv
2026-08-23T11:47:56.463,151,EXP001,M001,memory_intensive,1.0024,31.3,4.0,3.81,31.38,62.0,43.7,5115.73,9221.59,0.0,19.4,396.38,89.1901,2.6771,5.4,0.0175,0.0029,8362091,31581996,0,0,0,0,EXP001_M001_memory_intensive.csv
2026-08-23T11:47:57.461,152,EXP001,M001,memory_intensive,0.9976,67.6,4.0,3.81,67.67,93.9,47.1,5680.61,8669.73,0.0,19.4,396.38,32.799,10.1029,5.4,0.0558,0.0098,8362130,31582138,0,0,0,0,EXP001_M001_memory_intensive.csv
2026-08-23T11:47:58.461,153,EXP001,M001,memory_intensive,1.0004,62.1,4.0,4.06,61.98,98.0,48.1,5844.02,8501.72,0.0,19.4,396.38,7.5481,0.8435,5.4,0.0293,0.0039,8362143,31582245,0,0,0,0,EXP001_M001_memory_intensive.csv
2026-08-23T11:47:59.460,154,EXP001,M001,memory_intensive,0.9992,53.2,4.0,4.06,53.29,98.0,50.6,6244.67,8097.28,0.0,19.4,396.38,93.6724,2.0602,5.4,0.1319,0.0137,8362207,31582429,0,0,0,0,EXP001_M001_memory_intensive.csv
2026-08-23T11:48:00.457,155,EXP001,M001,memory_intensive,0.9963,32.2,4.0,4.06,32.1,62.6,51.2,6351.94,7987.38,0.0,19.4,396.38,53.2123,5.2499,5.4,0.2156,0.0765,8362413,31582684,0,0,0,0,EXP001_M001_memory_intensive.csv
2026-08-23T11:48:01.466,156,EXP001,M001,memory_intensive,1.0094,65.3,4.0,4.06,65.3,83.0,53.6,6747.88,7599.94,0.0,19.4,396.38,132.6098,4.5047,5.4,0.1712,1.1194,8363332,31583122,0,0,0,0,EXP001_M001_memory_intensive.csv
2026-08-23T11:48:02.457,157,EXP001,M001,memory_intensive,0.9906,87.4,4.0,4.06,87.48,100.0,53.5,6730.66,7620.97,0.0,19.4,396.38,88.7667,3.75,5.4,0.0799,0.2356,8363582,31583361,0,0,0,0,EXP001_M001_memory_intensive.csv
2026-08-23T11:48:03.461,158,EXP001,M001,memory_intensive,1.0046,87.5,4.0,11.26,87.34,100.0,53.6,6742.59,7603.12,0.0,19.4,396.38,87.3419,26.9352,5.4,0.1555,0.2712,8363891,31583621,0,0,0,0,EXP001_M001_memory_intensive.csv
2026-08-23T11:48:04.461,159,EXP001,M001,memory_intensive,1.0,84.1,4.0,11.26,84.13,100.0,55.4,7046.3,7301.73,0.0,19.4,396.38,56.8295,2.5663,5.4,1.0175,1.0957,8365000,31584615,0,0,0,0,EXP001_M001_memory_intensive.csv
2026-08-23T11:48:05.458,160,EXP001,M001,memory_intensive,0.9967,83.9,4.0,11.26,83.94,100.0,55.6,7067.66,7276.19,0.0,19.4,396.38,23.692,8.0227,5.4,1.7421,0.1529,8365886,31585982,0,0,0,0,EXP001_M001_memory_intensive.csv
2026-08-23T11:48:06.469,161,EXP001,M001,memory_intensive,1.0112,80.8,4.0,11.26,80.72,100.0,55.4,7035.75,7314.12,0.0,19.4,396.38,14.1044,14.5564,5.4,1.7172,0.14,8366789,31587291,0,0,0,0,EXP001_M001_memory_intensive.csv
2026-08-23T11:48:07.461,162,EXP001,M001,memory_intensive,0.9921,80.8,4.0,11.26,80.8,100.0,56.0,7154.78,7206.02,0.0,19.4,396.38,27.3326,4.7405,5.4,1.4489,0.0817,8367595,31588459,0,0,0,0,EXP001_M001_memory_intensive.csv
2026-08-23T11:48:08.460,163,EXP001,M001,memory_intensive,0.9985,82.9,4.0,17.41,83.0,100.0,56.4,7204.91,7147.28,0.0,19.4,396.38,25.365,8.6767,5.4,1.8787,0.1017,8368485,31589851,0,0,0,0,EXP001_M001_memory_intensive.csv
2026-08-23T11:48:09.462,164,EXP001,M001,memory_intensive,1.0016,83.6,4.0,17.41,83.51,100.0,56.0,7136.67,7216.44,0.0,19.4,396.38,26.0242,25.9501,5.4,1.2918,0.0751,8369224,31590877,0,0,0,0,EXP001_M001_memory_intensive.csv
2026-08-23T11:48:10.460,165,EXP001,M001,memory_intensive,0.9987,80.0,4.0,17.41,80.1,100.0,56.0,7136.67,7216.44,0.0,19.4,396.38,36.6877,29.3619,5.4,1.456,0.2024,8370149,31592072,0,0,0,0,EXP001_M001_memory_intensive.csv
2026-08-23T11:48:11.463,166,EXP001,M001,memory_intensive,1.0024,51.7,4.0,17.41,51.74,94.9,55.5,7073.52,7288.84,0.0,19.4,396.38,28.0938,5.4169,5.4,1.7449,0.0828,8371016,31593416,0,0,0,0,EXP001_M001_memory_intensive.csv
2026-08-23T11:48:12.461,167,EXP001,M001,memory_intensive,0.9987,35.3,4.0,17.41,35.28,77.0,55.3,7035.42,7321.47,0.0,19.4,396.38,34.6387,3.0156,5.4,1.543,0.0606,8371741,31594650,0,0,0,0,EXP001_M001_memory_intensive.csv
2026-08-23T11:48:13.458,168,EXP001,M001,memory_intensive,0.9962,27.8,4.0,16.17,27.87,74.7,56.0,7143.42,7216.25,0.0,19.4,396.38,20.9192,5.866,5.4,1.5488,0.0696,8372551,31595832,0,0,0,0,EXP001_M001_memory_intensive.csv
2026-08-23T11:48:14.461,169,EXP001,M001,memory_intensive,1.0038,30.8,4.0,16.17,30.76,71.0,56.3,7210.02,7157.41,0.0,19.4,396.38,28.4042,0.0739,5.4,1.614,0.072,8373437,31597031,0,0,0,0,EXP001_M001_memory_intensive.csv
2026-08-23T11:48:15.461,170,EXP001,M001,memory_intensive,1.0,33.6,4.0,16.17,33.69,72.4,56.3,7213.2,7152.14,0.0,19.4,396.38,17.1368,5.293,5.4,1.7031,0.125,8374382,31598271,0,0,0,0,EXP001_M001_memory_intensive.csv
2026-08-23T11:48:16.468,171,EXP001,M001,memory_intensive,1.0063,24.0,4.0,16.17,24.0,86.1,56.1,7182.83,7184.95,0.0,19.4,396.38,6.5408,0.0582,5.4,1.7196,0.065,8375199,31599551,0,0,0,0,EXP001_M001_memory_intensive.csv
2026-08-23T11:48:17.461,172,EXP001,M001,memory_intensive,0.9937,16.5,4.0,16.17,16.56,59.2,56.8,7285.91,7084.73,0.0,19.4,396.38,0.3302,0.0039,5.4,1.6343,0.1091,8376081,31600740,0,0,0,0,EXP001_M001_memory_intensive.csv
2026-08-23T11:48:18.461,173,EXP001,M001,memory_intensive,1.0,17.0,4.0,15.04,17.11,79.8,56.4,7215.53,7150.53,0.0,19.4,396.38,0.0117,0.0,5.4,1.6572,0.0684,8376910,31601974,0,0,0,0,EXP001_M001_memory_intensive.csv
2026-08-23T11:48:19.462,174,EXP001,M001,memory_intensive,1.0,18.8,4.0,15.04,18.88,100.0,56.9,7313.66,7065.47,0.0,19.4,396.38,5.164,11.9412,5.4,1.5635,0.0723,8377773,31603134,0,0,0,0,EXP001_M001_memory_intensive.csv
2026-08-23T11:48:20.461,175,EXP001,M001,memory_intensive,0.9994,26.8,4.0,15.04,26.95,96.0,57.8,7463.05,6913.81,0.0,19.4,396.38,0.6176,0.4612,5.4,2.4215,0.7886,8378999,31604806,0,0,0,0,EXP001_M001_memory_intensive.csv
2026-08-23T11:48:21.467,176,EXP001,M001,memory_intensive,1.0058,17.9,4.0,15.04,17.74,82.4,54.1,6855.55,7526.17,0.0,19.4,396.38,3.8138,3.5341,5.4,1.3078,0.0777,8379674,31605756,0,0,0,0,EXP001_M001_memory_intensive.csv
2026-08-23T11:48:22.459,177,EXP001,M001,memory_intensive,0.9918,13.4,4.0,15.04,13.43,55.6,54.1,6855.55,7526.17,0.0,19.4,396.38,0.445,0.0,5.4,1.79,0.066,8380529,31607061,0,0,0,0,EXP001_M001_memory_intensive.csv
2026-08-23T11:48:23.461,178,EXP001,M001,memory_intensive,1.0019,22.0,4.0,14.07,21.98,70.0,54.2,6874.66,7506.53,0.0,19.4,396.38,8.5693,0.0117,5.4,1.6404,0.0663,8381325,31608291,0,0,0,0,EXP001_M001_memory_intensive.csv
2026-08-23T11:48:24.461,179,EXP001,M001,memory_intensive,1.0,18.7,4.0,14.07,18.61,64.6,53.6,6784.3,7594.86,0.0,19.4,396.38,10.8872,8.0121,5.4,1.628,0.0723,8382164,31609492,0,0,0,0,EXP001_M001_memory_intensive.csv
2026-08-23T11:48:25.462,180,EXP001,M001,memory_intensive,1.0011,13.1,4.0,14.07,13.25,63.6,54.2,6876.17,7502.39,0.0,19.4,396.38,0.1639,0.0,5.4,1.6408,0.0712,8383073,31610669,0,0,0,0,EXP001_M001_memory_intensive.csv
2026-08-23T11:48:26.468,181,EXP001,M001,memory_intensive,1.0063,21.3,4.0,14.07,21.27,54.0,53.6,6779.16,7608.22,0.0,19.4,396.38,4.6738,0.7376,5.4,1.6964,0.0728,8383990,31611955,0,0,0,0,EXP001_M001_memory_intensive.csv
2026-08-23T11:48:27.462,182,EXP001,M001,memory_intensive,0.9938,23.3,4.0,14.07,23.36,48.5,44.6,5309.73,9074.73,0.0,19.4,396.38,146.3365,16.3954,5.4,0.4383,0.0825,8384300,31612351,0,0,0,0,EXP001_M001_memory_intensive.csv
2026-08-23T11:48:28.461,183,EXP001,M001,memory_intensive,0.9994,3.1,4.0,13.03,3.12,13.1,44.4,5271.73,9112.41,0.0,19.4,396.38,0.1524,1.1101,5.4,0.0293,0.0,8384302,31612475,0,0,0,0,EXP001_M001_memory_intensive.csv
2026-08-23T11:48:29.458,184,EXP001,M001,memory_intensive,0.9973,8.5,4.0,13.03,8.49,25.0,44.3,5261.27,9128.22,0.0,19.4,396.38,0.1332,0.0,5.4,0.0264,0.002,8384306,31612561,0,0,0,0,EXP001_M001_memory_intensive.csv
2026-08-23T11:48:30.461,185,EXP001,M001,memory_intensive,1.0027,3.2,4.0,13.03,3.2,11.0,44.3,5261.0,9129.47,0.0,19.4,396.38,0.0039,0.0,5.4,0.0243,0.001,8384309,31612670,0,0,0,0,EXP001_M001_memory_intensive.csv
2026-08-23T11:48:31.467,186,EXP001,M001,memory_intensive,1.0058,1.2,4.0,13.03,1.2,4.0,44.3,5260.62,9131.77,0.0,19.4,396.38,0.0,0.0,5.4,0.0136,0.0019,8384318,31612744,0,0,0,0,EXP001_M001_memory_intensive.csv
2026-08-23T11:48:32.462,187,EXP001,M001,memory_intensive,0.9948,4.5,4.0,13.03,4.71,25.0,44.3,5260.62,9131.77,0.0,19.4,396.38,1.1976,0.6714,5.4,0.0304,0.0,8384318,31612867,0,0,0,0,EXP001_M001_memory_intensive.csv
2026-08-23T11:48:33.461,188,EXP001,M001,memory_intensive,0.9988,12.5,4.0,12.14,12.48,80.6,44.4,5272.72,9113.94,0.0,19.4,396.38,4.1923,5.2208,5.4,0.0068,0.001,8384323,31612902,0,0,0,0,EXP001_M001_memory_intensive.csv
2026-08-23T11:48:34.462,189,EXP001,M001,memory_intensive,1.0012,11.4,4.0,12.14,11.49,45.0,44.4,5282.12,9105.22,0.0,19.4,396.38,0.0039,0.0,5.4,0.0195,0.0,8384323,31612983,0,0,0,0,EXP001_M001_memory_intensive.csv
2026-08-23T11:48:35.462,190,EXP001,M001,memory_intensive,1.0,16.2,4.0,12.14,16.28,59.6,65.1,8682.94,5710.31,0.0,19.4,396.38,0.4609,2.8516,5.4,0.002,0.0,8384325,31613008,0,0,0,0,EXP001_M001_memory_intensive.csv
2026-08-23T11:48:36.468,191,EXP001,M001,memory_intensive,1.0059,12.6,4.0,12.14,12.54,60.0,64.7,8606.22,5784.97,0.0,19.4,396.38,2.3339,0.8699,5.4,0.0272,0.0,8384325,31613117,0,0,0,0,EXP001_M001_memory_intensive.csv
2026-08-23T11:48:37.462,192,EXP001,M001,memory_intensive,0.9941,11.3,4.0,12.14,11.3,39.4,64.6,8593.02,5797.52,0.0,19.4,396.38,0.0668,0.4244,5.4,0.0049,0.001,8384326,31613154,0,0,0,0,EXP001_M001_memory_intensive.csv
2026-08-23T11:48:38.461,193,EXP001,M001,memory_intensive,0.9993,12.6,4.0,11.33,12.71,41.4,64.5,8573.05,5817.84,0.0,19.4,396.38,5.6522,0.0,5.4,0.0225,0.0,8384329,31613247,0,0,0,0,EXP001_M001_memory_intensive.csv
2026-08-23T11:48:39.462,194,EXP001,M001,memory_intensive,1.0007,13.1,4.0,11.33,13.01,48.5,64.4,8551.78,5839.14,0.0,19.4,396.38,0.5816,0.203,5.4,0.0049,0.0,8384329,31613280,0,0,0,0,EXP001_M001_memory_intensive.csv
2026-08-23T11:48:40.461,195,EXP001,M001,memory_intensive,0.9988,16.4,4.0,11.33,16.48,63.6,64.3,8540.34,5846.52,0.0,19.4,396.38,1.1654,5.4634,5.4,0.0244,0.0039,8384352,31613387,0,0,0,0,EXP001_M001_memory_intensive.csv
2026-08-23T11:48:41.468,196,EXP001,M001,memory_intensive,1.0074,5.4,4.0,11.33,5.38,26.0,64.0,8493.33,5896.09,0.0,19.4,396.38,0.2171,0.5274,5.4,0.0155,0.0,8384354,31613449,0,0,0,0,EXP001_M001_memory_intensive.csv
2026-08-23T11:48:42.462,197,EXP001,M001,memory_intensive,0.9938,0.7,4.0,11.33,0.7,3.0,63.8,8459.59,5930.66,0.0,19.4,396.38,0.0,0.0,5.4,0.0206,0.0,8384354,31613532,0,0,0,0,EXP001_M001_memory_intensive.csv
2026-08-23T11:48:43.458,198,EXP001,M001,memory_intensive,0.9964,0.9,4.0,11.33,1.0,4.0,63.7,8452.48,5939.41,0.0,19.4,396.38,0.0,0.0,5.4,0.0059,0.001,8384358,31613567,0,0,0,0,EXP001_M001_memory_intensive.csv
2026-08-23T11:48:44.461,199,EXP001,M001,memory_intensive,1.0029,1.1,4.0,10.5,1.0,6.0,63.7,8443.86,5949.8,0.0,19.4,396.38,0.0,0.0,5.4,0.0195,0.001,8384362,31613645,0,0,0,0,EXP001_M001_memory_intensive.csv
2026-08-23T11:48:45.461,200,EXP001,M001,memory_intensive,0.9995,1.2,4.0,10.5,1.2,5.0,63.7,8436.92,5954.81,0.0,19.4,396.38,0.0078,0.0039,5.4,0.0049,0.0,8384364,31613680,0,0,0,0,EXP001_M001_memory_intensive.csv
2026-08-23T11:48:46.467,201,EXP001,M001,memory_intensive,1.0062,0.9,4.0,10.5,0.9,3.0,63.6,8426.95,5963.17,0.0,19.4,396.38,0.0,0.0,5.4,0.0281,0.0,8384366,31613822,0,0,0,0,EXP001_M001_memory_intensive.csv
2026-08-23T11:48:47.462,202,EXP001,M001,memory_intensive,0.995,0.9,4.0,10.5,0.9,2.0,63.4,8390.94,6004.61,0.0,19.4,396.38,0.0,0.0039,5.4,0.0186,0.0029,8384375,31613918,0,0,0,0,EXP001_M001_memory_intensive.csv
2026-08-23T11:48:48.461,203,EXP001,M001,memory_intensive,0.9988,1.1,4.0,10.5,1.1,4.0,63.3,8385.52,6012.23,0.0,19.4,396.38,0.0,0.0,5.4,0.0303,0.0,8384376,31614033,0,0,0,0,EXP001_M001_memory_intensive.csv
2026-08-23T11:48:49.462,204,EXP001,M001,memory_intensive,1.0012,1.2,4.0,9.9,1.2,5.0,63.3,8380.42,6019.41,0.0,19.4,396.38,0.0078,0.0039,5.4,0.0166,0.001,8384379,31614097,0,0,0,0,EXP001_M001_memory_intensive.csv
2026-08-23T11:48:50.462,205,EXP001,M001,memory_intensive,1.0,0.8,4.0,9.9,0.81,3.1,63.3,8375.03,6018.44,0.0,19.4,396.38,0.0,0.0,5.4,0.0225,0.0,8384379,31614193,0,0,0,0,EXP001_M001_memory_intensive.csv
2026-08-23T11:48:51.468,206,EXP001,M001,memory_intensive,1.0062,1.1,4.0,9.9,1.1,5.0,63.2,8368.58,6027.28,0.0,19.4,396.38,0.0,0.0,5.4,0.0204,0.0019,8384388,31614293,0,0,0,0,EXP001_M001_memory_intensive.csv
2026-08-23T11:48:52.462,207,EXP001,M001,memory_intensive,0.9938,1.0,4.0,9.9,1.0,3.0,63.0,8334.56,6057.88,0.0,19.4,396.38,0.0,0.0,5.4,0.0157,0.001,8384389,31614363,0,0,0,0,EXP001_M001_memory_intensive.csv
2026-08-23T11:48:53.461,208,EXP001,M001,memory_intensive,0.9992,3.3,4.0,9.9,3.3,17.0,63.0,8325.16,6065.5,0.0,19.4,396.38,0.0,0.0,5.4,0.0176,0.002,8384394,31614455,0,0,0,0,EXP001_M001_memory_intensive.csv
2026-08-23T11:48:54.461,209,EXP001,M001,memory_intensive,0.9995,1.2,4.0,9.19,1.21,5.1,62.8,8302.03,6090.94,0.0,19.4,396.38,0.0,0.0,5.4,0.0342,0.001,8384398,31614607,0,0,0,0,EXP001_M001_memory_intensive.csv
2026-08-23T11:48:55.461,210,EXP001,M001,memory_intensive,1.0001,5.5,4.0,9.19,5.52,16.0,61.8,8130.72,6262.08,0.0,19.4,396.38,0.0156,2.3436,5.4,0.0146,0.0,8384400,31614677,0,0,0,0,EXP001_M001_memory_intensive.csv
2026-08-23T11:48:56.468,211,EXP001,M001,memory_intensive,1.0075,3.6,4.0,9.19,3.62,12.1,61.3,8056.72,6335.92,0.0,19.4,396.38,0.0,0.0,5.4,0.0184,0.0,8384400,31614773,0,0,0,0,EXP001_M001_memory_intensive.csv
2026-08-23T11:48:57.462,212,EXP001,M001,memory_intensive,0.9937,4.0,4.0,9.19,4.02,12.2,61.3,8056.72,6335.92,0.0,19.4,396.38,0.0432,0.0,5.4,0.0079,0.001,8384404,31614817,0,0,0,0,EXP001_M001_memory_intensive.csv
2026-08-23T11:48:58.462,213,EXP001,M001,memory_intensive,1.0,4.1,4.0,9.19,4.23,15.0,61.1,8019.02,6370.59,0.0,19.4,396.38,0.0,0.0,5.4,0.0303,0.002,8384416,31614940,0,0,0,0,EXP001_M001_memory_intensive.csv
2026-08-23T11:48:59.462,214,EXP001,M001,memory_intensive,1.0,4.3,4.0,8.45,4.2,15.0,61.4,8063.45,6329.14,0.0,19.4,396.38,0.0,0.0,5.4,0.0098,0.002,8384422,31615002,0,0,0,0,EXP001_M001_memory_intensive.csv
2026-08-23T11:49:00.462,215,EXP001,M001,memory_intensive,1.0,2.7,4.0,8.45,2.71,9.0,61.1,8025.56,6370.25,0.0,19.4,396.38,0.0,0.0,5.4,0.0225,0.0,8384423,31615108,0,0,0,0,EXP001_M001_memory_intensive.csv
2026-08-23T11:49:01.468,216,EXP001,M001,memory_intensive,1.0063,1.7,4.0,8.45,1.7,6.1,61.0,8002.42,6385.73,0.0,19.4,396.38,0.0,0.0,5.4,0.0068,0.0019,8384429,31615156,0,0,0,0,EXP001_M001_memory_intensive.csv
2026-08-23T11:49:02.462,217,EXP001,M001,memory_intensive,0.9937,2.9,4.0,8.45,2.92,9.2,61.0,8007.61,6385.09,0.0,19.4,396.38,0.0,0.0039,5.4,0.0334,0.001,8384434,31615304,0,0,0,0,EXP001_M001_memory_intensive.csv
2026-08-23T11:49:03.462,218,EXP001,M001,memory_intensive,1.0,3.1,4.0,8.45,3.21,13.0,61.0,8008.11,6388.25,0.0,19.4,396.38,0.0273,0.0,5.4,0.0244,0.002,8384442,31615413,0,0,0,0,EXP001_M001_memory_intensive.csv
2026-08-23T11:49:04.462,219,EXP001,M001,memory_intensive,1.0,1.5,4.0,7.86,1.42,6.1,61.0,8005.92,6389.02,0.0,19.4,396.38,0.0,0.0,5.4,0.0176,0.001,8384446,31615491,0,0,0,0,EXP001_M001_memory_intensive.csv
2026-08-23T11:49:05.462,220,EXP001,M001,memory_intensive,1.0,4.9,4.0,7.86,4.9,18.0,61.3,8065.2,6333.44,0.0,19.4,396.38,0.0586,0.2812,5.4,0.0195,0.002,8384450,31615556,0,0,0,0,EXP001_M001_memory_intensive.csv
2026-08-23T11:49:06.465,221,EXP001,M001,memory_intensive,1.0025,2.2,4.0,7.86,2.21,8.0,44.4,5289.02,9104.97,0.0,19.4,396.38,0.0,0.0,5.4,0.0244,0.001,8384452,31615659,0,0,0,0,EXP001_M001_memory_intensive.csv
2026-08-23T11:49:07.462,222,EXP001,M001,memory_intensive,0.9975,2.8,4.0,7.86,2.82,9.2,44.4,5290.03,9104.73,0.0,19.4,396.38,0.0,0.0,5.4,0.0147,0.0,8384453,31615726,0,0,0,0,EXP001_M001_memory_intensive.csv
2026-08-23T11:49:08.462,223,EXP001,M001,memory_intensive,1.0,3.8,4.0,7.86,3.79,13.9,44.4,5292.45,9102.16,0.0,19.4,396.38,0.0,0.0,5.4,0.0225,0.002,8384458,31615827,0,0,0,0,EXP001_M001_memory_intensive.csv
2026-08-23T11:49:09.461,224,EXP001,M001,memory_intensive,0.9986,3.6,4.0,7.47,3.74,12.2,44.1,5238.3,9162.88,0.0,19.4,396.38,0.0039,0.0,5.4,0.0147,0.0,8384458,31615886,0,0,0,0,EXP001_M001_memory_intensive.csv
2026-08-23T11:49:10.462,225,EXP001,M001,memory_intensive,1.0014,4.3,4.0,7.47,4.19,29.0,43.5,5138.61,9262.23,0.0,19.4,396.38,0.0039,1.4628,5.4,0.0137,0.001,8384461,31615962,0,0,0,0,EXP001_M001_memory_intensive.csv
2026-08-23T11:49:11.467,226,EXP001,M001,memory_intensive,1.0049,3.1,4.0,7.47,3.12,12.1,43.5,5138.11,9257.78,0.0,19.4,396.38,0.0,0.0,5.4,0.0214,0.0019,8384465,31616065,0,0,0,0,EXP001_M001_memory_intensive.csv
2026-08-23T11:49:12.462,227,EXP001,M001,memory_intensive,0.9951,2.3,4.0,7.47,2.3,10.0,43.5,5136.05,9252.34,0.0,19.4,396.38,0.0,0.1963,5.4,0.0265,0.001,8384477,31616202,0,0,0,0,EXP001_M001_memory_intensive.csv
2026-08-23T11:49:13.461,228,EXP001,M001,memory_intensive,0.9986,1.0,4.0,7.47,1.0,4.0,43.5,5130.06,9256.06,0.0,19.4,396.38,0.0,0.0,5.4,0.0098,0.001,8384480,31616262,0,0,0,0,EXP001_M001_memory_intensive.csv
2026-08-23T11:49:14.461,229,EXP001,M001,memory_intensive,1.0005,1.0,4.0,7.03,1.0,4.0,43.5,5127.67,9260.28,0.0,19.4,396.38,0.0,0.0,5.4,0.0098,0.0,8384480,31616325,0,0,0,0,EXP001_M001_memory_intensive.csv
2026-08-23T11:49:15.462,230,EXP001,M001,memory_intensive,1.0009,1.2,4.0,7.03,1.2,4.0,43.5,5125.27,9260.77,0.0,19.4,396.38,0.0,0.039,5.4,0.0234,0.002,8384485,31616432,0,0,0,0,EXP001_M001_memory_intensive.csv
2026-08-23T11:49:16.468,231,EXP001,M001,memory_intensive,1.0053,1.9,4.0,7.03,1.9,8.0,43.4,5116.5,9271.84,0.0,19.4,396.38,0.136,0.0039,5.4,0.0291,0.0049,8384502,31616564,0,0,0,0,EXP001_M001_memory_intensive.csv
2026-08-23T11:49:17.462,232,EXP001,M001,memory_intensive,0.9947,1.4,4.0,7.03,1.4,5.0,43.4,5116.78,9274.0,0.0,19.4,396.38,0.6126,0.0039,5.4,0.0226,0.0029,8384513,31616648,0,0,0,0,EXP001_M001_memory_intensive.csv
2026-08-23T11:49:18.461,233,EXP001,M001,memory_intensive,0.999,0.9,4.0,7.03,0.9,5.0,43.4,5116.69,9276.03,0.0,19.4,396.38,0.0078,0.0039,5.4,0.0196,0.001,8384523,31616730,0,0,0,0,EXP001_M001_memory_intensive.csv
2026-08-23T11:49:19.462,234,EXP001,M001,memory_intensive,1.0001,2.5,4.0,6.47,2.5,10.0,43.4,5117.16,9278.22,0.0,19.4,396.38,0.0,0.0,5.4,0.0469,0.0029,8384537,31616922,0,0,0,0,EXP001_M001_memory_intensive.csv
2026-08-23T11:49:20.462,235,EXP001,M001,memory_intensive,1.0009,2.6,4.0,6.47,2.72,9.1,43.3,5117.78,9282.09,0.0,19.4,396.38,0.1327,0.0,5.4,0.0371,0.0029,8384546,31617090,0,0,0,0,EXP001_M001_memory_intensive.csv
2026-08-23T11:49:21.471,236,EXP001,M001,memory_intensive,1.0086,13.6,4.0,6.47,13.52,50.5,62.6,8195.67,6128.48,0.0,19.4,396.38,0.0,0.3524,5.4,0.0281,0.001,8384548,31617235,0,0,0,0,EXP001_M001_memory_intensive.csv
2026-08-23T11:49:22.462,237,EXP001,M001,memory_intensive,0.9914,21.2,4.0,6.47,21.31,57.6,62.5,8193.56,6148.72,0.0,19.4,396.38,0.0591,0.0,5.4,0.0443,0.002,8384553,31617396,0,0,0,0,EXP001_M001_memory_intensive.csv
2026-08-23T11:49:23.463,238,EXP001,M001,memory_intensive,1.0002,8.4,4.0,6.47,8.46,28.0,62.4,8178.59,6159.5,0.0,19.4,396.38,8.4984,0.0117,5.4,0.0117,0.001,8384561,31617462,0,0,0,0,EXP001_M001_memory_intensive.csv
2026-08-23T11:49:24.461,239,EXP001,M001,memory_intensive,0.9984,1.2,4.0,6.03,1.11,5.1,62.4,8180.91,6159.38,0.0,19.4,396.38,0.0039,0.0117,5.4,0.0391,0.002,8384565,31617610,0,0,0,0,EXP001_M001_memory_intensive.csv
2026-08-23T11:49:25.463,240,EXP001,M001,memory_intensive,1.0015,0.8,4.0,6.03,0.8,4.0,62.4,8180.67,6154.62,0.0,19.4,396.38,0.0,0.0,5.4,0.0117,0.002,8384571,31617675,0,0,0,0,EXP001_M001_memory_intensive.csv
2026-08-23T11:49:26.468,241,EXP001,M001,memory_intensive,1.006,0.8,4.0,6.03,0.8,4.0,62.5,8182.38,6152.19,0.0,19.4,396.38,0.0,0.0,5.4,0.0214,0.001,8384576,31617783,0,0,0,0,EXP001_M001_memory_intensive.csv
2026-08-23T11:49:27.463,242,EXP001,M001,memory_intensive,0.994,1.0,4.0,6.03,1.01,3.0,62.5,8183.42,6151.72,0.0,19.4,396.38,0.0,0.0,5.4,0.0128,0.0,8384578,31617839,0,0,0,0,EXP001_M001_memory_intensive.csv
2026-08-23T11:49:28.461,243,EXP001,M001,memory_intensive,0.9985,0.9,4.0,6.03,1.0,4.0,62.4,8183.78,6154.12,0.0,19.4,396.38,0.0313,0.0,5.4,0.0235,0.002,8384583,31617932,0,0,0,0,EXP001_M001_memory_intensive.csv
2026-08-23T11:49:29.463,244,EXP001,M001,memory_intensive,1.0015,0.9,4.0,5.62,0.9,4.0,62.4,8182.97,6156.44,0.0,19.4,396.38,0.0,0.0,5.4,0.0098,0.0,8384583,31617983,0,0,0,0,EXP001_M001_memory_intensive.csv
2026-08-23T11:49:30.463,245,EXP001,M001,memory_intensive,1.0,0.8,4.0,5.62,0.7,3.0,62.5,8182.73,6150.78,0.0,19.4,396.38,0.0,0.0,5.4,0.0195,0.001,8384585,31618067,0,0,0,0,EXP001_M001_memory_intensive.csv
2026-08-23T11:49:31.469,246,EXP001,M001,memory_intensive,1.0063,0.9,4.0,5.62,0.9,3.0,62.4,8181.88,6153.86,0.0,19.4,396.38,0.0155,0.0,5.4,0.0136,0.0,8384589,31618143,0,0,0,0,EXP001_M001_memory_intensive.csv
2026-08-23T11:49:32.463,247,EXP001,M001,memory_intensive,0.9938,1.1,4.0,5.62,1.1,4.0,62.5,8182.95,6146.52,0.0,19.4,396.38,0.0,0.0039,5.4,0.0157,0.0,8384589,31618207,0,0,0,0,EXP001_M001_memory_intensive.csv
2026-08-23T11:49:33.462,248,EXP001,M001,memory_intensive,0.9989,1.3,4.0,5.62,1.4,5.0,62.5,8184.11,6150.03,0.0,19.4,396.38,0.1486,0.0078,5.4,0.0117,0.0,8384589,31618262,0,0,0,0,EXP001_M001_memory_intensive.csv
2026-08-23T11:49:34.462,249,EXP001,M001,memory_intensive,1.0,1.0,4.0,5.25,0.9,4.0,62.5,8185.08,6151.12,0.0,19.4,396.38,0.0,0.0,5.4,0.0313,0.0029,8384602,31618372,0,0,0,0,EXP001_M001_memory_intensive.csv
2026-08-23T11:49:35.463,250,EXP001,M001,memory_intensive,1.0011,1.1,4.0,5.25,1.1,4.0,62.4,8174.39,6160.36,0.0,19.4,396.38,0.0273,0.0,5.4,0.0146,0.002,8384610,31618433,0,0,0,0,EXP001_M001_memory_intensive.csv
2026-08-23T11:49:36.469,251,EXP001,M001,memory_intensive,1.0059,1.2,4.0,5.25,1.2,5.0,62.4,8180.78,6153.09,0.0,19.4,396.38,0.0,0.0,5.4,0.0175,0.0,8384610,31618519,0,0,0,0,EXP001_M001_memory_intensive.csv
2026-08-23T11:49:37.463,252,EXP001,M001,memory_intensive,0.9941,0.8,4.0,5.25,0.8,2.0,62.5,8181.2,6149.25,0.0,19.4,396.38,0.0,0.0,5.4,0.0157,0.001,8384615,31618604,0,0,0,0,EXP001_M001_memory_intensive.csv
2026-08-23T11:49:38.462,253,EXP001,M001,memory_intensive,0.9989,1.3,4.0,5.25,1.31,5.1,62.4,8171.25,6162.58,0.0,19.4,396.38,0.1251,0.0,5.4,0.0205,0.002,8384620,31618687,0,0,0,0,EXP001_M001_memory_intensive.csv
2026-08-23T11:49:39.462,254,EXP001,M001,memory_intensive,1.0,0.7,4.0,4.99,0.7,4.0,62.4,8177.73,6153.62,0.0,19.4,396.38,0.0,0.0,5.4,0.0088,0.0,8384621,31618728,0,0,0,0,EXP001_M001_memory_intensive.csv
2026-08-23T11:49:40.461,255,EXP001,M001,memory_intensive,0.9995,3.4,4.0,4.99,3.43,27.3,62.4,8176.25,6156.95,0.0,19.4,396.38,0.0039,1.2076,5.4,0.0098,0.0,8384622,31618777,0,0,0,0,EXP001_M001_memory_intensive.csv
2026-08-23T11:49:41.468,256,EXP001,M001,memory_intensive,1.0073,1.0,4.0,4.99,1.1,5.0,62.4,8177.25,6158.06,0.0,19.4,396.38,0.0427,0.0,5.4,0.0078,0.001,8384624,31618844,0,0,0,0,EXP001_M001_memory_intensive.csv
2026-08-23T11:49:42.463,257,EXP001,M001,memory_intensive,0.9943,0.8,4.0,4.99,0.7,3.0,62.4,8176.16,6159.53,0.0,19.4,396.38,0.0,0.0,5.4,0.0147,0.002,8384630,31618906,0,0,0,0,EXP001_M001_memory_intensive.csv
2026-08-23T11:49:43.463,258,EXP001,M001,memory_intensive,1.0,0.7,4.0,4.99,0.7,4.0,62.4,8175.12,6158.17,0.0,19.4,396.38,0.0,0.0,5.4,0.0156,0.001,8384634,31618977,0,0,0,0,EXP001_M001_memory_intensive.csv
2026-08-23T11:49:44.462,259,EXP001,M001,memory_intensive,0.9989,0.9,4.0,4.67,0.9,4.0,62.4,8174.03,6156.94,0.0,19.4,396.38,0.0,0.0,5.4,0.0235,0.002,8384640,31619074,0,0,0,0,EXP001_M001_memory_intensive.csv
2026-08-23T11:49:45.461,260,EXP001,M001,memory_intensive,0.9995,0.8,4.0,4.67,0.8,4.0,62.4,8174.2,6159.25,0.0,19.4,396.38,0.0,0.0,5.4,0.0117,0.0,8384640,31619121,0,0,0,0,EXP001_M001_memory_intensive.csv
2026-08-23T11:49:46.469,261,EXP001,M001,memory_intensive,1.0079,1.1,4.0,4.67,1.1,4.0,62.4,8172.89,6163.0,0.0,19.4,396.38,0.0,0.0,5.4,0.0233,0.001,8384642,31619226,0,0,0,0,EXP001_M001_memory_intensive.csv
2026-08-23T11:49:47.463,262,EXP001,M001,memory_intensive,0.9938,0.8,4.0,4.67,0.8,3.0,62.4,8174.28,6166.2,0.0,19.4,396.38,0.0,0.0039,5.4,0.0098,0.0,8384642,31619278,0,0,0,0,EXP001_M001_memory_intensive.csv
2026-08-23T11:49:48.463,263,EXP001,M001,memory_intensive,1.0,0.9,4.0,4.67,1.0,5.0,62.4,8174.55,6164.31,0.0,19.4,396.38,0.0,0.0,5.4,0.0166,0.002,8384646,31619354,0,0,0,0,EXP001_M001_memory_intensive.csv
2026-08-23T11:49:49.461,264,EXP001,M001,memory_intensive,0.9984,0.9,4.0,4.38,0.9,4.0,62.4,8174.88,6161.62,0.0,19.4,396.38,0.0,0.0,5.4,0.0117,0.0,8384648,31619406,0,0,0,0,EXP001_M001_memory_intensive.csv
2026-08-23T11:49:50.463,265,EXP001,M001,memory_intensive,1.0016,1.0,4.0,4.38,0.9,4.0,62.4,8174.95,6160.27,0.0,19.4,396.38,0.0,0.0,5.4,0.0244,0.0029,8384654,31619502,0,0,0,0,EXP001_M001_memory_intensive.csv
2026-08-23T11:49:51.469,266,EXP001,M001,memory_intensive,1.0063,1.8,4.0,4.38,1.78,6.9,62.4,8174.84,6161.39,0.0,19.4,396.38,0.2834,0.0039,5.4,0.0223,0.0,8384655,31619616,0,0,0,0,EXP001_M001_memory_intensive.csv
2026-08-23T11:49:52.463,267,EXP001,M001,memory_intensive,0.9938,2.1,4.0,4.38,2.11,7.0,62.4,8171.22,6165.3,0.0,19.4,396.38,0.5464,0.0,5.4,0.0354,0.001,8384664,31619745,0,0,0,0,EXP001_M001_memory_intensive.csv
2026-08-23T11:49:53.463,268,EXP001,M001,memory_intensive,1.0,3.4,4.0,4.38,3.39,17.8,25.5,2135.39,12209.12,0.0,19.4,396.38,0.0039,0.0,5.4,0.0254,0.002,8384668,31619824,0,0,0,0,EXP001_M001_memory_intensive.csv
2026-08-23T11:49:54.462,269,EXP001,M001,memory_intensive,0.9988,0.9,4.0,4.38,0.9,4.0,25.5,2136.08,12205.91,0.0,19.4,396.38,0.0,0.0,5.4,0.0176,0.0,8384668,31619901,0,0,0,0,EXP001_M001_memory_intensive.csv
2026-08-23T11:49:55.461,270,EXP001,M001,memory_intensive,0.9996,0.8,4.0,4.27,0.8,4.0,25.5,2136.12,12207.53,0.0,19.4,396.38,0.0,0.0,5.4,0.0127,0.0,8384670,31619972,0,0,0,0,EXP001_M001_memory_intensive.csv
2026-08-23T11:49:56.469,271,EXP001,M001,memory_intensive,1.0079,0.8,4.0,4.27,0.79,3.9,25.5,2136.72,12204.86,0.0,19.4,396.38,0.0,0.0,5.4,0.0136,0.0,8384670,31620046,0,0,0,0,EXP001_M001_memory_intensive.csv
2026-08-23T11:49:57.463,272,EXP001,M001,memory_intensive,0.9937,2.0,4.0,4.27,2.01,8.1,25.5,2143.83,12204.88,0.0,19.4,396.38,0.1022,0.0904,5.4,0.0098,0.0,8384670,31620098,0,0,0,0,EXP001_M001_memory_intensive.csv
2026-08-23T11:49:58.461,273,EXP001,M001,memory_intensive,0.9983,1.3,4.0,4.27,1.32,5.1,25.5,2145.45,12200.17,0.0,19.4,396.38,0.0117,0.0,5.4,0.0186,0.0029,8384682,31620174,0,0,0,0,EXP001_M001_memory_intensive.csv
2026-08-23T11:49:59.463,274,EXP001,M001,memory_intensive,1.0017,0.9,4.0,4.27,0.9,4.0,25.5,2144.23,12198.86,0.0,19.4,396.38,0.0,0.0,5.4,0.0175,0.001,8384685,31620257,0,0,0,0,EXP001_M001_memory_intensive.csv
2026-08-23T11:50:00.460,275,EXP001,M001,memory_intensive,1.0,2.5,4.0,4.09,2.49,9.0,25.6,2165.64,12183.55,0.0,19.4,396.38,0.0313,0.0352,5.4,0.0254,0.0,8384685,31620367,0,0,0,0,EXP001_M001_memory_intensive.csv
2026-08-23T11:50:01.462,276,EXP001,M001,memory_intensive,1.0049,6.0,4.0,4.09,6.0,21.0,26.1,2246.03,12101.05,0.0,19.4,396.38,0.2527,0.0,5.4,0.0155,0.0,8384689,31620449,0,0,0,0,EXP001_M001_memory_intensive.csv
2026-08-23T11:50:02.454,277,EXP001,M001,memory_intensive,0.9951,10.8,4.0,4.09,10.8,24.2,27.2,2419.75,11932.94,0.0,19.4,396.38,8.2906,0.0039,5.4,0.0245,0.002,8384696,31620548,0,0,0,0,EXP001_M001_memory_intensive.csv
2026-08-23T11:50:03.449,278,EXP001,M001,memory_intensive,0.9973,6.5,4.0,4.09,6.57,17.3,27.3,2442.08,11915.31,0.0,19.4,396.38,0.1018,0.0,5.4,0.0186,0.0,8384697,31620643,0,0,0,0,EXP001_M001_memory_intensive.csv
2026-08-23T11:50:04.449,279,EXP001,M001,memory_intensive,1.0027,13.0,4.0,4.09,12.97,28.0,27.7,2523.33,11848.53,0.0,19.4,396.38,3.3231,2.0375,5.4,0.0273,0.001,8384705,31620771,0,0,0,0,EXP001_M001_memory_intensive.csv
2026-08-23T11:50:05.447,280,EXP001,M001,memory_intensive,1.0,5.9,4.0,3.92,5.94,16.2,27.7,2525.98,11851.97,0.0,19.4,396.38,0.1328,0.0,5.4,0.0166,0.0039,8384719,31620842,0,0,0,0,EXP001_M001_memory_intensive.csv
2026-08-23T11:50:06.451,281,EXP001,M001,memory_intensive,1.0063,11.2,4.0,3.92,11.19,29.0,28.0,2587.31,11789.3,0.0,19.4,396.38,1.4518,1.5373,5.4,0.0388,0.0019,8384730,31621005,0,0,0,0,EXP001_M001_memory_intensive.csv
2026-08-23T11:50:07.443,282,EXP001,M001,memory_intensive,0.9937,8.7,4.0,3.92,8.66,30.3,28.0,2587.31,11789.3,0.0,19.4,396.38,0.2909,3.2233,5.4,0.0383,0.0,8384736,31621090,0,0,0,0,EXP001_M001_memory_intensive.csv
2026-08-23T11:50:08.441,283,EXP001,M001,memory_intensive,1.0,5.5,4.0,3.92,5.49,20.0,27.4,2489.84,11888.89,0.0,19.4,396.38,0.0156,0.0,5.4,0.0352,0.001,8384741,31621202,0,0,0,0,EXP001_M001_memory_intensive.csv
2026-08-23T11:50:09.436,284,EXP001,M001,memory_intensive,0.9961,9.8,4.0,3.92,9.88,32.7,27.4,2496.69,11887.06,0.0,19.4,396.38,1.7764,0.0039,5.4,0.0245,0.0029,8384750,31621301,0,0,0,0,EXP001_M001_memory_intensive.csv
2026-08-23T11:50:10.438,285,EXP001,M001,memory_intensive,1.0039,5.3,4.0,3.77,5.28,28.0,27.4,2490.17,11894.23,0.0,19.4,396.38,0.0117,3.7356,5.4,0.0146,0.0,8384751,31621369,0,0,0,0,EXP001_M001_memory_intensive.csv
2026-08-23T11:50:11.441,286,EXP001,M001,memory_intensive,1.0043,8.9,4.0,3.77,8.91,24.2,27.4,2494.66,11890.09,0.0,19.4,396.38,0.319,0.0194,5.4,0.0292,0.0,8384754,31621490,0,0,0,0,EXP001_M001_memory_intensive.csv
2026-08-23T11:50:12.435,287,EXP001,M001,memory_intensive,0.9957,12.1,4.0,3.77,12.1,25.3,27.6,2524.2,11864.14,0.0,19.4,396.38,4.0094,0.0,5.4,0.0226,0.0,8384754,31621596,0,0,0,0,EXP001_M001_memory_intensive.csv
2026-08-23T11:50:13.434,288,EXP001,M001,memory_intensive,1.0,19.5,4.0,3.77,19.52,39.0,28.1,2605.8,11786.25,0.0,19.4,396.38,6.7772,0.0469,5.4,0.0244,0.0039,8384777,31621697,0,0,0,0,EXP001_M001_memory_intensive.csv
2026-08-23T11:50:14.432,289,EXP001,M001,memory_intensive,1.0,3.9,4.0,3.77,3.93,12.1,28.1,2600.22,11784.53,0.0,19.4,396.38,0.0,0.0,5.4,0.0264,0.002,8384784,31621792,0,0,0,0,EXP001_M001_memory_intensive.csv
2026-08-23T11:50:15.431,290,EXP001,M001,memory_intensive,1.0,3.8,4.0,3.54,3.79,13.0,28.0,2586.77,11803.34,0.0,19.4,396.38,0.25,2.3437,5.4,0.0137,0.0,8384784,31621881,0,0,0,0,EXP001_M001_memory_intensive.csv
2026-08-23T11:50:16.434,291,EXP001,M001,memory_intensive,1.0035,5.2,4.0,3.54,5.21,15.0,28.0,2591.23,11795.17,0.0,19.4,396.38,0.4243,0.0234,5.4,0.0117,0.0,8384786,31621942,0,0,0,0,EXP001_M001_memory_intensive.csv
2026-08-23T11:50:17.429,292,EXP001,M001,memory_intensive,0.9965,8.3,4.0,3.54,8.39,27.6,27.8,2567.12,11822.0,0.0,19.4,396.38,0.0,0.0039,5.4,0.0176,0.0029,8384795,31622030,0,0,0,0,EXP001_M001_memory_intensive.csv
2026-08-23T11:50:18.428,293,EXP001,M001,memory_intensive,1.0,8.0,4.0,3.54,7.91,25.0,27.8,2562.44,11825.94,0.0,19.4,396.38,0.4023,0.0,5.4,0.0244,0.0,8384795,31622099,0,0,0,0,EXP001_M001_memory_intensive.csv
2026-08-23T11:50:19.427,294,EXP001,M001,memory_intensive,1.0,6.5,4.0,3.54,6.62,24.2,27.8,2557.67,11832.28,0.0,19.4,396.38,0.0,0.0,5.4,0.001,0.0,8384795,31622118,0,0,0,0,EXP001_M001_memory_intensive.csv
2026-08-23T11:50:20.426,295,EXP001,M001,memory_intensive,1.0,10.6,4.0,3.42,10.53,37.0,27.8,2553.75,11834.78,0.0,19.4,396.38,0.0469,0.0,5.4,0.0107,0.002,8384803,31622170,0,0,0,0,EXP001_M001_memory_intensive.csv
2026-08-23T11:50:21.432,296,EXP001,M001,memory_intensive,1.0063,5.3,4.0,3.42,5.31,20.0,27.8,2548.55,11833.64,0.0,19.4,396.38,0.0,0.0,5.4,0.0078,0.0,8384805,31622222,0,0,0,0,EXP001_M001_memory_intensive.csv
2026-08-23T11:50:22.425,297,EXP001,M001,memory_intensive,0.9937,7.9,4.0,3.42,7.87,19.2,28.2,2628.17,11763.69,0.0,19.4,396.38,1.2146,0.0,5.4,0.0088,0.0,8384805,31622260,0,0,0,0,EXP001_M001_memory_intensive.csv
2026-08-23T11:50:23.424,298,EXP001,M001,memory_intensive,1.0,4.8,4.0,3.42,4.8,12.1,28.1,2614.03,11779.11,0.0,19.4,396.38,0.0,0.0117,5.4,0.001,0.0,8384805,31622277,0,0,0,0,EXP001_M001_memory_intensive.csv
2026-08-23T11:50:24.422,299,EXP001,M001,memory_intensive,0.9986,1.7,4.0,3.42,1.72,7.1,28.1,2604.25,11780.31,0.0,19.4,396.38,0.266,0.0117,5.4,0.0186,0.001,8384809,31622351,0,0,0,0,EXP001_M001_memory_intensive.csv
2026-08-23T11:50:25.421,300,EXP001,M001,memory_intensive,0.9995,2.1,4.0,3.15,2.09,8.0,28.0,2596.25,11792.02,0.0,19.4,396.38,0.0,0.0,5.4,0.0049,0.001,8384814,31622379,0,0,0,0,EXP001_M001_memory_intensive.csv
2026-08-23T12:31:57.798,1,EXP001,S001,stress,0.031,33.3,4.0,2.96,35.0,66.7,60.0,7722.75,6552.88,0.0,19.4,396.38,0.0,0.0,5.4,0.1259,0.0315,8565570,32149640,0,0,0,0,EXP001_S001_stress.csv
2026-08-23T12:31:58.778,2,EXP001,S001,stress,0.98,10.8,4.0,2.96,10.87,34.0,60.0,7723.41,6550.28,0.0,19.4,396.38,0.0,0.0,5.4,0.0189,0.006,8565609,32149725,0,0,0,0,EXP001_S001_stress.csv
2026-08-23T12:31:59.778,3,EXP001,S001,stress,1.0,15.2,4.0,2.96,15.19,41.4,60.2,7753.39,6517.3,0.0,19.4,396.38,0.0,0.4648,5.4,0.0107,0.0127,8565639,32149788,0,0,0,0,EXP001_S001_stress.csv
2026-08-23T12:32:00.778,4,EXP001,S001,stress,1.0,18.7,4.0,2.96,18.71,44.0,60.8,7858.05,6417.39,0.0,19.4,396.38,0.082,2.2813,5.4,0.0244,0.0137,8565679,32149899,0,0,0,0,EXP001_S001_stress.csv
2026-08-23T12:32:01.778,5,EXP001,S001,stress,1.0,11.6,4.0,2.96,11.66,35.4,60.8,7860.38,6415.28,0.0,19.4,396.38,0.0,0.293,5.4,0.0068,0.0059,8565702,32149948,0,0,0,0,EXP001_S001_stress.csv
2026-08-23T12:32:02.785,6,EXP001,S001,stress,1.0063,16.0,4.0,2.96,15.98,41.0,60.9,7861.11,6413.05,0.0,19.4,396.38,0.0,0.0039,5.4,0.0116,0.0087,8565749,32150037,0,0,0,0,EXP001_S001_stress.csv
2026-08-23T12:32:03.778,7,EXP001,S001,stress,0.9937,17.4,4.0,2.96,17.37,43.4,60.8,7852.19,6425.44,0.0,19.4,396.38,0.0629,0.1258,5.4,0.0541,0.0167,8565822,32150223,0,0,0,0,EXP001_S001_stress.csv
2026-08-23T12:32:04.777,8,EXP001,S001,stress,0.999,19.2,4.0,2.96,19.21,47.5,60.9,7857.8,6413.64,0.0,19.4,396.38,0.0352,0.5474,5.4,0.0342,0.0127,8565881,32150371,0,0,0,0,EXP001_S001_stress.csv
2026-08-23T12:32:05.778,9,EXP001,S001,stress,1.001,18.0,4.0,2.97,18.0,44.4,61.7,7988.69,6282.7,0.0,19.4,396.38,0.0,3.0359,5.4,0.0039,0.0146,8565947,32150418,0,0,0,0,EXP001_S001_stress.csv
2026-08-23T12:32:06.778,10,EXP001,S001,stress,1.0,16.5,4.0,2.97,16.56,46.5,60.7,7833.61,6436.91,0.0,19.4,396.38,0.0313,0.0469,5.4,0.0117,0.0049,8565978,32150486,0,0,0,0,EXP001_S001_stress.csv
2026-08-23T12:32:07.784,11,EXP001,S001,stress,1.0056,16.3,4.0,2.97,16.36,40.4,61.0,7896.66,6382.14,0.0,19.4,396.38,4.7583,0.2641,5.4,0.0272,0.0097,8566019,32150604,0,0,0,0,EXP001_S001_stress.csv
2026-08-23T12:32:08.778,12,EXP001,S001,stress,0.9944,68.5,4.0,2.97,68.54,87.9,62.9,8207.98,6081.38,0.0,19.4,396.38,83.8359,3.7477,5.4,0.0422,0.055,8566140,32150748,0,0,0,0,EXP001_S001_stress.csv
2026-08-23T12:32:09.778,13,EXP001,S001,stress,1.0,51.0,4.0,2.97,50.93,75.8,64.2,8434.64,5873.56,0.0,19.4,396.38,62.3512,3.4101,5.4,0.04,0.0225,8566262,32150963,0,0,0,0,EXP001_S001_stress.csv
2026-08-23T12:32:10.778,14,EXP001,S001,stress,1.0,20.3,4.0,3.05,20.41,49.0,63.9,8387.3,5919.8,0.0,19.4,396.38,1.2383,7.1366,5.4,0.0303,0.0186,8566343,32151114,0,0,0,0,EXP001_S001_stress.csv
2026-08-23T12:32:11.778,15,EXP001,S001,stress,1.0,12.8,4.0,3.05,12.7,37.4,62.8,8222.88,6086.81,0.0,19.4,396.38,0.1094,0.0,5.4,0.0146,0.0313,8566426,32151228,0,0,0,0,EXP001_S001_stress.csv
2026-08-23T12:32:12.780,16,EXP001,S001,stress,1.0013,14.4,4.0,3.05,14.49,38.4,62.6,8176.7,6133.98,0.0,19.4,396.38,1.2601,0.0039,5.4,0.0254,0.0283,8566523,32151334,0,0,0,0,EXP001_S001_stress.csv
2026-08-23T12:32:13.778,17,EXP001,S001,stress,0.9987,12.4,4.0,3.05,12.43,36.0,62.6,8179.84,6123.28,0.0,19.4,396.38,0.395,0.6884,5.4,0.0078,0.0039,8566550,32151409,0,0,0,0,EXP001_S001_stress.csv
2026-08-23T12:32:14.778,18,EXP001,S001,stress,1.0,9.4,4.0,3.05,9.47,31.3,61.7,8027.75,6277.91,0.0,19.4,396.38,0.0,0.0,5.4,0.042,0.0049,8566578,32151589,0,0,0,0,EXP001_S001_stress.csv
2026-08-23T12:32:15.775,19,EXP001,S001,stress,0.9966,10.3,4.0,2.97,10.37,35.4,61.7,8027.75,6277.91,0.0,19.4,396.38,0.0,2.3517,5.4,0.0157,0.0039,8566600,32151673,0,0,0,0,EXP001_S001_stress.csv
2026-08-23T12:32:16.775,20,EXP001,S001,stress,1.0,8.8,4.0,2.97,8.89,30.6,61.6,8018.41,6285.2,0.0,19.4,396.38,0.0313,0.0,5.4,0.0254,0.0029,8566617,32151799,0,0,0,0,EXP001_S001_stress.csv
2026-08-23T12:32:17.782,21,EXP001,S001,stress,1.0072,8.6,4.0,2.97,8.55,28.7,61.5,8001.41,6304.31,0.0,19.4,396.38,0.0,0.0039,5.4,0.0126,0.0019,8566632,32151878,0,0,0,0,EXP001_S001_stress.csv
2026-08-23T12:32:18.779,22,EXP001,S001,stress,0.9963,96.9,4.0,2.97,97.1,98.0,61.8,8048.28,6258.23,0.0,19.4,396.38,0.1451,0.0,5.4,0.0176,0.001,8566649,32151979,0,0,0,0,EXP001_S001_stress.csv
2026-08-23T12:32:19.778,23,EXP001,S001,stress,0.9998,99.7,4.0,2.97,99.7,100.0,61.4,7992.09,6316.53,0.0,19.4,396.38,0.0,0.0,5.4,0.002,0.002,8566663,32152010,0,0,0,0,EXP001_S001_stress.csv
2026-08-23T12:32:20.775,24,EXP001,S001,stress,0.996,99.6,4.0,3.69,99.6,100.0,61.4,7991.61,6318.59,0.0,19.4,396.38,0.0,0.0,5.4,0.0196,0.0078,8566688,32152117,0,0,0,0,EXP001_S001_stress.csv
2026-08-23T12:32:21.777,25,EXP001,S001,stress,1.002,99.3,4.0,3.69,99.3,100.0,61.3,7968.47,6343.27,0.0,19.4,396.38,0.0,0.0,5.4,0.0068,0.0039,8566713,32152186,0,0,0,0,EXP001_S001_stress.csv
2026-08-23T12:32:22.788,26,EXP001,S001,stress,1.0115,99.5,4.0,3.69,99.5,100.0,61.2,7963.22,6350.92,0.0,19.4,396.38,6.9974,0.0116,5.4,0.0377,0.0048,8566762,32152412,0,0,0,0,EXP001_S001_stress.csv
2026-08-23T12:32:23.781,27,EXP001,S001,stress,0.9927,99.7,4.0,3.69,99.7,100.0,61.2,7951.58,6358.02,0.0,19.4,396.38,0.0,0.0,5.4,0.0059,0.003,8566780,32152456,0,0,0,0,EXP001_S001_stress.csv
2026-08-23T12:32:24.780,28,EXP001,S001,stress,0.9989,99.8,4.0,3.69,99.8,100.0,61.0,7914.86,6395.94,0.0,19.4,396.38,0.0196,0.4771,5.4,0.0459,0.0049,8566805,32152659,0,0,0,0,EXP001_S001_stress.csv
2026-08-23T12:32:25.779,29,EXP001,S001,stress,0.9987,99.4,4.0,4.35,99.4,100.0,61.0,7908.36,6396.28,0.0,19.4,396.38,0.0,0.0078,5.4,0.0156,0.002,8566820,32152743,0,0,0,0,EXP001_S001_stress.csv
2026-08-23T12:32:26.779,30,EXP001,S001,stress,1.0008,99.3,4.0,4.35,99.3,100.0,60.9,7908.36,6398.02,0.0,19.4,396.38,0.0,0.0,5.4,0.0273,0.001,8566834,32152862,0,0,0,0,EXP001_S001_stress.csv
2026-08-23T12:32:27.790,31,EXP001,S001,stress,1.0103,99.5,4.0,4.35,99.5,100.0,60.9,7906.72,6402.45,0.0,19.4,396.38,0.0,0.0,5.4,0.0271,0.0039,8566857,32152997,0,0,0,0,EXP001_S001_stress.csv
2026-08-23T12:32:28.780,32,EXP001,S001,stress,0.99,99.3,4.0,4.35,99.3,100.0,60.9,7900.75,6408.75,0.0,19.4,396.38,0.0,0.0,5.4,0.0296,0.003,8566876,32153139,0,0,0,0,EXP001_S001_stress.csv
2026-08-23T12:32:29.779,33,EXP001,S001,stress,0.9996,99.3,4.0,4.35,99.3,100.0,60.9,7897.64,6411.17,0.0,19.4,396.38,0.0,0.0,5.4,0.0293,0.0059,8566915,32153277,0,0,0,0,EXP001_S001_stress.csv
2026-08-23T12:32:30.779,34,EXP001,S001,stress,0.9995,99.4,4.0,5.21,99.4,100.0,60.8,7894.77,6418.3,0.0,19.4,396.38,0.0,0.0,5.4,0.0401,0.0078,8566959,32153446,0,0,0,0,EXP001_S001_stress.csv
2026-08-23T12:32:31.774,35,EXP001,S001,stress,0.9955,99.6,4.0,5.21,99.6,100.0,60.9,7901.91,6410.86,0.0,19.4,396.38,0.5062,0.2747,5.4,0.0235,0.0226,8567022,32153570,0,0,0,0,EXP001_S001_stress.csv
2026-08-23T12:32:32.785,36,EXP001,S001,stress,1.0109,99.7,4.0,5.21,99.7,100.0,60.9,7902.58,6412.56,0.0,19.4,396.38,0.0,0.0039,5.4,0.027,0.0019,8567038,32153691,0,0,0,0,EXP001_S001_stress.csv
2026-08-23T12:32:33.779,37,EXP001,S001,stress,0.9936,99.4,4.0,5.21,99.4,100.0,60.9,7902.64,6410.22,0.0,19.4,396.38,0.0393,1.2777,5.4,0.0157,0.0029,8567056,32153794,0,0,0,0,EXP001_S001_stress.csv
2026-08-23T12:32:34.780,38,EXP001,S001,stress,1.0013,99.8,4.0,5.21,99.8,100.0,60.9,7903.11,6409.14,0.0,19.4,396.38,0.0312,0.0078,5.4,0.0244,0.002,8567074,32153914,0,0,0,0,EXP001_S001_stress.csv
2026-08-23T12:32:35.780,39,EXP001,S001,stress,0.9995,99.4,4.0,5.75,99.4,100.0,60.9,7912.45,6403.08,0.0,19.4,396.38,0.0156,0.3791,5.4,0.0127,0.0029,8567095,32153993,0,0,0,0,EXP001_S001_stress.csv
2026-08-23T12:32:36.780,40,EXP001,S001,stress,1.0006,99.9,4.0,5.75,99.9,100.0,61.3,7970.2,6343.0,0.0,19.4,396.38,0.0,0.0,5.4,0.0166,0.002,8567117,32154086,0,0,0,0,EXP001_S001_stress.csv
2026-08-23T12:32:37.793,41,EXP001,S001,stress,1.0133,99.5,4.0,5.75,99.5,100.0,61.1,7942.95,6372.64,0.0,19.4,396.38,0.0154,0.2891,5.4,0.0135,0.0029,8567138,32154177,0,0,0,0,EXP001_S001_stress.csv
2026-08-23T12:32:38.779,42,EXP001,S001,stress,0.9856,99.5,4.0,5.75,99.5,100.0,60.2,7781.22,6527.92,0.0,19.4,396.38,0.5905,0.7728,5.4,0.0248,0.0059,8567173,32154295,0,0,0,0,EXP001_S001_stress.csv
2026-08-23T12:32:39.777,43,EXP001,S001,stress,0.9983,99.6,4.0,5.75,99.6,100.0,60.2,7781.16,6525.3,0.0,19.4,396.38,0.0,2.4535,5.4,0.0254,0.002,8567191,32154412,0,0,0,0,EXP001_S001_stress.csv
2026-08-23T12:32:40.776,44,EXP001,S001,stress,0.9991,99.8,4.0,6.41,99.8,100.0,60.2,7786.8,6525.06,0.0,19.4,396.38,1.0987,2.1622,5.4,0.0205,0.002,8567215,32154522,0,0,0,0,EXP001_S001_stress.csv
2026-08-23T12:32:41.778,45,EXP001,S001,stress,1.0018,99.6,4.0,6.41,99.6,100.0,60.1,7764.67,6544.97,0.0,19.4,396.38,0.0156,0.0,5.4,0.0224,0.0234,8567253,32154640,0,0,0,0,EXP001_S001_stress.csv
2026-08-23T12:32:42.790,46,EXP001,S001,stress,1.012,99.6,4.0,6.41,99.6,100.0,60.0,7758.86,6553.09,0.0,19.4,396.38,0.0,0.0,5.4,0.0222,0.0029,8567280,32154750,0,0,0,0,EXP001_S001_stress.csv
2026-08-23T12:32:43.776,47,EXP001,S001,stress,0.9856,99.3,4.0,6.41,99.3,100.0,59.9,7751.05,6564.89,0.0,19.4,396.38,0.0,0.0,5.4,0.0277,0.005,8567305,32154879,0,0,0,0,EXP001_S001_stress.csv
2026-08-23T12:32:44.777,48,EXP001,S001,stress,1.0008,99.5,4.0,6.41,99.5,100.0,59.9,7746.89,6570.33,0.0,19.4,396.38,0.0,0.0,5.4,0.0332,0.0049,8567334,32155018,0,0,0,0,EXP001_S001_stress.csv
2026-08-23T12:32:45.777,49,EXP001,S001,stress,1.0001,99.5,4.0,7.02,99.5,100.0,59.9,7742.7,6571.81,0.0,19.4,396.38,0.0,0.0039,5.4,0.0137,0.001,8567349,32155090,0,0,0,0,EXP001_S001_stress.csv
2026-08-23T12:32:46.775,50,EXP001,S001,stress,0.9985,99.5,4.0,7.02,99.5,100.0,59.9,7740.19,6575.59,0.0,19.4,396.38,0.0,0.0,5.4,0.0196,0.0049,8567377,32155185,0,0,0,0,EXP001_S001_stress.csv
2026-08-23T12:32:47.788,51,EXP001,S001,stress,1.0126,99.5,4.0,7.02,99.5,100.0,59.9,7738.27,6568.48,0.0,19.4,396.38,0.0,0.0039,5.4,0.0106,0.0039,8567405,32155262,0,0,0,0,EXP001_S001_stress.csv
2026-08-23T12:32:48.779,52,EXP001,S001,stress,0.991,14.3,4.0,7.02,14.14,34.3,60.1,7774.41,6540.22,0.0,19.4,396.38,0.0,0.0,5.4,0.0207,0.001,8567420,32155363,0,0,0,0,EXP001_S001_stress.csv
2026-08-23T12:32:49.775,53,EXP001,S001,stress,0.9966,8.8,4.0,7.02,8.88,26.5,59.9,7751.86,6564.97,0.0,19.4,396.38,0.0157,0.0,5.4,0.0216,0.0029,8567434,32155467,0,0,0,0,EXP001_S001_stress.csv
2026-08-23T12:32:50.779,54,EXP001,S001,stress,1.0034,8.1,4.0,6.54,8.24,29.0,59.9,7741.12,6573.31,0.0,19.4,396.38,0.0,0.0,5.4,0.0243,0.0029,8567459,32155586,0,0,0,0,EXP001_S001_stress.csv
2026-08-23T12:32:51.779,55,EXP001,S001,stress,1.0,8.8,4.0,6.54,8.67,29.0,59.9,7737.0,6574.55,0.0,19.4,396.38,0.0,0.0,5.4,0.0254,0.0068,8567482,32155695,0,0,0,0,EXP001_S001_stress.csv
2026-08-23T12:32:52.783,56,EXP001,S001,stress,1.0043,8.5,4.0,6.54,8.54,26.3,59.9,7733.22,6576.25,0.0,19.4,396.38,0.0,0.0,5.4,0.0156,0.0068,8567509,32155772,0,0,0,0,EXP001_S001_stress.csv
2026-08-23T12:32:53.779,57,EXP001,S001,stress,0.9957,8.8,4.0,6.54,8.83,28.0,59.9,7729.02,6577.11,0.0,19.4,396.38,0.0,0.0,5.4,0.0275,0.002,8567523,32155887,0,0,0,0,EXP001_S001_stress.csv
2026-08-23T12:32:54.779,58,EXP001,S001,stress,1.0,8.5,4.0,6.54,8.55,26.3,59.8,7727.03,6580.19,0.0,19.4,396.38,0.0,0.0,5.4,0.0449,0.0059,8567591,32156191,0,0,0,0,EXP001_S001_stress.csv
2026-08-23T12:32:55.779,59,EXP001,S001,stress,1.0,11.8,4.0,6.17,11.91,33.3,59.8,7727.03,6580.19,0.0,19.4,396.38,0.4063,0.5625,5.4,0.0244,0.0049,8567622,32156328,0,0,0,0,EXP001_S001_stress.csv
2026-08-23T12:32:56.778,60,EXP001,S001,stress,0.9989,9.0,4.0,6.17,8.99,30.3,60.0,7758.75,6554.23,0.0,19.4,396.38,0.0078,0.0078,5.4,0.0264,0.0078,8567650,32156448,0,0,0,0,EXP001_S001_stress.csv
2026-08-23T12:32:57.782,61,EXP001,S001,stress,1.0044,8.9,4.0,6.17,8.91,29.0,60.0,7763.42,6551.8,0.0,19.4,396.38,0.0,0.0,5.4,0.0253,0.0049,8567678,32156587,0,0,0,0,EXP001_S001_stress.csv
2026-08-23T12:32:58.779,62,EXP001,S001,stress,0.9968,9.1,4.0,6.17,9.16,28.3,59.9,7753.03,6563.31,0.0,19.4,396.38,0.0157,0.0,5.4,0.0216,0.002,8567695,32156729,0,0,0,0,EXP001_S001_stress.csv
2026-08-23T12:32:59.779,63,EXP001,S001,stress,1.0,8.6,4.0,6.17,8.72,28.3,59.9,7746.86,6566.47,0.0,19.4,396.38,0.0,0.0,5.4,0.0332,0.0078,8567729,32156865,0,0,0,0,EXP001_S001_stress.csv
2026-08-23T12:33:00.779,64,EXP001,S001,stress,1.0,10.2,4.0,5.68,10.16,31.0,60.8,7890.36,6423.55,0.0,19.4,396.38,0.0664,0.0039,5.4,0.0332,0.0107,8567767,32157020,0,0,0,0,EXP001_S001_stress.csv
2026-08-23T12:33:01.778,65,EXP001,S001,stress,0.9988,8.9,4.0,5.68,8.94,30.3,60.7,7878.25,6433.97,0.0,19.4,396.38,0.1251,0.176,5.4,0.0323,0.0059,8567801,32157168,0,0,0,0,EXP001_S001_stress.csv
2026-08-23T12:33:02.785,66,EXP001,S001,stress,1.0074,12.1,4.0,5.68,12.14,32.7,60.4,7825.7,6483.89,0.0,19.4,396.38,0.0,0.0039,5.4,0.0204,0.0019,8567813,32157266,0,0,0,0,EXP001_S001_stress.csv
2026-08-23T12:33:03.779,67,EXP001,S001,stress,0.9939,31.3,4.0,5.68,31.49,68.4,64.3,8027.31,5843.42,0.0,19.4,396.38,0.0511,1.2931,5.4,0.0305,0.0079,8567838,32157399,0,0,0,0,EXP001_S001_stress.csv
2026-08-23T12:33:04.774,68,EXP001,S001,stress,0.9953,46.3,4.0,5.68,46.2,80.8,64.2,7993.08,5861.3,0.0,19.4,396.38,14.604,0.1374,5.4,0.0157,0.002,8567853,32157475,0,0,0,0,EXP001_S001_stress.csv
2026-08-23T12:33:05.774,69,EXP001,S001,stress,0.9997,35.4,4.0,5.7,35.53,73.7,66.3,7499.17,5516.22,0.0,19.4,396.38,7.7602,0.0352,5.4,0.043,0.0078,8567897,32157618,0,0,0,0,EXP001_S001_stress.csv
2026-08-23T12:33:06.777,70,EXP001,S001,stress,1.0032,43.4,4.0,5.7,43.43,69.7,69.7,7098.67,4956.61,0.0,19.4,396.38,9.5826,2.0287,5.4,0.0389,0.0088,8567931,32157736,0,0,0,0,EXP001_S001_stress.csv
2026-08-23T12:33:07.781,71,EXP001,S001,stress,1.0033,16.1,4.0,5.7,16.14,42.4,69.6,7090.84,4988.09,0.0,19.4,396.38,0.7631,0.9656,5.4,0.5334,0.0107,8568014,32158301,0,0,0,0,EXP001_S001_stress.csv
2026-08-23T12:33:08.779,72,EXP001,S001,stress,0.9984,20.5,4.0,5.7,20.5,48.0,69.7,7132.77,4970.58,0.0,19.4,396.38,0.1174,0.0822,5.4,0.0098,0.0039,8568034,32158389,0,0,0,0,EXP001_S001_stress.csv
2026-08-23T12:33:09.774,73,EXP001,S001,stress,0.9952,14.6,4.0,5.7,14.66,33.7,69.7,7142.33,4968.53,0.0,19.4,396.38,1.2011,2.5984,5.4,0.0167,0.002,8568045,32158496,0,0,0,0,EXP001_S001_stress.csv
2026-08-23T12:33:10.776,74,EXP001,S001,stress,1.0016,17.8,4.0,5.33,17.88,41.4,69.6,7138.73,4986.75,0.0,19.4,396.38,0.3159,3.935,5.4,0.0078,0.0088,8568082,32158576,0,0,0,0,EXP001_S001_stress.csv
2026-08-23T12:33:11.779,75,EXP001,S001,stress,1.0031,17.4,4.0,5.33,17.5,37.0,69.6,7147.45,4980.22,0.0,19.4,396.38,0.8217,0.4089,5.4,0.0341,0.0107,8568116,32158747,0,0,0,0,EXP001_S001_stress.csv
2026-08-23T12:33:12.785,76,EXP001,S001,stress,1.0063,21.5,4.0,5.33,21.49,45.0,69.3,7160.8,5028.62,0.0,19.4,396.38,10.1627,0.4542,5.4,0.0126,0.0039,8568142,32158832,0,0,0,0,EXP001_S001_stress.csv
2026-08-23T12:33:13.779,77,EXP001,S001,stress,0.9937,17.6,4.0,5.33,17.56,41.4,69.3,7159.8,5028.38,0.0,19.4,396.38,0.3813,0.0786,5.4,0.0246,0.001,8568156,32158940,0,0,0,0,EXP001_S001_stress.csv
2026-08-23T12:33:14.779,78,EXP001,S001,stress,1.0,10.5,4.0,5.33,10.45,33.3,69.4,7172.03,5014.84,0.0,19.4,396.38,0.0,0.0,5.4,0.0195,0.0098,8568180,32159032,0,0,0,0,EXP001_S001_stress.csv
2026-08-23T12:33:15.775,79,EXP001,S001,stress,0.9955,15.0,4.0,5.33,14.99,41.4,69.2,7162.34,5044.86,0.0,19.4,396.38,6.5999,2.7977,5.4,0.0432,0.0265,8568249,32159196,0,0,0,0,EXP001_S001_stress.csv
2026-08-23T12:33:16.779,80,EXP001,S001,stress,1.0045,14.5,4.0,5.06,14.63,38.0,69.6,7236.17,4983.53,0.0,19.4,396.38,0.1672,0.4628,5.4,0.0418,0.0525,8568387,32159362,0,0,0,0,EXP001_S001_stress.csv
2026-08-23T12:33:17.783,81,EXP001,S001,stress,1.004,24.5,4.0,5.06,24.59,56.6,69.4,7246.47,5017.0,0.0,19.4,396.38,2.2917,0.7976,5.4,0.0545,0.037,8568508,32159554,0,0,0,0,EXP001_S001_stress.csv
2026-08-23T12:33:18.779,82,EXP001,S001,stress,0.996,24.5,4.0,5.06,24.56,52.0,68.6,7126.84,5148.67,0.0,19.4,396.38,16.6559,1.3177,5.4,0.0078,0.002,8568527,32159610,0,0,0,0,EXP001_S001_stress.csv
2026-08-23T12:33:19.778,83,EXP001,S001,stress,0.999,23.5,4.0,5.06,23.46,46.5,68.8,7175.41,5105.0,0.0,19.4,396.38,0.0,0.0039,5.4,0.0156,0.002,8568540,32159690,0,0,0,0,EXP001_S001_stress.csv
2026-08-23T12:33:20.779,84,EXP001,S001,stress,1.001,11.8,4.0,5.06,11.86,33.7,68.5,7136.08,5156.55,0.0,19.4,396.38,2.0643,0.757,5.4,0.0137,0.0029,8568563,32159761,0,0,0,0,EXP001_S001_stress.csv
2026-08-23T12:33:21.775,85,EXP001,S001,stress,0.9956,11.8,4.0,4.73,11.85,35.0,68.5,7137.22,5155.78,0.0,19.4,396.38,0.2982,0.1726,5.4,0.0922,0.0128,8568614,32159941,0,0,0,0,EXP001_S001_stress.csv
2026-08-23T12:33:22.785,86,EXP001,S001,stress,1.0107,19.6,4.0,4.73,19.76,41.0,69.2,7310.61,5051.8,0.0,19.4,396.38,16.2749,9.5308,5.4,0.0676,0.0106,8568669,32160097,0,0,0,0,EXP001_S001_stress.csv
2026-08-23T12:33:23.779,87,EXP001,S001,stress,0.9937,12.3,4.0,4.73,12.21,37.4,68.8,7238.02,5119.44,0.0,19.4,396.38,5.5229,0.0825,5.4,0.0383,0.0029,8568690,32160258,0,0,0,0,EXP001_S001_stress.csv
2026-08-23T12:33:24.778,88,EXP001,S001,stress,0.9988,12.9,4.0,4.73,12.98,37.4,68.2,7163.97,5210.28,0.0,19.4,396.38,2.8471,0.2112,5.4,0.0244,0.0039,8568712,32160385,0,0,0,0,EXP001_S001_stress.csv
2026-08-23T12:33:25.778,89,EXP001,S001,stress,0.9998,9.8,4.0,4.73,9.8,28.3,68.2,7171.38,5207.14,0.0,19.4,396.38,0.0313,0.0234,5.4,0.044,0.0078,8568738,32160561,0,0,0,0,EXP001_S001_stress.csv
2026-08-23T12:33:26.779,90,EXP001,S001,stress,1.0014,8.1,4.0,4.52,8.09,26.3,67.9,7129.48,5252.84,0.0,19.4,396.38,0.0,0.0,5.4,0.0146,0.0049,8568764,32160647,0,0,0,0,EXP001_S001_stress.csv
2026-08-23T12:33:27.785,91,EXP001,S001,stress,1.0063,9.9,4.0,4.52,9.98,31.0,68.3,7183.75,5201.17,0.0,19.4,396.38,0.3571,0.0,5.4,0.0272,0.0029,8568781,32160781,0,0,0,0,EXP001_S001_stress.csv
2026-08-23T12:33:28.779,92,EXP001,S001,stress,0.9937,8.3,4.0,4.52,8.29,26.5,67.9,7131.31,5251.77,0.0,19.4,396.38,0.0314,0.0,5.4,0.0039,0.001,8568795,32160812,0,0,0,0,EXP001_S001_stress.csv
2026-08-23T12:33:29.779,93,EXP001,S001,stress,1.0,9.5,4.0,4.52,9.5,32.7,68.4,7206.25,5174.5,0.0,19.4,396.38,0.0391,0.0,5.4,0.04,0.002,8568807,32160968,0,0,0,0,EXP001_S001_stress.csv
2026-08-23T12:33:30.779,94,EXP001,S001,stress,1.0,8.8,4.0,4.52,8.86,25.5,68.4,7206.25,5174.5,0.0,19.4,396.38,0.0391,1.0273,5.4,0.0088,0.0029,8568824,32161008,0,0,0,0,EXP001_S001_stress.csv
2026-08-23T12:33:31.777,95,EXP001,S001,stress,0.9981,8.0,4.0,4.31,8.14,28.0,67.8,7125.34,5268.25,0.0,19.4,396.38,0.0,0.0,5.4,0.0176,0.0068,8568846,32161092,0,0,0,0,EXP001_S001_stress.csv
2026-08-23T12:33:32.785,96,EXP001,S001,stress,1.0082,10.7,4.0,4.31,10.75,30.0,67.8,7121.31,5276.53,0.0,19.4,396.38,0.0349,0.0039,5.4,0.0145,0.0029,8568868,32161182,0,0,0,0,EXP001_S001_stress.csv
2026-08-23T12:33:33.779,97,EXP001,S001,stress,0.9938,7.7,4.0,4.31,7.51,26.5,67.7,7117.92,5290.92,0.0,19.4,396.38,0.0,0.0983,5.4,0.0354,0.002,8568881,32161342,0,0,0,0,EXP001_S001_stress.csv
2026-08-23T12:33:34.778,98,EXP001,S001,stress,0.9986,9.0,4.0,4.31,9.0,31.0,67.7,7118.72,5290.25,0.0,19.4,396.38,0.6884,0.0,5.4,0.0078,0.0029,8568904,32161415,0,0,0,0,EXP001_S001_stress.csv
2026-08-23T12:33:35.779,99,EXP001,S001,stress,1.0014,8.8,4.0,4.31,8.86,30.3,67.6,7108.36,5307.92,0.0,19.4,396.38,0.0624,0.0585,5.4,0.0312,0.0049,8568930,32161571,0,0,0,0,EXP001_S001_stress.csv
2026-08-23T12:33:36.779,100,EXP001,S001,stress,1.0,10.0,4.0,4.05,10.1,30.0,47.8,3864.62,8549.05,0.0,19.4,396.38,0.043,0.0,5.4,0.0049,0.0078,8568952,32161617,0,0,0,0,EXP001_S001_stress.csv
2026-08-23T12:33:37.782,101,EXP001,S001,stress,1.0029,8.4,4.0,4.05,8.34,27.3,47.9,3877.92,8534.3,0.0,19.4,396.38,0.0,0.0,5.4,0.0292,0.0019,8568966,32161751,0,0,0,0,EXP001_S001_stress.csv
2026-08-23T12:33:38.779,102,EXP001,S001,stress,0.9971,8.9,4.0,4.05,9.05,28.0,47.9,3881.78,8531.28,0.0,19.4,396.38,0.0,0.0,5.4,0.0127,0.0059,8568988,32161854,0,0,0,0,EXP001_S001_stress.csv
2026-08-23T12:33:39.779,103,EXP001,S001,stress,0.9998,9.1,4.0,4.05,9.05,28.3,47.9,3876.05,8538.62,0.0,19.4,396.38,0.0,1.2893,5.4,0.0371,0.0049,8569029,32162030,0,0,0,0,EXP001_S001_stress.csv
2026-08-23T12:33:40.777,104,EXP001,S001,stress,0.9982,9.6,4.0,4.05,9.65,29.3,47.9,3876.25,8540.59,0.0,19.4,396.38,0.0117,7.0165,5.4,0.0137,0.002,8569046,32162120,0,0,0,0,EXP001_S001_stress.csv
2026-08-23T12:33:41.779,105,EXP001,S001,stress,1.002,8.4,4.0,3.88,8.43,27.3,47.9,3877.3,8538.58,0.0,19.4,396.38,0.0,0.0,5.4,0.0312,0.001,8569062,32162281,0,0,0,0,EXP001_S001_stress.csv
2026-08-23T12:33:42.786,106,EXP001,S001,stress,1.0062,8.0,4.0,3.88,8.02,26.3,47.9,3876.17,8536.08,0.0,19.4,396.38,0.0,0.0,5.4,0.0223,0.0049,8569085,32162419,0,0,0,0,EXP001_S001_stress.csv
2026-08-23T12:33:43.779,107,EXP001,S001,stress,0.9937,10.2,4.0,3.88,10.22,28.0,48.4,3961.8,8460.41,0.0,19.4,396.38,0.0275,0.7193,5.4,0.0383,0.0049,8569108,32162606,0,0,0,0,EXP001_S001_stress.csv
2026-08-23T12:33:44.779,108,EXP001,S001,stress,1.0,8.6,4.0,3.88,8.67,28.3,48.7,4014.14,8410.28,0.0,19.4,396.38,0.0234,0.0781,5.4,0.0156,0.0195,8569165,32162705,0,0,0,0,EXP001_S001_stress.csv
2026-08-23T12:33:45.779,109,EXP001,S001,stress,1.0,8.0,4.0,3.88,8.04,30.3,48.6,4014.92,8413.92,0.0,19.4,396.38,0.0078,0.0,5.4,0.0264,0.0098,8569198,32162827,0,0,0,0,EXP001_S001_stress.csv
2026-08-23T12:33:46.776,110,EXP001,S001,stress,0.9966,8.6,4.0,3.73,8.65,29.0,48.7,4014.39,8412.0,0.0,19.4,396.38,0.0039,0.0039,5.4,0.0157,0.0108,8569247,32162915,0,0,0,0,EXP001_S001_stress.csv
2026-08-23T12:33:47.785,111,EXP001,S001,stress,1.0088,9.4,4.0,3.73,9.36,31.0,49.6,4172.23,8252.75,0.0,19.4,396.38,0.0,0.0039,5.4,0.0358,0.0097,8569280,32163103,0,0,0,0,EXP001_S001_stress.csv
2026-08-23T12:33:48.779,112,EXP001,S001,stress,0.9946,9.3,4.0,3.73,9.27,31.3,49.6,4167.61,8256.97,0.0,19.4,396.38,0.0,0.0,5.4,0.0039,0.0049,8569305,32163161,0,0,0,0,EXP001_S001_stress.csv
2026-08-23T12:33:49.779,113,EXP001,S001,stress,1.0,8.5,4.0,3.73,8.58,29.3,49.5,4161.97,8268.69,0.0,19.4,396.38,0.0,0.0,5.4,0.0166,0.0117,8569360,32163259,0,0,0,0,EXP001_S001_stress.csv
2026-08-23T12:33:50.779,114,EXP001,S001,stress,1.0,8.8,4.0,3.73,8.82,28.3,49.3,4128.95,8305.52,0.0,19.4,396.38,0.0,0.0,5.4,0.0107,0.0117,8569402,32163358,0,0,0,0,EXP001_S001_stress.csv
2026-08-23T12:33:51.779,115,EXP001,S001,stress,1.0,11.3,4.0,3.59,11.36,28.3,49.5,4156.09,8275.59,0.0,19.4,396.38,0.0664,838.006,5.4,0.0195,0.0088,8569434,32163466,0,0,0,0,EXP001_S001_stress.csv
2026-08-23T12:33:52.786,116,EXP001,S001,stress,1.0062,20.4,4.0,3.59,20.4,39.6,49.5,4169.19,8269.47,0.0,19.4,396.38,3.1522,2406.9773,5.5,0.0049,0.0039,8569456,32163513,0,0,0,0,EXP001_S001_stress.csv
2026-08-23T12:33:53.779,117,EXP001,S001,stress,0.9938,19.5,4.0,3.59,19.51,50.5,49.7,4189.75,8248.02,0.0,19.4,396.38,7.9833,841.2429,5.5,0.0138,0.0039,8569479,32163601,0,0,0,0,EXP001_S001_stress.csv
2026-08-23T12:33:54.776,118,EXP001,S001,stress,0.9967,8.3,4.0,3.59,8.28,30.3,49.5,4170.94,8266.98,0.0,19.4,396.38,2.2064,0.0,5.5,0.0098,0.0039,8569497,32163660,0,0,0,0,EXP001_S001_stress.csv
2026-08-23T12:33:55.779,119,EXP001,S001,stress,1.0031,8.3,4.0,3.59,8.34,28.3,49.5,4160.84,8278.52,0.0,19.4,396.38,0.0,0.0,5.5,0.035,0.0146,8569568,32163835,0,0,0,0,EXP001_S001_stress.csv
2026-08-23T12:33:56.779,120,EXP001,S001,stress,1.0001,8.5,4.0,3.63,8.51,28.3,49.4,4153.09,8284.47,0.0,19.4,396.38,0.0039,0.0,5.5,0.0127,0.0107,8569619,32163926,0,0,0,0,EXP001_S001_stress.csv
2026-08-23T12:33:57.786,121,EXP001,S001,stress,1.0062,10.4,4.0,3.63,10.37,31.7,50.1,4265.86,8171.09,0.0,19.4,396.38,0.0,0.0,5.5,0.0262,0.0126,8569680,32164068,0,0,0,0,EXP001_S001_stress.csv
2026-08-23T12:33:58.779,122,EXP001,S001,stress,0.9938,9.8,4.0,3.63,9.82,31.3,50.0,4253.75,8185.19,0.0,19.4,396.38,0.0,0.0,5.5,0.0088,0.0177,8569739,32164143,0,0,0,0,EXP001_S001_stress.csv
2026-08-23T12:33:59.779,123,EXP001,S001,stress,1.0,9.9,4.0,3.63,9.94,30.6,50.0,4252.64,8190.7,0.0,19.4,396.38,0.0039,0.0,5.5,0.0342,0.0146,8569803,32164305,0,0,0,0,EXP001_S001_stress.csv
2026-08-23T12:34:00.779,124,EXP001,S001,stress,1.0,10.9,4.0,3.63,10.96,32.0,50.6,4401.11,8093.08,0.0,19.4,396.38,6.1133,1.0469,5.5,0.0166,0.0176,8569850,32164407,0,0,0,0,EXP001_S001_stress.csv
2026-08-23T12:34:01.779,125,EXP001,S001,stress,1.0,8.6,4.0,3.5,8.66,28.3,50.6,4403.02,8091.42,0.0,19.4,396.38,0.0,0.0,5.5,0.0137,0.0137,8569900,32164486,0,0,0,0,EXP001_S001_stress.csv
2026-08-23T12:34:02.786,126,EXP001,S001,stress,1.0063,8.7,4.0,3.5,8.84,27.7,50.3,4358.58,8138.58,0.0,19.4,396.38,0.0,0.0039,5.5,0.0126,0.0068,8569935,32164555,0,0,0,0,EXP001_S001_stress.csv
2026-08-23T12:34:03.779,127,EXP001,S001,stress,0.9937,8.4,4.0,3.5,8.38,27.3,50.3,4358.58,8138.58,0.0,19.4,396.38,0.0,0.0,5.5,0.0216,0.0039,8569963,32164665,0,0,0,0,EXP001_S001_stress.csv
2026-08-23T12:34:04.777,128,EXP001,S001,stress,0.9977,9.3,4.0,3.5,9.25,26.3,50.1,4317.05,8177.11,0.0,19.4,396.38,0.047,0.0,5.5,0.0157,0.0059,8569997,32164772,0,0,0,0,EXP001_S001_stress.csv
2026-08-23T12:34:05.780,129,EXP001,S001,stress,1.0024,8.3,4.0,3.5,8.34,26.3,50.0,4296.25,8192.16,0.0,19.4,396.38,0.0234,0.0,5.5,0.0185,0.0049,8570033,32164858,0,0,0,0,EXP001_S001_stress.csv
2026-08-23T12:34:06.776,130,EXP001,S001,stress,0.9966,8.2,4.0,3.46,8.19,26.3,49.9,4284.44,8206.78,0.0,19.4,396.38,0.0157,0.6036,5.5,0.0098,0.0029,8570051,32164916,0,0,0,0,EXP001_S001_stress.csv
2026-08-23T12:34:07.786,131,EXP001,S001,stress,1.0096,8.4,4.0,3.46,8.54,28.7,49.8,4274.77,8218.88,0.0,19.4,396.38,0.0,0.0,5.5,0.0077,0.0039,8570080,32164991,0,0,0,0,EXP001_S001_stress.csv
2026-08-23T12:34:08.780,132,EXP001,S001,stress,0.9937,11.2,4.0,3.46,11.09,31.6,50.2,4333.14,8165.91,0.0,19.4,396.38,5.2634,0.0354,5.5,0.0138,0.0157,8570137,32165063,0,0,0,0,EXP001_S001_stress.csv
2026-08-23T12:34:09.780,133,EXP001,S001,stress,1.0,9.5,4.0,3.46,9.56,27.0,50.1,4326.66,8174.0,0.0,19.4,396.38,0.0,1.4844,5.5,0.0068,0.0146,8570192,32165133,0,0,0,0,EXP001_S001_stress.csv
2026-08-23T12:34:10.780,134,EXP001,S001,stress,1.0,10.1,4.0,3.46,10.25,27.6,50.0,4308.03,8192.48,0.0,19.4,396.38,0.1758,0.8789,5.5,0.0068,0.0049,8570220,32165181,0,0,0,0,EXP001_S001_stress.csv
2026-08-23T12:34:11.780,135,EXP001,S001,stress,1.0,11.0,4.0,3.26,10.96,30.3,50.0,4302.31,8197.78,0.0,19.4,396.38,0.2734,0.0,5.5,0.0313,0.0146,8570277,32165321,0,0,0,0,EXP001_S001_stress.csv
2026-08-23T12:34:12.786,136,EXP001,S001,stress,1.0063,10.4,4.0,3.26,10.48,33.0,49.9,4299.77,8200.8,0.0,19.4,396.38,0.0,0.0,5.5,0.0097,0.0029,8570302,32165381,0,0,0,0,EXP001_S001_stress.csv
2026-08-23T12:34:13.780,137,EXP001,S001,stress,0.9937,9.6,4.0,3.26,9.61,33.3,49.9,4296.03,8203.83,0.0,19.4,396.38,0.0,0.0,5.5,0.0128,0.0029,8570315,32165468,0,0,0,0,EXP001_S001_stress.csv
2026-08-23T12:34:14.780,138,EXP001,S001,stress,1.0,11.4,4.0,3.26,11.53,34.3,49.9,4299.31,8205.03,0.0,19.4,396.38,0.0195,0.75,5.5,0.0059,0.002,8570329,32165527,0,0,0,0,EXP001_S001_stress.csv
2026-08-23T12:34:15.780,139,EXP001,S001,stress,1.0,9.9,4.0,3.26,9.85,32.3,50.0,4324.52,8185.05,0.0,19.4,396.38,2.0273,0.5,5.5,0.0098,0.0059,8570347,32165592,0,0,0,0,EXP001_S001_stress.csv
2026-08-23T12:34:16.776,140,EXP001,S001,stress,0.9961,10.7,4.0,3.08,10.79,31.3,50.0,4324.52,8185.05,0.0,19.4,396.38,0.0,0.0,5.5,0.0304,0.0059,8570381,32165712,0,0,0,0,EXP001_S001_stress.csv
2026-08-23T12:34:17.786,141,EXP001,S001,stress,1.0102,12.6,4.0,3.08,12.54,31.0,50.1,4327.91,8181.53,0.0,19.4,396.38,0.0387,0.0425,5.5,0.0106,0.0019,8570393,32165790,0,0,0,0,EXP001_S001_stress.csv
2026-08-23T12:34:18.780,142,EXP001,S001,stress,0.9937,12.9,4.0,3.08,12.95,34.3,50.1,4339.23,8169.84,0.0,19.4,396.38,5.5858,0.0,5.5,0.0069,0.001,8570406,32165858,0,0,0,0,EXP001_S001_stress.csv
2026-08-23T12:34:19.780,143,EXP001,S001,stress,1.0,9.3,4.0,3.08,9.37,31.3,50.0,4314.81,8193.61,0.0,19.4,396.38,0.0,0.0,5.5,0.0068,0.002,8570421,32165902,0,0,0,0,EXP001_S001_stress.csv
2026-08-23T12:34:20.776,144,EXP001,S001,stress,0.9966,9.7,4.0,3.08,9.66,32.3,50.0,4309.28,8195.5,0.0,19.4,396.38,0.0,0.0,5.5,0.0206,0.0088,8570448,32166019,0,0,0,0,EXP001_S001_stress.csv
2026-08-23T12:34:21.776,145,EXP001,S001,stress,0.9995,8.1,4.0,2.91,8.14,26.3,49.9,4305.33,8201.16,0.0,19.4,396.38,0.0,0.0,5.5,0.0107,0.0068,8570472,32166105,0,0,0,0,EXP001_S001_stress.csv
2026-08-23T12:34:22.786,146,EXP001,S001,stress,1.0101,9.8,4.0,2.91,9.87,27.0,49.9,4301.03,8208.56,0.0,19.4,396.38,0.0,0.0116,5.5,0.0068,0.001,8570483,32166169,0,0,0,0,EXP001_S001_stress.csv
2026-08-23T12:34:23.780,147,EXP001,S001,stress,0.9937,8.8,4.0,2.91,8.78,27.3,49.9,4296.92,8210.31,0.0,19.4,396.38,0.0,0.0,5.5,0.0059,0.0029,8570499,32166209,0,0,0,0,EXP001_S001_stress.csv
2026-08-23T12:34:24.779,148,EXP001,S001,stress,0.999,91.5,4.0,2.91,91.57,94.0,68.3,7318.92,5190.56,0.0,19.4,396.38,1.9707,1025.5391,5.6,0.0029,0.001,8570513,32166246,0,0,0,0,EXP001_S001_stress.csv
2026-08-23T12:34:25.780,149,EXP001,S001,stress,1.001,99.4,4.0,2.91,99.4,100.0,67.7,7215.38,5296.52,0.0,19.4,396.38,0.1171,1.5063,5.6,0.0029,0.002,8570530,32166289,0,0,0,0,EXP001_S001_stress.csv
2026-08-23T12:34:26.781,150,EXP001,S001,stress,1.0016,99.7,4.0,3.72,99.7,100.0,67.6,7208.45,5301.75,0.0,19.4,396.38,1.0023,0.0,5.6,0.0117,0.0049,8570555,32166364,0,0,0,0,EXP001_S001_stress.csv
2026-08-23T12:34:27.788,151,EXP001,S001,stress,1.0071,99.2,4.0,3.72,99.2,100.0,67.6,7205.22,5307.38,0.0,19.4,396.38,0.0815,0.0,5.6,0.0223,0.0097,8570603,32166490,0,0,0,0,EXP001_S001_stress.csv
2026-08-23T12:34:28.779,152,EXP001,S001,stress,0.9906,99.4,4.0,3.72,99.4,100.0,67.6,7195.73,5310.22,0.0,19.4,396.38,0.0158,0.0,5.6,0.0187,0.0059,8570635,32166591,0,0,0,0,EXP001_S001_stress.csv
2026-08-23T12:34:29.780,153,EXP001,S001,stress,1.0007,99.7,4.0,3.72,99.7,100.0,67.6,7191.77,5315.33,0.0,19.4,396.38,0.0156,0.0,5.6,0.0088,0.002,8570645,32166643,0,0,0,0,EXP001_S001_stress.csv
2026-08-23T12:34:30.777,154,EXP001,S001,stress,0.9968,99.5,4.0,3.72,99.5,100.0,67.6,7191.77,5315.33,0.0,19.4,396.38,0.0157,0.6466,5.6,0.0372,0.0049,8570661,32166803,0,0,0,0,EXP001_S001_stress.csv
2026-08-23T12:34:31.782,155,EXP001,S001,stress,1.0058,99.6,4.0,4.3,99.6,100.0,67.5,7190.8,5318.16,0.0,19.4,396.38,0.1204,0.0,5.6,0.0165,0.0136,8570695,32166896,0,0,0,0,EXP001_S001_stress.csv
2026-08-23T12:34:32.796,156,EXP001,S001,stress,1.0135,99.4,4.0,4.3,99.4,100.0,67.5,7192.42,5318.67,0.0,19.4,396.38,0.0231,0.0039,5.6,0.0125,0.001,8570707,32166976,0,0,0,0,EXP001_S001_stress.csv
2026-08-23T12:34:33.781,157,EXP001,S001,stress,0.9848,99.6,4.0,4.3,99.6,100.0,67.6,7196.69,5311.19,0.0,19.4,396.38,0.0,0.0,5.6,0.0258,0.004,8570725,32167094,0,0,0,0,EXP001_S001_stress.csv
2026-08-23T12:34:34.778,158,EXP001,S001,stress,0.9978,99.5,4.0,4.3,99.5,100.0,67.5,7191.81,5320.03,0.0,19.4,396.38,0.1096,0.0078,5.6,0.0117,0.002,8570738,32167163,0,0,0,0,EXP001_S001_stress.csv
2026-08-23T12:34:35.775,159,EXP001,S001,stress,0.9965,99.5,4.0,4.3,99.5,100.0,67.4,7166.44,5347.55,0.0,19.4,396.38,0.0157,0.0,5.6,0.0069,0.001,8570750,32167212,0,0,0,0,EXP001_S001_stress.csv
2026-08-23T12:34:36.780,160,EXP001,S001,stress,1.0052,99.6,4.0,4.84,99.6,100.0,67.4,7167.88,5341.28,0.0,19.4,396.38,0.1554,0.0,5.6,0.0058,0.0029,8570766,32167266,0,0,0,0,EXP001_S001_stress.csv
2026-08-23T12:34:37.791,161,EXP001,S001,stress,1.011,99.4,4.0,4.84,99.4,100.0,67.4,7168.34,5343.84,0.0,19.4,396.38,0.0811,0.0232,5.6,0.0097,0.0058,8570790,32167325,0,0,0,0,EXP001_S001_stress.csv
2026-08-23T12:34:38.782,162,EXP001,S001,stress,0.9912,99.7,4.0,4.84,99.7,100.0,67.3,7163.05,5350.61,0.0,19.4,396.38,0.0,0.0,5.6,0.0069,0.001,8570801,32167373,0,0,0,0,EXP001_S001_stress.csv
2026-08-23T12:34:39.786,163,EXP001,S001,stress,1.0034,99.4,4.0,4.84,99.4,100.0,67.4,7162.89,5349.3,0.0,19.4,396.38,0.0,1.3586,5.6,0.0204,0.0088,8570841,32167483,0,0,0,0,EXP001_S001_stress.csv
2026-08-23T12:34:40.780,164,EXP001,S001,stress,0.9937,99.6,4.0,4.84,99.6,100.0,67.4,7166.8,5348.12,0.0,19.4,396.38,0.0943,1.3837,5.6,0.0285,0.0039,8570864,32167604,0,0,0,0,EXP001_S001_stress.csv
2026-08-23T12:34:41.781,165,EXP001,S001,stress,1.0014,99.4,4.0,5.33,99.4,100.0,67.3,7166.92,5350.11,0.0,19.4,396.38,0.0,0.0,5.6,0.0146,0.001,8570876,32167682,0,0,0,0,EXP001_S001_stress.csv
2026-08-23T12:34:42.788,166,EXP001,S001,stress,1.0069,99.5,4.0,5.33,99.5,100.0,67.4,7169.12,5347.98,0.0,19.4,396.38,0.0,0.0,5.6,0.0136,0.0078,8570904,32167773,0,0,0,0,EXP001_S001_stress.csv
2026-08-23T12:34:43.780,167,EXP001,S001,stress,0.992,99.5,4.0,5.33,99.5,100.0,67.4,7168.98,5345.05,0.0,19.4,396.38,0.0,0.0,5.6,0.0207,0.003,8570921,32167863,0,0,0,0,EXP001_S001_stress.csv
2026-08-23T12:34:44.777,168,EXP001,S001,stress,0.9975,99.4,4.0,5.33,99.4,100.0,67.4,7168.48,5342.91,0.0,19.4,396.38,0.0,0.0,5.6,0.0176,0.0039,8570943,32167956,0,0,0,0,EXP001_S001_stress.csv
2026-08-23T12:34:45.777,169,EXP001,S001,stress,1.0,99.4,4.0,5.33,99.4,100.0,67.5,7191.23,5321.66,0.0,19.4,396.38,0.0273,0.875,5.6,0.0107,0.0049,8570968,32168015,0,0,0,0,EXP001_S001_stress.csv
2026-08-23T12:34:46.779,170,EXP001,S001,stress,1.0012,99.7,4.0,5.86,99.7,100.0,67.6,7207.77,5302.62,0.0,19.4,396.38,0.0,0.0,5.6,0.0107,0.002,8570979,32168056,0,0,0,0,EXP001_S001_stress.csv
2026-08-23T12:34:47.787,171,EXP001,S001,stress,1.008,99.4,4.0,5.86,99.4,100.0,67.6,7203.77,5309.84,0.0,19.4,396.38,0.0,0.0039,5.6,0.0242,0.0019,8570997,32168173,0,0,0,0,EXP001_S001_stress.csv
2026-08-23T12:34:48.780,172,EXP001,S001,stress,0.9935,99.4,4.0,5.86,99.4,100.0,67.6,7199.5,5315.36,0.0,19.4,396.38,0.0,0.0,5.6,0.0206,0.0039,8571014,32168266,0,0,0,0,EXP001_S001_stress.csv
2026-08-23T12:34:49.781,173,EXP001,S001,stress,1.0005,99.6,4.0,5.86,99.6,100.0,67.5,7197.64,5319.28,0.0,19.4,396.38,0.0,0.0,5.6,0.0137,0.0029,8571030,32168328,0,0,0,0,EXP001_S001_stress.csv
2026-08-23T12:34:50.776,174,EXP001,S001,stress,0.9954,99.6,4.0,5.86,99.6,100.0,67.5,7198.02,5316.91,0.0,19.4,396.38,0.0,0.0785,5.6,0.0186,0.0039,8571054,32168411,0,0,0,0,EXP001_S001_stress.csv
2026-08-23T12:34:51.780,175,EXP001,S001,stress,1.004,99.5,4.0,6.28,99.5,100.0,67.5,7198.27,5318.56,0.0,19.4,396.38,0.0117,0.0,5.6,0.0117,0.0078,8571083,32168500,0,0,0,0,EXP001_S001_stress.csv
2026-08-23T12:34:52.787,176,EXP001,S001,stress,1.0071,99.5,4.0,6.28,99.5,100.0,67.6,7203.28,5312.66,0.0,19.4,396.38,0.0,0.0,5.6,0.0097,0.0068,8571101,32168552,0,0,0,0,EXP001_S001_stress.csv
2026-08-23T12:34:53.777,177,EXP001,S001,stress,0.9899,99.2,4.0,6.28,99.2,100.0,67.6,7202.66,5310.66,0.0,19.4,396.38,0.0,0.0,5.6,0.0296,0.002,8571116,32168684,0,0,0,0,EXP001_S001_stress.csv
2026-08-23T12:34:54.776,178,EXP001,S001,stress,0.999,20.9,4.0,6.28,20.89,35.7,49.6,4259.89,8250.7,0.0,19.4,396.38,0.0,0.0,5.6,0.0284,0.0049,8571134,32168830,0,0,0,0,EXP001_S001_stress.csv
2026-08-23T12:34:55.780,179,EXP001,S001,stress,1.0039,7.9,4.0,6.28,7.89,29.0,49.5,4245.98,8266.08,0.0,19.4,396.38,0.0,0.0,5.6,0.0214,0.001,8571144,32168908,0,0,0,0,EXP001_S001_stress.csv
2026-08-23T12:34:56.780,180,EXP001,S001,stress,1.0,7.6,4.0,6.01,7.61,27.0,49.5,4246.23,8267.19,0.0,19.4,396.38,0.0,0.0,5.6,0.0117,0.001,8571158,32168975,0,0,0,0,EXP001_S001_stress.csv
2026-08-23T12:34:57.785,181,EXP001,S001,stress,1.0049,8.4,4.0,6.01,8.36,28.0,49.6,4246.86,8264.5,0.0,19.4,396.38,0.0,0.0,5.6,0.0155,0.0029,8571173,32169072,0,0,0,0,EXP001_S001_stress.csv
2026-08-23T12:34:58.780,182,EXP001,S001,stress,0.9951,8.2,4.0,6.01,8.21,29.3,49.6,4246.94,8261.83,0.0,19.4,396.38,0.0,0.0,5.6,0.0147,0.0039,8571192,32169154,0,0,0,0,EXP001_S001_stress.csv
2026-08-23T12:34:59.780,183,EXP001,S001,stress,1.0,8.7,4.0,6.01,8.77,27.6,49.6,4251.03,8262.66,0.0,19.4,396.38,0.0508,0.043,5.6,0.0215,0.0107,8571231,32169275,0,0,0,0,EXP001_S001_stress.csv
2026-08-23T12:35:00.780,184,EXP001,S001,stress,1.0,9.8,4.0,6.01,9.76,30.7,50.4,4393.66,8128.45,0.0,19.4,396.38,2.0352,0.0,5.6,0.0176,0.0059,8571259,32169393,0,0,0,0,EXP001_S001_stress.csv
2026-08-23T12:35:01.780,185,EXP001,S001,stress,1.0,7.9,4.0,5.61,7.98,26.5,50.4,4385.47,8134.28,0.0,19.4,396.38,0.0,0.0,5.6,0.0166,0.0068,8571276,32169490,0,0,0,0,EXP001_S001_stress.csv
2026-08-23T12:35:02.786,186,EXP001,S001,stress,1.0056,8.6,4.0,5.61,8.66,27.7,50.2,4365.78,8153.64,0.0,19.4,396.38,0.6409,0.0039,5.6,0.0291,0.0058,8571307,32169624,0,0,0,0,EXP001_S001_stress.csv
2026-08-23T12:35:03.780,187,EXP001,S001,stress,0.9944,9.4,4.0,5.61,9.49,29.3,50.2,4358.66,8164.2,0.0,19.4,396.38,0.0,0.0,5.6,0.0147,0.0069,8571327,32169704,0,0,0,0,EXP001_S001_stress.csv
2026-08-23T12:35:04.778,188,EXP001,S001,stress,0.9975,8.6,4.0,5.61,8.53,26.5,50.1,4347.02,8177.27,0.0,19.4,396.38,0.0,0.0,5.6,0.0157,0.0039,8571350,32169780,0,0,0,0,EXP001_S001_stress.csv
2026-08-23T12:35:05.780,189,EXP001,S001,stress,1.0025,8.4,4.0,5.61,8.43,29.0,50.8,4459.55,8056.52,0.0,19.4,396.38,0.0156,0.0,5.6,0.0195,0.0088,8571382,32169895,0,0,0,0,EXP001_S001_stress.csv
2026-08-23T12:35:06.780,190,EXP001,S001,stress,1.0,14.1,4.0,5.24,14.13,32.3,51.7,4619.19,7916.06,0.0,19.4,396.38,9.6676,2.2655,5.6,0.0293,0.0068,8571428,32170045,0,0,0,0,EXP001_S001_stress.csv
2026-08-23T12:35:07.786,191,EXP001,S001,stress,1.0062,15.8,4.0,5.24,15.8,39.0,51.9,4662.11,7873.69,0.0,19.4,396.38,0.0543,0.0078,5.6,0.0068,0.0019,8571450,32170106,0,0,0,0,EXP001_S001_stress.csv
2026-08-23T12:35:08.780,192,EXP001,S001,stress,0.9937,21.9,4.0,5.24,21.97,41.4,51.9,4731.05,7876.83,0.0,19.4,396.38,0.0,0.0,5.6,0.0128,0.0088,8571489,32170197,0,0,0,0,EXP001_S001_stress.csv
2026-08-23T12:35:09.780,193,EXP001,S001,stress,1.0,13.8,4.0,5.24,13.79,35.4,52.4,4821.39,7797.69,0.0,19.4,396.38,0.0586,3.5273,5.4,0.0117,0.0039,8571520,32170283,0,0,0,0,EXP001_S001_stress.csv
2026-08-23T12:35:10.779,194,EXP001,S001,stress,0.9987,11.0,4.0,5.24,11.17,30.3,52.4,4821.39,7797.69,0.0,19.4,396.38,0.0,0.7275,5.4,0.0235,0.0088,8571572,32170407,0,0,0,0,EXP001_S001_stress.csv
2026-08-23T12:35:11.777,195,EXP001,S001,stress,0.998,12.7,4.0,4.98,12.77,37.8,52.3,4793.09,7817.39,0.0,19.4,396.38,0.3679,0.0,5.4,0.0313,0.0088,8571617,32170559,0,0,0,0,EXP001_S001_stress.csv
2026-08-23T12:35:12.786,196,EXP001,S001,stress,1.0095,11.4,4.0,4.98,11.33,35.6,52.1,4760.58,7848.14,0.0,19.4,396.38,0.0,0.3715,5.4,0.0116,0.0039,8571645,32170631,0,0,0,0,EXP001_S001_stress.csv
2026-08-23T12:35:13.780,197,EXP001,S001,stress,0.9937,10.3,4.0,4.98,10.29,31.6,52.5,4821.94,7789.56,0.0,19.4,396.38,0.0,0.0,5.4,0.0275,0.0039,8571673,32170768,0,0,0,0,EXP001_S001_stress.csv
2026-08-23T12:35:14.780,198,EXP001,S001,stress,1.0,9.3,4.0,4.98,9.31,31.0,52.2,4781.89,7832.19,0.0,19.4,396.38,0.0,0.0,5.4,0.0391,0.0127,8571719,32170948,0,0,0,0,EXP001_S001_stress.csv
2026-08-23T12:35:15.780,199,EXP001,S001,stress,0.9998,8.5,4.0,4.98,8.57,29.3,52.1,4759.47,7855.62,0.0,19.4,396.38,0.3673,0.0,5.4,0.0127,0.0049,8571748,32171026,0,0,0,0,EXP001_S001_stress.csv
2026-08-23T12:35:16.779,200,EXP001,S001,stress,0.9987,10.9,4.0,4.74,10.9,31.0,52.0,4757.61,7867.27,0.0,19.4,396.38,0.0352,0.837,5.4,0.0323,0.0127,8571790,32171191,0,0,0,0,EXP001_S001_stress.csv
2026-08-23T12:35:17.786,201,EXP001,S001,stress,1.0077,9.6,4.0,4.74,9.58,28.0,51.9,4736.58,7886.05,0.0,19.4,396.38,0.6512,0.0078,5.4,0.0485,0.0078,8571840,32171326,0,0,0,0,EXP001_S001_stress.csv
2026-08-23T12:35:18.780,202,EXP001,S001,stress,0.9937,9.0,4.0,4.74,9.08,28.6,51.7,4718.73,7905.75,0.0,19.4,396.38,0.0,0.0,5.4,0.0197,0.0039,8571861,32171440,0,0,0,0,EXP001_S001_stress.csv
2026-08-23T12:35:19.780,203,EXP001,S001,stress,1.0,8.8,4.0,4.74,8.81,31.0,51.7,4711.14,7915.64,0.0,19.4,396.38,0.0,0.0,5.4,0.0117,0.0039,8571883,32171515,0,0,0,0,EXP001_S001_stress.csv
2026-08-23T12:35:20.780,204,EXP001,S001,stress,1.0,7.7,4.0,4.74,7.73,27.6,51.5,4688.5,7939.5,0.0,19.4,396.38,0.0,0.0,5.4,0.0068,0.0039,8571908,32171573,0,0,0,0,EXP001_S001_stress.csv
2026-08-23T12:35:21.780,205,EXP001,S001,stress,1.0,8.6,4.0,4.36,8.55,29.7,51.5,4682.7,7947.48,0.0,19.4,396.38,0.0,0.0977,5.4,0.0059,0.0039,8571934,32171628,0,0,0,0,EXP001_S001_stress.csv
2026-08-23T12:35:22.786,206,EXP001,S001,stress,1.0063,12.8,4.0,4.36,12.91,36.4,51.9,4738.62,7884.86,0.0,19.4,396.38,6.5993,0.0116,5.4,0.0136,0.0049,8571965,32171712,0,0,0,0,EXP001_S001_stress.csv
2026-08-23T12:35:23.780,207,EXP001,S001,stress,0.9937,11.7,4.0,4.36,11.71,32.3,51.9,4738.62,7884.86,0.0,19.4,396.38,0.2162,0.9355,5.4,0.0236,0.0029,8571985,32171833,0,0,0,0,EXP001_S001_stress.csv
2026-08-23T12:35:24.780,208,EXP001,S001,stress,1.0,10.6,4.0,4.36,10.59,32.3,51.7,4717.64,7911.31,0.0,19.4,396.38,0.0,0.0117,5.4,0.0332,0.0088,8572010,32171956,0,0,0,0,EXP001_S001_stress.csv
2026-08-23T12:35:25.779,209,EXP001,S001,stress,0.9988,10.1,4.0,4.36,10.12,32.0,51.8,4727.84,7897.98,0.0,19.4,396.38,0.0,0.0,5.4,0.0108,0.0029,8572027,32172020,0,0,0,0,EXP001_S001_stress.csv
2026-08-23T12:35:26.780,210,EXP001,S001,stress,1.0012,8.1,4.0,4.01,8.25,29.3,51.7,4713.58,7916.03,0.0,19.4,396.38,0.0,0.0,5.4,0.0224,0.002,8572049,32172130,0,0,0,0,EXP001_S001_stress.csv
2026-08-23T12:35:27.787,211,EXP001,S001,stress,1.0063,9.3,4.0,4.01,9.34,29.0,51.6,4709.97,7921.69,0.0,19.4,396.38,0.2174,0.462,5.4,0.0175,0.0049,8572081,32172247,0,0,0,0,EXP001_S001_stress.csv
2026-08-23T12:35:28.780,212,EXP001,S001,stress,0.9937,9.0,4.0,4.01,8.9,29.3,51.6,4706.17,7922.64,0.0,19.4,396.38,0.0,0.0,5.4,0.0334,0.0059,8572132,32172459,0,0,0,0,EXP001_S001_stress.csv
2026-08-23T12:35:29.780,213,EXP001,S001,stress,1.0,8.8,4.0,4.01,8.84,29.3,51.6,4702.34,7927.55,0.0,19.4,396.38,0.0039,0.8477,5.4,0.0166,0.002,8572152,32172569,0,0,0,0,EXP001_S001_stress.csv
2026-08-23T12:35:30.779,214,EXP001,S001,stress,0.999,9.7,4.0,4.01,9.75,31.3,51.7,4720.3,7908.44,0.0,19.4,396.38,0.0,0.0,5.4,0.0264,0.0029,8572174,32172718,0,0,0,0,EXP001_S001_stress.csv
2026-08-23T12:35:31.780,215,EXP001,S001,stress,1.001,11.2,4.0,3.77,11.4,36.4,51.8,4728.38,7901.98,0.0,19.4,396.38,0.0,0.0,5.4,0.0322,0.0098,8572218,32172886,0,0,0,0,EXP001_S001_stress.csv
2026-08-23T12:35:32.787,216,EXP001,S001,stress,1.0063,10.3,4.0,3.77,10.26,33.7,51.7,4718.19,7916.81,0.0,19.4,396.38,0.0,0.0039,5.4,0.0301,0.0039,8572248,32173021,0,0,0,0,EXP001_S001_stress.csv
2026-08-23T12:35:33.780,217,EXP001,S001,stress,0.9937,9.3,4.0,3.77,9.32,30.6,51.6,4712.42,7928.94,0.0,19.4,396.38,0.0,0.0,5.4,0.0256,0.0059,8572281,32173156,0,0,0,0,EXP001_S001_stress.csv
2026-08-23T12:35:34.777,218,EXP001,S001,stress,0.997,14.1,4.0,3.77,14.11,39.4,51.6,4720.17,7924.48,0.0,19.4,396.38,1.7945,0.0,5.4,0.0323,0.001,8572294,32173302,0,0,0,0,EXP001_S001_stress.csv
2026-08-23T12:35:35.780,219,EXP001,S001,stress,1.003,15.9,4.0,3.77,15.92,36.4,52.1,4808.25,7840.42,0.0,19.4,396.38,1.5812,2.6522,5.4,0.036,0.0195,8572352,32173480,0,0,0,0,EXP001_S001_stress.csv
2026-08-23T12:35:36.780,220,EXP001,S001,stress,1.0,9.1,4.0,3.47,9.14,30.0,52.0,4795.39,7857.3,0.0,19.4,396.38,0.0,0.0,5.4,0.0215,0.002,8572369,32173577,0,0,0,0,EXP001_S001_stress.csv
2026-08-23T12:35:37.787,221,EXP001,S001,stress,1.0063,10.7,4.0,3.47,10.7,29.0,52.3,4858.66,7816.31,0.0,19.4,396.38,3.8897,0.4387,5.4,0.0388,0.0068,8572406,32173764,0,0,0,0,EXP001_S001_stress.csv
2026-08-23T12:35:38.780,222,EXP001,S001,stress,0.9937,10.4,4.0,3.47,10.41,27.6,52.3,4858.66,7816.31,0.0,19.4,396.38,2.4686,0.6447,5.4,0.0275,0.0039,8572429,32173897,0,0,0,0,EXP001_S001_stress.csv
2026-08-23T12:35:39.780,223,EXP001,S001,stress,1.0,12.4,4.0,3.47,12.43,32.0,53.3,5028.06,7653.53,0.0,19.4,396.38,0.1211,1.8437,5.4,0.0215,0.0078,8572462,32173995,0,0,0,0,EXP001_S001_stress.csv
2026-08-23T12:35:40.780,224,EXP001,S001,stress,1.0,13.7,4.0,3.47,13.73,33.3,53.2,5020.02,7663.62,0.0,19.4,396.38,0.0234,1.1484,5.4,0.0283,0.0049,8572480,32174137,0,0,0,0,EXP001_S001_stress.csv
2026-08-23T12:35:41.780,225,EXP001,S001,stress,1.0,8.3,4.0,3.35,8.31,28.0,53.0,4990.12,7692.75,0.0,19.4,396.38,0.0,0.0,5.4,0.0391,0.0078,8572520,32174306,0,0,0,0,EXP001_S001_stress.csv
2026-08-23T12:35:42.787,226,EXP001,S001,stress,1.0061,8.4,4.0,3.35,8.52,30.3,53.0,4969.98,7706.97,0.0,19.4,396.38,0.0,0.0,5.4,0.0311,0.0039,8572542,32174469,0,0,0,0,EXP001_S001_stress.csv
2026-08-23T12:35:43.780,227,EXP001,S001,stress,0.9939,8.3,4.0,3.35,8.17,28.3,52.9,4954.64,7724.2,0.0,19.4,396.38,0.0079,0.0,5.4,0.0305,0.002,8572553,32174590,0,0,0,0,EXP001_S001_stress.csv
2026-08-23T12:35:44.780,228,EXP001,S001,stress,1.0,10.9,4.0,3.35,10.97,34.3,53.4,5043.78,7638.86,0.0,19.4,396.38,0.0,0.1758,5.4,0.0225,0.0049,8572587,32174700,0,0,0,0,EXP001_S001_stress.csv
2026-08-23T12:35:45.780,229,EXP001,S001,stress,1.0,12.6,4.0,3.35,12.62,38.4,53.3,5033.09,7643.95,0.0,19.4,396.38,0.0,0.0,5.4,0.0557,0.0127,8572658,32174925,0,0,0,0,EXP001_S001_stress.csv
2026-08-23T12:35:46.776,230,EXP001,S001,stress,0.996,13.4,4.0,3.24,13.35,42.0,53.4,5052.08,7630.78,0.0,19.4,396.38,0.0,0.0,5.4,0.0343,0.0118,8572697,32175039,0,0,0,0,EXP001_S001_stress.csv
2026-08-23T12:35:47.787,231,EXP001,S001,stress,1.0103,14.2,4.0,3.24,14.3,39.4,53.5,5055.77,7625.95,0.0,19.4,396.38,0.2397,0.2513,5.4,0.0338,0.0087,8572745,32175197,0,0,0,0,EXP001_S001_stress.csv
2026-08-23T12:35:48.780,232,EXP001,S001,stress,0.9937,15.4,4.0,3.24,15.38,40.8,53.5,5058.83,7623.12,0.0,19.4,396.38,0.0197,0.0,5.4,0.0236,0.0138,8572812,32175347,0,0,0,0,EXP001_S001_stress.csv
2026-08-23T12:35:49.779,233,EXP001,S001,stress,0.9983,12.2,4.0,3.24,12.22,39.0,53.3,5024.55,7653.38,0.0,19.4,396.38,0.0,0.0,5.4,0.0333,0.0147,8572880,32175528,0,0,0,0,EXP001_S001_stress.csv
2026-08-23T12:35:50.780,234,EXP001,S001,stress,1.0017,14.4,4.0,3.24,14.49,39.4,53.2,5020.75,7663.03,0.0,19.4,396.38,0.0,0.0,5.4,0.0214,0.0166,8572947,32175640,0,0,0,0,EXP001_S001_stress.csv
2026-08-23T12:35:51.780,235,EXP001,S001,stress,1.0,14.4,4.0,3.06,14.46,43.4,53.2,5019.22,7667.59,0.0,19.4,396.38,0.0,0.0,5.4,0.0264,0.0068,8572978,32175760,0,0,0,0,EXP001_S001_stress.csv
2026-08-23T12:35:52.783,236,EXP001,S001,stress,1.0029,12.7,4.0,3.06,12.67,38.0,53.2,5015.92,7663.2,0.0,19.4,396.38,0.0,0.0,5.4,0.0156,0.0097,8573027,32175845,0,0,0,0,EXP001_S001_stress.csv
2026-08-23T12:35:53.781,237,EXP001,S001,stress,0.9971,13.0,4.0,3.06,13.06,38.4,53.2,5015.92,7663.2,0.0,19.4,396.38,0.0,0.0,5.4,0.0323,0.0137,8573089,32175996,0,0,0,0,EXP001_S001_stress.csv
2026-08-23T12:35:54.777,238,EXP001,S001,stress,0.9966,13.7,4.0,3.06,13.84,40.4,53.1,5002.53,7684.19,0.0,19.4,396.38,0.0,0.0784,5.4,0.0265,0.0127,8573152,32176131,0,0,0,0,EXP001_S001_stress.csv
2026-08-23T12:35:55.777,239,EXP001,S001,stress,1.0,11.9,4.0,3.06,11.83,36.7,53.1,5002.77,7689.84,0.0,19.4,396.38,0.0078,2.3125,5.4,0.0381,0.0068,8573182,32176310,0,0,0,0,EXP001_S001_stress.csv
2026-08-23T12:35:56.776,240,EXP001,S001,stress,0.9985,13.9,4.0,3.14,13.9,39.0,52.9,4976.67,7714.78,0.0,19.4,396.38,0.2308,0.0782,5.4,0.0147,0.002,8573204,32176381,0,0,0,0,EXP001_S001_stress.csv
2026-08-23T12:35:57.785,241,EXP001,S001,stress,1.0099,10.2,4.0,3.14,10.29,32.3,52.7,4946.77,7746.77,0.0,19.4,396.38,0.0155,0.0,5.4,0.0251,0.0077,8573229,32176503,0,0,0,0,EXP001_S001_stress.csv
2026-08-23T12:35:58.781,242,EXP001,S001,stress,0.995,10.0,4.0,3.14,10.03,33.0,52.7,4935.09,7751.41,0.0,19.4,396.38,0.0,0.0,5.4,0.0128,0.0029,8573250,32176576,0,0,0,0,EXP001_S001_stress.csv
2026-08-23T12:35:59.781,243,EXP001,S001,stress,1.0,12.1,4.0,3.14,12.21,36.4,53.2,5022.97,7665.22,0.0,19.4,396.38,0.0,0.0,5.4,0.0303,0.0059,8573291,32176731,0,0,0,0,EXP001_S001_stress.csv
2026-08-23T12:36:00.781,244,EXP001,S001,stress,1.0,10.6,4.0,3.14,10.75,33.3,53.3,5035.95,7650.83,0.0,19.4,396.38,0.0,0.0,5.4,0.0254,0.0059,8573330,32176848,0,0,0,0,EXP001_S001_stress.csv
2026-08-23T12:36:01.779,245,EXP001,S001,stress,0.9987,12.2,4.0,3.13,12.16,37.0,53.3,5042.16,7646.11,0.0,19.4,396.38,0.0,0.0,5.4,0.0655,0.0078,8573368,32177049,0,0,0,0,EXP001_S001_stress.csv
2026-08-23T12:36:02.784,246,EXP001,S001,stress,1.0047,11.8,4.0,3.13,11.87,37.8,53.3,5030.33,7658.17,0.0,19.4,396.38,0.0039,0.0039,5.4,0.0467,0.0058,8573396,32177232,0,0,0,0,EXP001_S001_stress.csv
2026-08-23T12:36:03.781,247,EXP001,S001,stress,0.9966,10.5,4.0,3.13,10.45,34.0,53.2,5025.09,7663.48,0.0,19.4,396.38,0.0078,0.0039,5.4,0.0323,0.0039,8573428,32177368,0,0,0,0,EXP001_S001_stress.csv
2026-08-23T12:36:04.781,248,EXP001,S001,stress,1.0,12.0,4.0,3.13,12.17,38.4,53.2,5020.48,7669.52,0.0,19.4,396.38,0.0039,0.0,5.4,0.0059,0.0127,8573491,32177431,0,0,0,0,EXP001_S001_stress.csv
2026-08-23T12:36:05.781,249,EXP001,S001,stress,1.0,9.9,4.0,3.13,9.83,32.3,53.2,5016.42,7675.44,0.0,19.4,396.38,0.0078,0.0078,5.4,0.0381,0.0127,8573546,32177576,0,0,0,0,EXP001_S001_stress.csv
2026-08-23T12:36:06.778,250,EXP001,S001,stress,0.9978,12.9,4.0,2.96,12.92,38.4,53.3,5040.41,7652.61,0.0,19.4,396.38,0.1566,0.0078,5.4,0.0117,0.0039,8573573,32177646,0,0,0,0,EXP001_S001_stress.csv
2026-08-23T12:36:07.787,251,EXP001,S001,stress,1.0085,12.6,4.0,2.96,12.67,39.0,53.1,5007.14,7681.45,0.0,19.4,396.38,0.0039,0.2208,5.4,0.0261,0.0068,8573599,32177777,0,0,0,0,EXP001_S001_stress.csv
2026-08-23T12:36:08.781,252,EXP001,S001,stress,0.9937,10.0,4.0,2.96,9.98,32.3,53.3,5039.16,7657.59,0.0,19.4,396.38,0.0039,0.0039,5.4,0.0275,0.0088,8573638,32177920,0,0,0,0,EXP001_S001_stress.csv
2026-08-23T12:36:09.781,253,EXP001,S001,stress,1.0,11.1,4.0,2.96,11.23,34.0,53.3,5039.77,7657.67,0.0,19.4,396.38,0.0078,2.5234,5.4,0.0254,0.0059,8573674,32178052,0,0,0,0,EXP001_S001_stress.csv
2026-08-23T12:36:10.781,254,EXP001,S001,stress,1.0,12.4,4.0,2.96,12.37,35.4,53.2,5038.73,7661.31,0.0,19.4,396.38,0.0,0.7305,5.4,0.0107,0.0137,8573739,32178132,0,0,0,0,EXP001_S001_stress.csv
2026-08-23T12:36:11.781,255,EXP001,S001,stress,1.0,11.8,4.0,2.8,12.07,35.4,53.2,5030.09,7664.83,0.0,19.4,396.38,0.0,0.0,5.4,0.0332,0.0195,8573811,32178278,0,0,0,0,EXP001_S001_stress.csv
2026-08-23T12:36:12.783,256,EXP001,S001,stress,1.0025,10.1,4.0,2.8,9.92,33.0,53.2,5024.3,7672.34,0.0,19.4,396.38,0.0,0.0,5.4,0.0214,0.0156,8573881,32178398,0,0,0,0,EXP001_S001_stress.csv
2026-08-23T12:36:13.781,257,EXP001,S001,stress,0.9975,10.1,4.0,2.8,10.08,32.3,53.1,5020.08,7678.59,0.0,19.4,396.38,0.0,0.0,5.4,0.0157,0.0069,8573916,32178479,0,0,0,0,EXP001_S001_stress.csv
2026-08-23T12:36:14.778,258,EXP001,S001,stress,0.9973,8.6,4.0,2.8,8.63,28.3,53.0,5005.97,7695.14,0.0,19.4,396.38,0.0,0.3055,5.4,0.0049,0.002,8573930,32178524,0,0,0,0,EXP001_S001_stress.csv
2026-08-23T12:36:15.781,259,EXP001,S001,stress,1.0027,12.6,4.0,2.8,12.6,35.4,53.3,5047.31,7650.64,0.0,19.4,396.38,0.0039,0.0039,5.4,0.036,0.0019,8573955,32178686,0,0,0,0,EXP001_S001_stress.csv
2026-08-23T12:36:16.781,260,EXP001,S001,stress,1.0,9.5,4.0,2.58,9.61,32.3,53.3,5047.75,7646.75,0.0,19.4,396.38,0.0,0.3594,5.4,0.0176,0.0088,8573987,32178792,0,0,0,0,EXP001_S001_stress.csv
2026-08-23T12:36:17.787,261,EXP001,S001,stress,1.0062,13.1,4.0,2.58,13.11,36.0,53.3,5040.39,7657.97,0.0,19.4,396.38,0.0,0.2523,5.4,0.0272,0.0068,8574025,32178928,0,0,0,0,EXP001_S001_stress.csv
2026-08-23T12:36:18.781,262,EXP001,S001,stress,0.9937,15.6,4.0,2.58,15.69,42.4,53.2,5034.8,7664.28,0.0,19.4,396.38,0.0,0.0,5.4,0.0334,0.0147,8574088,32179085,0,0,0,0,EXP001_S001_stress.csv
2026-08-23T12:36:19.780,263,EXP001,S001,stress,0.9989,13.5,4.0,2.58,13.5,39.8,53.2,5036.55,7667.08,0.0,19.4,396.38,0.0,0.0,5.4,0.0489,0.0117,8574129,32179298,0,0,0,0,EXP001_S001_stress.csv
2026-08-23T12:36:20.781,264,EXP001,S001,stress,1.0011,10.9,4.0,2.58,10.91,34.0,53.1,5016.03,7686.19,0.0,19.4,396.38,0.0,0.0,5.4,0.0205,0.0029,8574153,32179423,0,0,0,0,EXP001_S001_stress.csv
2026-08-23T12:36:21.780,265,EXP001,S001,stress,0.9996,12.9,4.0,2.61,12.92,38.4,53.4,5062.83,7642.34,0.0,19.4,396.38,0.0234,0.0,5.4,0.0156,0.0137,8574215,32179525,0,0,0,0,EXP001_S001_stress.csv
2026-08-23T12:36:22.782,266,EXP001,S001,stress,1.0014,13.0,4.0,2.61,13.09,34.3,53.1,5013.77,7692.06,0.0,19.4,396.38,0.0,0.0117,5.4,0.0322,0.0146,8574282,32179676,0,0,0,0,EXP001_S001_stress.csv
2026-08-23T12:36:23.781,267,EXP001,S001,stress,0.9991,11.1,4.0,2.61,11.13,33.0,53.1,5014.38,7685.83,0.0,19.4,396.38,0.0,0.0,5.4,0.0264,0.0127,8574343,32179799,0,0,0,0,EXP001_S001_stress.csv
2026-08-23T12:36:24.776,268,EXP001,S001,stress,0.9956,11.2,4.0,2.61,11.3,33.7,53.0,5005.31,7696.47,0.0,19.4,396.38,0.0,0.0118,5.4,0.0245,0.0128,8574403,32179922,0,0,0,0,EXP001_S001_stress.csv
2026-08-23T12:36:25.781,269,EXP001,S001,stress,1.0044,11.4,4.0,2.61,11.4,37.6,53.0,4999.45,7706.72,0.0,19.4,396.38,0.0,0.2839,5.4,0.0233,0.0146,8574470,32180056,0,0,0,0,EXP001_S001_stress.csv
2026-08-23T12:36:26.781,270,EXP001,S001,stress,1.0,11.7,4.0,2.48,11.77,38.4,52.9,4994.23,7710.66,0.0,19.4,396.38,0.0,0.0,5.4,0.0264,0.0137,8574535,32180179,0,0,0,0,EXP001_S001_stress.csv
2026-08-23T12:36:27.787,271,EXP001,S001,stress,1.0062,11.5,4.0,2.48,11.53,37.4,52.9,4990.34,7713.53,0.0,19.4,396.38,0.0,0.0776,5.4,0.0446,0.0175,8574603,32180320,0,0,0,0,EXP001_S001_stress.csv
2026-08-23T12:36:28.781,272,EXP001,S001,stress,0.9938,11.0,4.0,2.48,10.98,33.3,52.9,4990.28,7715.86,0.0,19.4,396.38,0.0,0.0,5.4,0.0295,0.0069,8574646,32180476,0,0,0,0,EXP001_S001_stress.csv
2026-08-23T12:36:29.781,273,EXP001,S001,stress,1.0,11.6,4.0,2.48,11.74,36.4,52.9,4988.33,7716.86,0.0,19.4,396.38,0.0,0.0,5.4,0.0312,0.0146,8574714,32180610,0,0,0,0,EXP001_S001_stress.csv
2026-08-23T12:36:30.781,274,EXP001,S001,stress,1.0,10.4,4.0,2.48,10.37,34.7,52.9,4984.67,7718.7,0.0,19.4,396.38,0.0,0.0,5.4,0.0283,0.0205,8574789,32180786,0,0,0,0,EXP001_S001_stress.csv
2026-08-23T12:36:31.781,275,EXP001,S001,stress,1.0,10.3,4.0,2.6,10.32,34.7,52.9,4982.86,7722.77,0.0,19.4,396.38,0.0,0.0,5.4,0.0117,0.0176,8574855,32180873,0,0,0,0,EXP001_S001_stress.csv
2026-08-23T12:36:32.787,276,EXP001,S001,stress,1.0063,11.3,4.0,2.6,11.33,36.4,52.9,4980.23,7724.89,0.0,19.4,396.38,0.0,0.0039,5.4,0.0281,0.0126,8574919,32180991,0,0,0,0,EXP001_S001_stress.csv
2026-08-23T12:36:33.781,277,EXP001,S001,stress,0.9937,12.5,4.0,2.6,12.51,34.3,52.8,4978.75,7729.47,0.0,19.4,396.38,0.0118,0.0039,5.4,0.0314,0.0049,8574953,32181152,0,0,0,0,EXP001_S001_stress.csv
2026-08-23T12:36:34.781,278,EXP001,S001,stress,1.0,11.4,4.0,2.6,11.45,33.3,52.8,4979.69,7732.62,0.0,19.4,396.38,0.0,0.0078,5.4,0.0254,0.0029,8574980,32181276,0,0,0,0,EXP001_S001_stress.csv
2026-08-23T12:36:35.781,279,EXP001,S001,stress,1.0,11.4,4.0,2.6,11.47,35.4,52.9,4979.81,7723.73,0.0,19.4,396.38,0.0,0.0039,5.4,0.0381,0.0049,8575014,32181438,0,0,0,0,EXP001_S001_stress.csv
2026-08-23T12:36:36.781,280,EXP001,S001,stress,1.0,10.5,4.0,2.71,10.65,34.3,52.8,4978.52,7726.69,0.0,19.4,396.38,0.0,0.0,5.4,0.0361,0.0049,8575044,32181611,0,0,0,0,EXP001_S001_stress.csv
2026-08-23T12:36:37.787,281,EXP001,S001,stress,1.0063,12.3,4.0,2.71,12.27,37.6,52.8,4978.14,7726.39,0.0,19.4,396.38,0.0,0.0,5.4,0.0243,0.0058,8575085,32181732,0,0,0,0,EXP001_S001_stress.csv
2026-08-23T12:36:38.781,282,EXP001,S001,stress,0.9937,12.0,4.0,2.71,12.15,33.7,52.9,4989.58,7717.08,0.0,19.4,396.38,0.0039,0.0,5.4,0.0147,0.002,8575108,32181824,0,0,0,0,EXP001_S001_stress.csv
2026-08-23T12:36:39.776,283,EXP001,S001,stress,0.9953,12.5,4.0,2.71,12.42,35.4,52.9,4975.89,7721.62,0.0,19.4,396.38,0.0,2.8768,5.4,0.0177,0.0157,8575173,32181935,0,0,0,0,EXP001_S001_stress.csv
2026-08-23T12:36:40.781,284,EXP001,S001,stress,1.0046,12.3,4.0,2.71,12.37,35.4,52.8,4970.19,7726.28,0.0,19.4,396.38,0.0,0.5871,5.4,0.0185,0.0146,8575240,32182057,0,0,0,0,EXP001_S001_stress.csv
2026-08-23T12:36:41.781,285,EXP001,S001,stress,1.0001,11.4,4.0,2.66,11.52,37.4,52.8,4969.17,7730.61,0.0,19.4,396.38,0.289,0.0,5.4,0.041,0.0215,8575327,32182249,0,0,0,0,EXP001_S001_stress.csv
2026-08-23T12:36:42.784,286,EXP001,S001,stress,1.0029,11.4,4.0,2.66,11.47,37.0,52.8,4965.09,7737.64,0.0,19.4,396.38,0.0,0.0,5.4,0.0273,0.0127,8575396,32182389,0,0,0,0,EXP001_S001_stress.csv
2026-08-23T12:36:43.781,287,EXP001,S001,stress,0.9971,11.0,4.0,2.66,10.96,32.3,52.7,4959.06,7749.52,0.0,19.4,396.38,0.0,0.0,5.4,0.0382,0.0059,8575436,32182551,0,0,0,0,EXP001_S001_stress.csv
2026-08-23T12:36:44.781,288,EXP001,S001,stress,1.0,11.4,4.0,2.66,11.39,36.4,52.9,4991.06,7715.86,0.0,19.4,396.38,0.0,0.0,5.4,0.0195,0.0029,8575460,32182659,0,0,0,0,EXP001_S001_stress.csv
2026-08-23T12:36:45.781,289,EXP001,S001,stress,1.0,9.2,4.0,2.66,9.26,31.3,52.8,4978.89,7729.73,0.0,19.4,396.38,0.0,0.0,5.4,0.0176,0.002,8575474,32182757,0,0,0,0,EXP001_S001_stress.csv
2026-08-23T12:36:46.778,290,EXP001,S001,stress,0.9966,8.5,4.0,2.6,8.54,30.3,52.8,4972.06,7737.66,0.0,19.4,396.38,0.0,0.0,5.4,0.0265,0.0118,8575522,32182890,0,0,0,0,EXP001_S001_stress.csv
2026-08-23T12:36:47.787,291,EXP001,S001,stress,1.0096,8.9,4.0,2.6,8.99,31.0,52.6,4947.39,7760.59,0.0,19.4,396.38,0.0,0.0193,5.4,0.0271,0.0068,8575560,32183015,0,0,0,0,EXP001_S001_stress.csv
2026-08-23T12:36:48.781,292,EXP001,S001,stress,0.9938,11.7,4.0,2.6,11.78,31.3,52.9,4994.95,7716.91,0.0,19.4,396.38,0.0,0.0,5.4,0.0236,0.0128,8575620,32183142,0,0,0,0,EXP001_S001_stress.csv
2026-08-23T12:36:49.781,293,EXP001,S001,stress,1.0,10.6,4.0,2.6,10.55,32.3,52.8,4979.91,7739.58,0.0,19.4,396.38,0.0,0.1172,5.4,0.0117,0.0088,8575666,32183228,0,0,0,0,EXP001_S001_stress.csv
2026-08-23T12:36:50.781,294,EXP001,S001,stress,1.0,12.1,4.0,2.6,12.13,35.4,52.7,4974.06,7743.81,0.0,19.4,396.38,0.0,0.0,5.4,0.0391,0.0039,8575704,32183434,0,0,0,0,EXP001_S001_stress.csv
2026-08-23T12:36:51.778,295,EXP001,S001,stress,0.9966,12.2,4.0,2.48,12.33,38.4,52.7,4970.73,7751.05,0.0,19.4,396.38,0.0,0.0,5.4,0.0382,0.0137,8575748,32183601,0,0,0,0,EXP001_S001_stress.csv
2026-08-23T12:36:52.787,296,EXP001,S001,stress,1.0097,11.1,4.0,2.48,11.04,31.7,52.9,4997.56,7721.69,0.0,19.4,396.38,0.0,0.0,5.4,0.0251,0.0048,8575783,32183740,0,0,0,0,EXP001_S001_stress.csv
2026-08-23T12:36:53.781,297,EXP001,S001,stress,0.9937,11.7,4.0,2.48,11.73,32.7,52.9,4987.62,7721.61,0.0,19.4,396.38,0.0,0.0,5.4,0.0364,0.0039,8575822,32183918,0,0,0,0,EXP001_S001_stress.csv
2026-08-23T12:36:54.781,298,EXP001,S001,stress,1.0,11.1,4.0,2.48,11.14,36.0,52.8,4980.59,7730.28,0.0,19.4,396.38,0.0,0.0,5.4,0.0254,0.0107,8575870,32184054,0,0,0,0,EXP001_S001_stress.csv
2026-08-23T12:36:55.781,299,EXP001,S001,stress,1.0,11.4,4.0,2.48,11.47,34.3,52.6,4953.67,7758.8,0.0,19.4,396.38,0.0,0.0,5.4,0.0342,0.0068,8575907,32184226,0,0,0,0,EXP001_S001_stress.csv
2026-08-23T12:36:56.781,300,EXP001,S001,stress,1.0,9.1,4.0,2.52,9.16,28.3,52.9,4996.94,7713.78,0.0,19.4,396.38,0.0,0.0,5.4,0.0186,0.002,8575932,32184328,0,0,0,0,EXP001_S001_stress.csv
2026-08-23T13:14:10.970,1,EXP001,W001,bursty,0.078,31.2,1200.0,0.0,31.25,75.0,82.3,6500.88,1402.18,0.0,6.1,480.37,3.0549,0.1502,88.9,0.0005,0.0,197930,528573,0,0,0,0,EXP001_W001_bursty.csv
2026-08-23T13:14:11.934,2,EXP001,W001,bursty,0.969,20.0,1200.0,0.0,19.27,67.6,82.4,6511.79,1391.26,0.0,6.1,480.37,0.0,0.1612,88.9,0.0004,0.0003,197936,528581,0,0,0,0,EXP001_W001_bursty.csv
2026-08-23T13:14:12.934,3,EXP001,W001,bursty,1.0,35.1,1200.0,0.0,34.94,67.7,82.6,6530.11,1372.95,0.0,6.1,480.37,0.1846,0.0039,88.9,0.0008,0.0003,197940,528585,0,0,0,0,EXP001_W001_bursty.csv
2026-08-23T13:14:13.934,4,EXP001,W001,bursty,1.0,14.2,1200.0,0.0,13.57,49.3,82.7,6534.66,1368.39,0.0,6.1,480.37,0.0625,0.0859,88.9,0.0068,0.0067,197947,528592,0,0,0,0,EXP001_W001_bursty.csv
2026-08-23T13:14:14.925,5,EXP001,W001,bursty,0.984,22.0,1200.0,0.0,21.04,52.1,82.9,6555.05,1348.01,0.0,6.1,480.37,0.0595,0.0,88.9,0.0024,0.0043,197963,528612,0,0,0,0,EXP001_W001_bursty.csv
2026-08-23T13:14:15.943,6,EXP001,W001,bursty,1.016,25.5,1200.0,0.0,25.57,50.0,83.4,6592.5,1310.55,0.0,6.1,480.37,0.2797,0.0077,88.9,0.0002,0.0,197963,528615,0,0,0,0,EXP001_W001_bursty.csv
2026-08-23T13:14:16.938,7,EXP001,W001,bursty,1.0,46.3,1200.0,0.0,46.12,79.1,84.6,6685.55,1217.51,0.0,6.1,480.37,1.562,0.2969,88.9,0.0002,0.0,197963,528618,0,0,0,0,EXP001_W001_bursty.csv
2026-08-23T13:14:17.961,8,EXP001,W001,bursty,1.015,99.1,1200.0,0.0,99.06,100.0,85.9,6786.27,1116.78,0.0,6.1,480.37,0.1385,0.1308,88.9,0.0005,0.0008,197968,528624,0,0,0,0,EXP001_W001_bursty.csv
2026-08-23T13:14:18.931,9,EXP001,W001,bursty,0.969,100.0,1200.0,0.0,100.0,100.0,85.9,6789.27,1113.79,0.0,6.1,480.37,0.0685,0.0081,88.9,0.0085,0.0296,197982,528644,0,0,0,0,EXP001_W001_bursty.csv
2026-08-23T13:14:19.929,10,EXP001,W001,bursty,1.0,100.0,1200.0,0.0,100.0,100.0,85.8,6781.87,1121.19,0.0,6.1,480.37,0.0,0.1758,88.9,0.0002,0.0001,197985,528649,0,0,0,0,EXP001_W001_bursty.csv
2026-08-23T13:14:20.923,11,EXP001,W001,bursty,1.0,100.0,1200.0,0.0,100.0,100.0,85.7,6771.07,1131.99,0.0,6.1,480.37,0.0,0.0078,88.9,0.0066,0.0042,197991,528655,0,0,0,0,EXP001_W001_bursty.csv
2026-08-23T13:14:21.970,12,EXP001,W001,bursty,1.047,100.0,1200.0,1.36,100.0,100.0,85.7,6770.23,1132.83,0.0,6.1,480.37,0.0,0.0,88.9,0.0007,0.0002,197991,528656,0,0,0,0,EXP001_W001_bursty.csv
2026-08-23T13:14:22.948,13,EXP001,W001,bursty,0.969,100.0,1200.0,1.36,100.0,100.0,85.7,6770.88,1132.18,0.0,6.1,480.37,0.0,0.004,88.9,0.0,0.0,197991,528656,0,0,0,0,EXP001_W001_bursty.csv
2026-08-23T13:14:23.931,14,EXP001,W001,bursty,0.984,67.3,1200.0,1.36,68.16,88.9,84.8,6704.11,1198.95,0.0,6.1,480.37,0.0,0.0318,88.9,0.0005,0.0004,197996,528663,0,0,0,0,EXP001_W001_bursty.csv
2026-08-23T13:14:24.934,15,EXP001,W001,bursty,1.016,12.6,1200.0,1.36,12.5,18.8,83.9,6630.97,1272.08,0.0,6.1,480.37,0.1384,0.0115,88.9,0.0001,0.0,197996,528664,0,0,0,0,EXP001_W001_bursty.csv
2026-08-23T13:14:25.963,16,EXP001,W001,bursty,1.015,77.5,1200.0,1.36,78.83,83.6,84.7,6694.48,1208.57,0.0,6.1,480.37,0.5936,0.0269,88.9,0.0003,0.0002,197998,528666,0,0,0,0,EXP001_W001_bursty.csv
2026-08-23T13:14:26.968,17,EXP001,W001,bursty,1.016,100.0,1200.0,2.53,100.0,100.0,84.6,6682.48,1220.57,0.0,6.1,480.37,0.0,0.0038,88.9,0.0,0.0,197998,528666,0,0,0,0,EXP001_W001_bursty.csv
2026-08-23T13:14:27.967,18,EXP001,W001,bursty,1.0,100.0,1200.0,2.53,100.0,100.0,84.3,6659.35,1243.71,0.0,6.1,480.37,0.0625,0.0195,88.9,0.0,0.0037,198000,528666,0,0,0,0,EXP001_W001_bursty.csv
2026-08-23T13:14:28.929,19,EXP001,W001,bursty,0.953,100.0,1200.0,2.53,100.0,100.0,84.3,6663.93,1239.13,0.0,6.1,480.37,0.0,0.0861,88.9,0.0007,0.0004,198005,528674,0,0,0,0,EXP001_W001_bursty.csv
2026-08-23T13:14:29.924,20,EXP001,W001,bursty,1.0,100.0,1200.0,2.53,100.0,100.0,84.2,6653.69,1249.37,0.0,6.1,480.37,0.0664,0.0156,88.9,0.0001,0.0001,198007,528676,0,0,0,0,EXP001_W001_bursty.csv
2026-08-23T13:14:30.966,21,EXP001,W001,bursty,1.047,100.0,1200.0,2.53,100.0,100.0,84.1,6650.0,1253.06,0.0,6.1,480.37,0.0,0.1343,88.9,0.0001,0.0,198007,528677,0,0,0,0,EXP001_W001_bursty.csv
2026-08-23T13:14:31.962,22,EXP001,W001,bursty,0.984,100.0,1200.0,3.85,100.0,100.0,84.2,6653.22,1249.84,0.0,6.1,480.37,0.6749,0.004,88.9,0.0003,0.0002,198010,528681,0,0,0,0,EXP001_W001_bursty.csv
2026-08-23T13:14:32.949,23,EXP001,W001,bursty,0.985,100.0,1200.0,3.85,100.0,100.0,84.0,6642.12,1260.94,0.0,6.1,480.37,0.0,0.0,88.9,0.0001,0.0001,198011,528682,0,0,0,0,EXP001_W001_bursty.csv
2026-08-23T13:14:33.929,24,EXP001,W001,bursty,0.984,100.0,1200.0,3.85,100.0,100.0,84.0,6640.41,1262.65,0.0,6.1,480.37,0.004,0.0079,88.9,0.0003,0.0003,198015,528686,0,0,0,0,EXP001_W001_bursty.csv
2026-08-23T13:14:34.928,25,EXP001,W001,bursty,1.0,100.0,1200.0,3.85,100.0,100.0,84.0,6641.62,1261.43,0.0,6.1,480.37,0.0156,1.0312,88.9,0.0,0.0,198015,528686,0,0,0,0,EXP001_W001_bursty.csv
2026-08-23T13:14:35.961,26,EXP001,W001,bursty,1.031,100.0,1200.0,3.85,100.0,100.0,84.0,6641.26,1261.79,0.0,6.1,480.37,0.0867,0.0038,88.9,0.0,0.0,198015,528686,0,0,0,0,EXP001_W001_bursty.csv
2026-08-23T13:14:36.948,27,EXP001,W001,bursty,0.985,100.0,1200.0,5.38,100.0,100.0,84.0,6638.56,1264.49,0.0,6.1,480.37,5.441,0.0,88.9,0.0,0.0,198015,528686,0,0,0,0,EXP001_W001_bursty.csv
2026-08-23T13:14:37.938,28,EXP001,W001,bursty,1.0,47.2,1200.0,5.38,47.12,70.8,83.2,6575.54,1327.52,0.0,6.1,480.37,21.6958,0.0039,88.9,0.0,0.0,198015,528686,0,0,0,0,EXP001_W001_bursty.csv
2026-08-23T13:14:38.927,29,EXP001,W001,bursty,0.984,57.4,1200.0,5.38,60.38,79.7,84.1,6647.49,1255.57,0.0,6.1,480.37,5.0495,0.0913,88.9,0.0003,0.0003,198019,528690,0,0,0,0,EXP001_W001_bursty.csv
2026-08-23T13:14:39.926,30,EXP001,W001,bursty,1.0,100.0,1200.0,5.38,100.0,100.0,84.1,6647.46,1255.6,0.0,6.1,480.37,0.0,0.0703,88.9,0.0,0.0,198019,528690,0,0,0,0,EXP001_W001_bursty.csv
2026-08-23T13:14:40.938,31,EXP001,W001,bursty,1.016,100.0,1200.0,5.38,100.0,100.0,84.1,6646.21,1256.84,0.0,6.1,480.37,0.0,0.0,88.9,0.0,0.0,198019,528690,0,0,0,0,EXP001_W001_bursty.csv
2026-08-23T13:14:41.944,32,EXP001,W001,bursty,1.0,100.0,1200.0,7.19,100.0,100.0,84.1,6643.72,1259.33,0.0,6.1,480.37,0.0469,0.0273,88.9,0.0,0.0,198019,528690,0,0,0,0,EXP001_W001_bursty.csv
2026-08-23T13:14:42.959,33,EXP001,W001,bursty,1.015,100.0,1200.0,7.19,100.0,100.0,84.1,6646.37,1256.69,0.0,6.1,480.37,0.0808,0.0192,88.9,0.0,0.0,198019,528690,0,0,0,0,EXP001_W001_bursty.csv
2026-08-23T13:14:43.926,34,EXP001,W001,bursty,0.969,100.0,1200.0,7.19,100.0,100.0,84.1,6647.7,1255.35,0.0,6.1,480.37,0.0,0.0282,88.9,0.0003,0.0003,198023,528694,0,0,0,0,EXP001_W001_bursty.csv
2026-08-23T13:14:44.929,35,EXP001,W001,bursty,1.0,100.0,1200.0,7.19,100.0,100.0,84.1,6650.3,1252.75,0.0,6.1,480.37,0.0,0.0195,88.9,0.0,0.0001,198024,528694,0,0,0,0,EXP001_W001_bursty.csv
2026-08-23T13:14:45.960,36,EXP001,W001,bursty,1.031,100.0,1200.0,7.19,100.0,100.0,84.2,6652.48,1250.57,0.0,6.1,480.37,0.0,0.0038,88.9,0.0001,0.0001,198025,528696,0,0,0,0,EXP001_W001_bursty.csv
2026-08-23T13:14:46.981,37,EXP001,W001,bursty,1.031,100.0,1200.0,7.57,100.0,100.0,84.1,6650.03,1253.03,0.0,6.1,480.37,0.0,0.0152,88.9,0.0,0.0,198025,528696,0,0,0,0,EXP001_W001_bursty.csv
2026-08-23T13:14:47.931,38,EXP001,W001,bursty,0.938,39.3,1200.0,7.57,39.34,83.6,83.3,6585.89,1317.17,0.0,6.1,480.37,0.0167,0.1124,88.9,0.0002,0.0,198025,528698,0,0,0,0,EXP001_W001_bursty.csv
2026-08-23T13:14:48.936,39,EXP001,W001,bursty,1.016,35.2,1200.0,7.57,38.8,57.4,84.2,6651.48,1251.57,0.0,6.1,480.37,0.0,0.0269,88.9,0.0004,0.0003,198029,528704,0,0,0,0,EXP001_W001_bursty.csv
2026-08-23T13:14:49.950,40,EXP001,W001,bursty,1.015,100.0,1200.0,7.57,100.0,100.0,84.0,6641.61,1261.45,0.0,6.1,480.37,0.0,0.1193,88.9,0.0,0.0,198029,528704,0,0,0,0,EXP001_W001_bursty.csv
2026-08-23T13:14:50.951,41,EXP001,W001,bursty,1.0,100.0,1200.0,7.57,100.0,100.0,83.9,6630.62,1272.43,0.0,6.1,480.37,0.1133,0.125,88.9,0.0004,0.0002,198032,528710,0,0,0,0,EXP001_W001_bursty.csv
2026-08-23T13:14:51.972,42,EXP001,W001,bursty,1.016,100.0,1200.0,8.41,100.0,100.0,84.1,6643.05,1260.01,0.0,6.1,480.37,10.8138,0.2384,88.9,0.0002,0.0001,198033,528711,0,0,0,0,EXP001_W001_bursty.csv
2026-08-23T13:14:52.976,43,EXP001,W001,bursty,1.0,100.0,1200.0,8.41,100.0,100.0,84.2,6656.95,1246.1,0.0,6.1,480.37,5.7305,0.4766,88.9,0.0,0.0,198033,528711,0,0,0,0,EXP001_W001_bursty.csv
2026-08-23T13:14:53.934,44,EXP001,W001,bursty,0.969,100.0,1200.0,8.41,100.0,100.0,84.4,6671.6,1231.45,0.0,6.1,480.37,1.5117,0.8143,88.9,0.0015,0.0014,198046,528725,0,0,0,0,EXP001_W001_bursty.csv
2026-08-23T13:14:54.932,45,EXP001,W001,bursty,0.984,100.0,1200.0,8.41,100.0,100.0,84.4,6670.71,1232.34,0.0,6.1,480.37,1.0798,0.0794,88.9,0.0058,0.0075,198056,528745,0,0,0,0,EXP001_W001_bursty.csv
2026-08-23T13:14:55.961,46,EXP001,W001,bursty,1.031,100.0,1200.0,8.41,100.0,100.0,84.4,6669.12,1233.94,0.0,6.1,480.37,0.0,0.0,88.9,0.0,0.0,198056,528746,0,0,0,0,EXP001_W001_bursty.csv
2026-08-23T13:14:56.957,47,EXP001,W001,bursty,1.0,100.0,1200.0,9.25,100.0,100.0,84.4,6672.18,1230.87,0.0,6.1,480.37,0.0312,0.0039,88.9,0.0006,0.0005,198064,528755,0,0,0,0,EXP001_W001_bursty.csv
2026-08-23T13:14:57.939,48,EXP001,W001,bursty,0.985,73.5,1200.0,9.25,72.74,81.7,83.7,6612.68,1290.38,0.0,6.0,479.87,0.1428,0.0991,88.9,0.0003,0.0001,198065,528759,0,0,0,0,EXP001_W001_bursty.csv
2026-08-23T13:14:58.927,49,EXP001,W001,bursty,0.984,26.1,1200.0,9.25,26.89,50.0,84.5,6678.0,1225.05,0.0,6.0,479.87,0.5255,0.1072,88.9,0.0007,0.0005,198073,528769,0,0,0,0,EXP001_W001_bursty.csv
2026-08-23T13:14:59.926,50,EXP001,W001,bursty,1.0,99.8,1200.0,9.25,99.83,100.0,84.6,6685.48,1217.57,0.0,6.0,479.87,0.0,0.0469,88.9,0.0001,0.0,198073,528771,0,0,0,0,EXP001_W001_bursty.csv
2026-08-23T13:15:00.952,51,EXP001,W001,bursty,1.031,100.0,1200.0,9.25,100.0,100.0,84.7,6691.51,1211.55,0.0,6.0,479.87,0.1819,0.0038,88.9,0.0002,0.0001,198074,528774,0,0,0,0,EXP001_W001_bursty.csv
2026-08-23T13:15:01.959,52,EXP001,W001,bursty,1.0,100.0,1200.0,9.71,100.0,100.0,84.6,6688.15,1214.91,0.0,6.0,479.87,0.1133,0.0039,88.9,0.0001,0.0,198074,528776,0,0,0,0,EXP001_W001_bursty.csv
2026-08-23T13:15:02.963,53,EXP001,W001,bursty,1.0,100.0,1200.0,9.71,100.0,100.0,84.7,6695.93,1207.12,0.0,6.0,479.87,0.0,0.0,88.9,0.0003,0.0001,198076,528781,0,0,0,0,EXP001_W001_bursty.csv
2026-08-23T13:15:03.940,54,EXP001,W001,bursty,0.985,100.0,1200.0,9.71,100.0,100.0,84.7,6690.29,1212.77,0.0,6.0,479.87,0.0,0.0119,88.9,0.0003,0.0003,198080,528786,0,0,0,0,EXP001_W001_bursty.csv
2026-08-23T13:15:04.918,55,EXP001,W001,bursty,0.984,100.0,1200.0,9.71,100.0,100.0,84.7,6690.8,1212.25,0.0,6.0,479.87,0.0,0.1072,88.9,0.0001,0.0,198080,528788,0,0,0,0,EXP001_W001_bursty.csv
2026-08-23T13:15:05.969,56,EXP001,W001,bursty,1.047,100.0,1200.0,9.71,100.0,100.0,84.6,6686.83,1216.23,0.0,6.0,479.87,0.4664,0.0037,88.9,0.0001,0.0,198080,528789,0,0,0,0,EXP001_W001_bursty.csv
2026-08-23T13:15:06.940,57,EXP001,W001,bursty,0.969,70.0,1200.0,10.37,70.03,83.9,83.8,6620.73,1282.33,0.0,6.0,479.87,0.0967,0.2338,88.9,0.0001,0.0,198080,528790,0,0,0,0,EXP001_W001_bursty.csv
2026-08-23T13:15:07.928,58,EXP001,W001,bursty,0.984,14.9,1200.0,10.37,14.88,61.9,83.8,6622.88,1280.18,0.0,6.0,479.87,0.0,0.131,88.9,0.0,0.0,198080,528790,0,0,0,0,EXP001_W001_bursty.csv
2026-08-23T13:15:08.924,59,EXP001,W001,bursty,1.0,8.9,1200.0,10.37,8.9,27.7,83.8,6622.73,1280.33,0.0,6.0,479.87,0.3799,0.1484,88.9,0.0001,0.0001,198081,528791,0,0,0,0,EXP001_W001_bursty.csv
2026-08-23T13:15:09.938,60,EXP001,W001,bursty,1.016,78.4,1200.0,10.37,79.49,82.2,84.5,6681.67,1221.39,0.0,6.0,479.87,0.0,0.073,88.9,0.0003,0.0003,198085,528795,0,0,0,0,EXP001_W001_bursty.csv
2026-08-23T13:15:10.930,61,EXP001,W001,bursty,0.984,100.0,1200.0,10.37,100.0,100.0,84.6,6685.57,1217.49,0.0,6.0,479.87,0.0,0.0,88.9,0.0,0.0,198085,528795,0,0,0,0,EXP001_W001_bursty.csv
2026-08-23T13:15:11.957,62,EXP001,W001,bursty,1.031,100.0,1200.0,11.22,100.0,100.0,84.6,6684.84,1218.21,0.0,6.0,479.87,0.0606,0.0265,88.9,0.0,0.0,198085,528795,0,0,0,0,EXP001_W001_bursty.csv
2026-08-23T13:15:12.961,63,EXP001,W001,bursty,1.0,100.0,1200.0,11.22,100.0,100.0,84.6,6683.06,1219.99,0.0,6.0,479.87,0.0,0.0039,88.9,0.0001,0.0,198085,528796,0,0,0,0,EXP001_W001_bursty.csv
2026-08-23T13:15:13.929,64,EXP001,W001,bursty,0.969,100.0,1200.0,11.22,100.0,100.0,84.5,6676.63,1226.43,0.0,6.0,479.87,0.0,0.0081,88.9,0.0002,0.0002,198088,528799,0,0,0,0,EXP001_W001_bursty.csv
2026-08-23T13:15:14.932,65,EXP001,W001,bursty,1.0,100.0,1200.0,11.22,100.0,100.0,84.3,6663.52,1239.53,0.0,6.0,479.87,0.0,0.043,88.9,0.0004,0.0003,198092,528805,0,0,0,0,EXP001_W001_bursty.csv
2026-08-23T13:15:15.922,66,EXP001,W001,bursty,1.0,100.0,1200.0,11.22,100.0,100.0,84.3,6664.95,1238.11,0.0,6.0,479.87,0.0,0.0039,88.9,0.0,0.0001,198093,528805,0,0,0,0,EXP001_W001_bursty.csv
2026-08-23T13:15:16.947,67,EXP001,W001,bursty,1.016,100.0,1200.0,11.13,100.0,100.0,84.4,6668.28,1234.77,0.0,6.0,479.87,0.0615,0.0654,88.9,0.0001,0.0,198093,528806,0,0,0,0,EXP001_W001_bursty.csv
2026-08-23T13:15:17.968,68,EXP001,W001,bursty,1.031,100.0,1200.0,11.13,100.0,100.0,84.3,6665.52,1237.53,0.0,6.0,479.87,0.0303,0.1175,88.9,0.0,0.0,198093,528806,0,0,0,0,EXP001_W001_bursty.csv
2026-08-23T13:15:18.933,69,EXP001,W001,bursty,0.953,92.8,1200.0,11.13,92.84,98.3,83.6,6609.69,1293.37,0.0,6.0,479.87,0.0,0.0041,88.9,0.0005,0.0003,198097,528812,0,0,0,0,EXP001_W001_bursty.csv
2026-08-23T13:15:19.921,70,EXP001,W001,bursty,1.0,5.0,1200.0,11.13,4.81,24.2,83.5,6597.96,1305.1,0.0,6.0,479.87,0.0,0.1094,88.9,0.0001,0.0,198097,528814,0,0,0,0,EXP001_W001_bursty.csv
2026-08-23T13:15:20.935,71,EXP001,W001,bursty,1.016,2.3,1200.0,11.13,2.27,13.6,83.6,6608.73,1294.33,0.0,6.0,479.87,0.0,0.0,88.9,0.0,0.0,198097,528814,0,0,0,0,EXP001_W001_bursty.csv
2026-08-23T13:15:21.935,72,EXP001,W001,bursty,1.0,48.3,1200.0,10.4,48.16,72.3,84.5,6676.84,1226.21,0.0,6.0,479.87,0.0,0.0039,88.9,0.0001,0.0,198097,528816,0,0,0,0,EXP001_W001_bursty.csv
2026-08-23T13:15:22.955,73,EXP001,W001,bursty,1.015,99.8,1200.0,10.4,99.81,100.0,84.4,6669.46,1233.59,0.0,6.0,479.87,0.0308,0.0077,88.9,0.0,0.0,198097,528816,0,0,0,0,EXP001_W001_bursty.csv
2026-08-23T13:15:23.922,74,EXP001,W001,bursty,0.969,100.0,1200.0,10.4,100.0,100.0,84.4,6669.2,1233.86,0.0,6.0,479.87,0.0,0.0847,88.9,0.0003,0.0003,198101,528820,0,0,0,0,EXP001_W001_bursty.csv
2026-08-23T13:15:24.926,75,EXP001,W001,bursty,1.0,100.0,1200.0,10.4,100.0,100.0,84.4,6671.31,1231.75,0.0,6.0,479.87,0.0,0.0547,88.9,0.0,0.0,198101,528820,0,0,0,0,EXP001_W001_bursty.csv
2026-08-23T13:15:25.958,76,EXP001,W001,bursty,1.031,100.0,1200.0,10.4,100.0,100.0,84.4,6672.1,1230.96,0.0,6.0,479.87,0.0,0.0038,88.9,0.0002,0.0,198101,528823,0,0,0,0,EXP001_W001_bursty.csv
2026-08-23T13:15:26.950,77,EXP001,W001,bursty,1.0,100.0,1200.0,10.44,100.0,100.0,84.4,6670.07,1232.98,0.0,6.0,479.87,0.0,0.0039,88.9,0.0006,0.0003,198107,528832,0,0,0,0,EXP001_W001_bursty.csv
2026-08-23T13:15:27.969,78,EXP001,W001,bursty,1.016,100.0,1200.0,10.44,100.0,100.0,84.5,6674.15,1228.91,0.0,6.0,479.87,0.0308,0.1538,88.9,0.0004,0.0002,198111,528838,0,0,0,0,EXP001_W001_bursty.csv
2026-08-23T13:15:28.937,79,EXP001,W001,bursty,0.969,100.0,1200.0,10.44,100.0,100.0,84.5,6675.84,1227.21,0.0,6.0,479.87,0.0,0.0,88.9,0.0006,0.0005,198118,528847,0,0,0,0,EXP001_W001_bursty.csv
2026-08-23T13:15:29.938,80,EXP001,W001,bursty,1.0,100.0,1200.0,10.44,100.0,100.0,84.4,6673.73,1229.32,0.0,6.0,479.87,0.0,0.0977,88.9,0.0001,0.0,198118,528848,0,0,0,0,EXP001_W001_bursty.csv
2026-08-23T13:15:30.929,81,EXP001,W001,bursty,0.984,100.0,1200.0,10.44,100.0,100.0,84.5,6679.88,1223.17,0.0,6.0,479.87,0.7225,0.004,88.9,0.0001,0.0,198119,528850,0,0,0,0,EXP001_W001_bursty.csv
2026-08-23T13:15:31.962,82,EXP001,W001,bursty,1.031,100.0,1200.0,11.37,100.0,100.0,84.5,6679.34,1223.71,0.0,6.0,479.87,0.0,0.0038,88.9,0.0002,0.0001,198120,528853,0,0,0,0,EXP001_W001_bursty.csv
2026-08-23T13:15:32.935,83,EXP001,W001,bursty,0.985,53.2,1200.0,11.37,53.1,79.7,83.8,6621.83,1281.22,0.0,6.0,479.87,0.0,0.0,88.9,0.0001,0.0,198120,528855,0,0,0,0,EXP001_W001_bursty.csv
2026-08-23T13:15:33.926,84,EXP001,W001,bursty,0.984,9.8,1200.0,11.37,9.72,50.8,83.6,6610.87,1292.18,0.0,6.0,479.87,0.0,0.0159,88.9,0.0007,0.0003,198124,528865,0,0,0,0,EXP001_W001_bursty.csv
2026-08-23T13:15:34.928,85,EXP001,W001,bursty,1.0,62.3,1200.0,11.37,64.47,71.4,84.7,6690.48,1212.58,0.0,6.0,479.87,0.0,0.043,88.9,0.0001,0.0,198124,528868,0,0,0,0,EXP001_W001_bursty.csv
2026-08-23T13:15:35.973,86,EXP001,W001,bursty,1.047,100.0,1200.0,11.37,100.0,100.0,84.6,6683.61,1219.45,0.0,6.0,479.87,0.0,0.0,88.9,0.0002,0.0,198124,528871,0,0,0,0,EXP001_W001_bursty.csv
2026-08-23T13:15:36.957,87,EXP001,W001,bursty,0.984,100.0,1200.0,11.42,100.0,100.0,84.6,6683.71,1219.34,0.0,6.0,479.87,0.0,0.0198,88.9,0.0002,0.0001,198125,528876,0,0,0,0,EXP001_W001_bursty.csv
2026-08-23T13:15:37.964,88,EXP001,W001,bursty,1.0,100.0,1200.0,11.42,100.0,100.0,84.7,6691.11,1211.95,0.0,6.0,479.87,0.0,0.0039,88.9,0.0002,0.0,198125,528879,0,0,0,0,EXP001_W001_bursty.csv
2026-08-23T13:15:38.926,89,EXP001,W001,bursty,0.969,100.0,1200.0,11.42,100.0,100.0,84.6,6684.53,1218.53,0.0,6.0,479.87,0.0161,0.129,88.9,0.0004,0.0003,198129,528885,0,0,0,0,EXP001_W001_bursty.csv
2026-08-23T13:15:39.931,90,EXP001,W001,bursty,1.0,100.0,1200.0,11.42,100.0,100.0,84.7,6693.2,1209.86,0.0,6.0,479.87,0.0,0.1367,88.9,0.0001,0.0,198129,528887,0,0,0,0,EXP001_W001_bursty.csv
2026-08-23T13:15:40.973,91,EXP001,W001,bursty,1.047,100.0,1200.0,11.42,100.0,100.0,84.5,6681.59,1221.46,0.0,6.0,479.87,0.0,0.0037,88.9,0.0,0.0,198129,528889,0,0,0,0,EXP001_W001_bursty.csv
2026-08-23T13:15:41.931,92,EXP001,W001,bursty,0.953,31.2,1200.0,10.59,31.14,61.9,83.7,6612.05,1291.0,0.0,6.0,479.87,0.0,0.0041,88.9,0.0001,0.0,198129,528890,0,0,0,0,EXP001_W001_bursty.csv
2026-08-23T13:15:42.959,93,EXP001,W001,bursty,1.031,43.0,1200.0,10.59,43.01,67.7,84.5,6678.0,1225.05,0.0,6.0,479.87,0.0,0.1516,88.9,0.0001,0.0,198129,528893,0,0,0,0,EXP001_W001_bursty.csv
2026-08-23T13:15:43.939,94,EXP001,W001,bursty,0.985,100.0,1200.0,10.59,100.0,100.0,84.5,6676.61,1226.45,0.0,6.0,479.87,0.0,0.0,88.9,0.0005,0.0003,198133,528900,0,0,0,0,EXP001_W001_bursty.csv
2026-08-23T13:15:44.931,95,EXP001,W001,bursty,0.984,100.0,1200.0,10.59,100.0,100.0,84.3,6665.92,1237.14,0.0,6.0,479.87,0.0,0.0834,88.9,0.0001,0.0,198133,528901,0,0,0,0,EXP001_W001_bursty.csv
2026-08-23T13:15:45.967,96,EXP001,W001,bursty,1.047,100.0,1200.0,10.59,100.0,100.0,84.4,6671.2,1231.86,0.0,6.0,479.87,0.0,0.0075,88.9,0.0001,0.0,198133,528903,0,0,0,0,EXP001_W001_bursty.csv
2026-08-23T13:15:46.955,97,EXP001,W001,bursty,0.984,100.0,1200.0,10.78,100.0,100.0,84.4,6672.48,1230.58,0.0,6.0,479.87,0.0,0.004,88.9,0.0,0.0,198133,528903,0,0,0,0,EXP001_W001_bursty.csv
2026-08-23T13:15:47.953,98,EXP001,W001,bursty,1.0,100.0,1200.0,10.78,100.0,100.0,84.4,6669.52,1233.53,0.0,6.0,479.87,0.0,0.0,88.9,0.0,0.0,198133,528903,0,0,0,0,EXP001_W001_bursty.csv
2026-08-23T13:15:48.925,99,EXP001,W001,bursty,0.969,100.0,1200.0,10.78,100.0,100.0,84.4,6673.48,1229.57,0.0,6.0,479.87,0.0322,0.1451,88.9,0.0003,0.0003,198137,528907,0,0,0,0,EXP001_W001_bursty.csv
2026-08-23T13:15:49.927,100,EXP001,W001,bursty,1.0,78.0,1200.0,10.78,76.95,100.0,83.6,6610.57,1292.48,0.0,6.0,479.87,0.0,0.0391,88.9,0.0001,0.0,198137,528909,0,0,0,0,EXP001_W001_bursty.csv
2026-08-23T13:15:50.953,101,EXP001,W001,bursty,1.031,3.1,1200.0,10.78,3.17,13.4,83.5,6602.51,1300.55,0.0,6.0,479.87,0.0,0.0,88.9,0.0001,0.0,198137,528911,0,0,0,0,EXP001_W001_bursty.csv
2026-08-23T13:15:51.937,102,EXP001,W001,bursty,0.985,16.5,1200.0,9.92,16.59,57.1,83.7,6615.94,1287.12,0.0,6.0,479.87,0.0952,0.004,88.9,0.0,0.0,198137,528911,0,0,0,0,EXP001_W001_bursty.csv
2026-08-23T13:15:52.940,103,EXP001,W001,bursty,1.0,43.8,1200.0,9.92,43.81,84.6,84.5,6678.39,1224.66,0.0,6.0,479.87,0.2344,0.1523,88.9,0.0001,0.0,198138,528914,0,0,0,0,EXP001_W001_bursty.csv
2026-08-23T13:15:53.922,104,EXP001,W001,bursty,0.984,100.0,1200.0,9.92,100.0,100.0,84.5,6675.89,1227.16,0.0,6.0,479.87,0.0,0.0278,88.9,0.0001,0.0001,198142,528918,0,0,0,0,EXP001_W001_bursty.csv
2026-08-23T13:15:54.938,105,EXP001,W001,bursty,1.016,100.0,1200.0,9.92,100.0,100.0,84.5,6678.53,1224.53,0.0,6.0,479.87,0.0,0.0769,88.9,0.0003,0.0003,198142,528918,0,0,0,0,EXP001_W001_bursty.csv
2026-08-23T13:15:55.961,106,EXP001,W001,bursty,1.015,100.0,1200.0,9.92,100.0,100.0,84.4,6670.57,1232.48,0.0,6.0,479.87,0.0616,0.0038,88.9,0.0001,0.0,198142,528919,0,0,0,0,EXP001_W001_bursty.csv
2026-08-23T13:15:56.944,107,EXP001,W001,bursty,0.985,100.0,1200.0,9.92,100.0,100.0,84.4,6671.42,1231.64,0.0,6.0,479.87,0.0,0.0793,88.9,0.0001,0.0,198142,528921,0,0,0,0,EXP001_W001_bursty.csv
2026-08-23T13:15:57.948,108,EXP001,W001,bursty,1.0,100.0,1200.0,9.92,100.0,100.0,84.5,6680.39,1222.67,0.0,6.0,479.87,0.0,0.0664,88.9,0.0,0.0,198142,528921,0,0,0,0,EXP001_W001_bursty.csv
2026-08-23T13:15:58.929,109,EXP001,W001,bursty,0.984,100.0,1200.0,9.92,100.0,100.0,84.5,6676.14,1226.91,0.0,6.0,479.87,0.0,0.1072,88.9,0.0003,0.0003,198147,528925,0,0,0,0,EXP001_W001_bursty.csv
2026-08-23T13:15:59.938,110,EXP001,W001,bursty,1.016,100.0,1200.0,9.92,100.0,100.0,84.6,6683.52,1219.54,0.0,6.0,479.87,0.0,0.1038,88.9,0.0001,0.0,198147,528927,0,0,0,0,EXP001_W001_bursty.csv
2026-08-23T13:16:00.959,111,EXP001,W001,bursty,1.015,100.0,1200.0,9.92,100.0,100.0,84.6,6682.67,1220.39,0.0,6.0,479.87,0.1078,0.0038,88.9,0.0001,0.0,198147,528928,0,0,0,0,EXP001_W001_bursty.csv
2026-08-23T13:16:01.969,112,EXP001,W001,bursty,1.016,100.0,1200.0,10.89,100.0,100.0,84.6,6683.69,1219.36,0.0,6.0,479.87,0.0,0.0115,88.9,0.0001,0.0,198147,528929,0,0,0,0,EXP001_W001_bursty.csv
2026-08-23T13:16:02.944,113,EXP001,W001,bursty,0.969,76.4,1200.0,10.89,75.33,83.1,83.6,6609.42,1293.63,0.0,6.0,478.12,0.2741,0.0081,88.9,0.0001,0.0,198147,528930,0,0,0,0,EXP001_W001_bursty.csv
2026-08-23T13:16:03.933,114,EXP001,W001,bursty,0.984,8.0,1200.0,10.89,7.88,34.4,83.5,6598.89,1304.16,0.0,6.0,478.12,0.0,0.0278,88.9,0.0004,0.0003,198151,528935,0,0,0,0,EXP001_W001_bursty.csv
2026-08-23T13:16:04.931,115,EXP001,W001,bursty,1.0,80.0,1200.0,10.89,81.05,88.2,84.4,6673.62,1229.43,0.0,6.0,478.12,0.0,0.0508,88.9,0.0002,0.0,198151,528938,0,0,0,0,EXP001_W001_bursty.csv
2026-08-23T13:16:05.944,116,EXP001,W001,bursty,1.016,100.0,1200.0,10.89,100.0,100.0,84.4,6670.07,1232.99,0.0,6.0,478.12,0.0,0.0,88.9,0.0,0.0,198151,528938,0,0,0,0,EXP001_W001_bursty.csv
2026-08-23T13:16:06.958,117,EXP001,W001,bursty,1.015,100.0,1200.0,11.06,100.0,100.0,84.5,6678.0,1225.05,0.0,6.0,478.12,0.0,0.0038,88.9,0.0001,0.0,198151,528939,0,0,0,0,EXP001_W001_bursty.csv
2026-08-23T13:16:07.971,118,EXP001,W001,bursty,1.016,100.0,1200.0,11.06,100.0,100.0,84.2,6652.6,1250.45,0.0,6.0,478.12,0.9496,0.0038,88.9,0.0001,0.0,198151,528940,0,0,0,0,EXP001_W001_bursty.csv
2026-08-23T13:16:08.935,119,EXP001,W001,bursty,0.969,100.0,1200.0,11.06,100.0,100.0,84.0,6641.63,1261.43,0.0,6.0,478.12,0.0806,0.1209,88.9,0.0004,0.0003,198155,528945,0,0,0,0,EXP001_W001_bursty.csv
2026-08-23T13:16:09.928,120,EXP001,W001,bursty,0.984,100.0,1200.0,11.06,100.0,100.0,84.1,6643.02,1260.04,0.0,6.0,478.12,0.0,0.0595,88.9,0.0,0.0,198155,528945,0,0,0,0,EXP001_W001_bursty.csv
2026-08-23T13:16:10.943,121,EXP001,W001,bursty,1.016,100.0,1200.0,11.06,100.0,100.0,84.0,6642.25,1260.8,0.0,6.0,478.12,0.123,0.0077,88.9,0.0,0.0,198155,528945,0,0,0,0,EXP001_W001_bursty.csv
2026-08-23T13:16:11.960,122,EXP001,W001,bursty,1.015,100.0,1200.0,11.53,100.0,100.0,84.1,6645.34,1257.71,0.0,6.0,478.12,0.0308,0.0038,88.9,0.0,0.0,198155,528945,0,0,0,0,EXP001_W001_bursty.csv
2026-08-23T13:16:12.951,123,EXP001,W001,bursty,1.0,100.0,1200.0,11.53,100.0,100.0,84.1,6647.36,1255.7,0.0,6.0,478.12,0.0,0.1016,88.9,0.0,0.0,198155,528945,0,0,0,0,EXP001_W001_bursty.csv
2026-08-23T13:16:13.928,124,EXP001,W001,bursty,0.969,100.0,1200.0,11.53,100.0,100.0,84.1,6643.05,1260.01,0.0,6.0,478.12,0.0,0.004,88.9,0.0003,0.0003,198159,528949,0,0,0,0,EXP001_W001_bursty.csv
2026-08-23T13:16:14.932,125,EXP001,W001,bursty,1.0,100.0,1200.0,11.53,100.0,100.0,84.1,6644.33,1258.73,0.0,6.0,478.12,0.0,0.082,88.9,0.0001,0.0,198159,528951,0,0,0,0,EXP001_W001_bursty.csv
2026-08-23T13:16:15.927,126,EXP001,W001,bursty,1.0,100.0,1200.0,11.53,100.0,100.0,84.1,6645.13,1257.93,0.0,6.0,478.12,0.0,0.0039,88.9,0.0001,0.0,198159,528953,0,0,0,0,EXP001_W001_bursty.csv
2026-08-23T13:16:16.948,127,EXP001,W001,bursty,1.016,100.0,1200.0,12.69,100.0,100.0,84.0,6639.26,1263.8,0.0,6.0,478.12,0.3422,0.0,88.9,0.0001,0.0,198159,528954,0,0,0,0,EXP001_W001_bursty.csv
2026-08-23T13:16:17.961,128,EXP001,W001,bursty,1.015,100.0,1200.0,12.69,100.0,100.0,83.9,6628.13,1274.93,0.0,6.0,478.12,0.0,0.0808,88.9,0.0,0.0,198159,528954,0,0,0,0,EXP001_W001_bursty.csv
2026-08-23T13:16:18.926,129,EXP001,W001,bursty,0.969,32.0,1200.0,12.69,31.95,51.6,83.2,6572.16,1330.89,0.0,6.0,478.0,0.0161,0.1129,88.9,0.0003,0.0003,198163,528958,0,0,0,0,EXP001_W001_bursty.csv
2026-08-23T13:16:19.937,130,EXP001,W001,bursty,1.016,60.8,1200.0,12.69,63.23,69.0,84.0,6637.44,1265.61,0.0,6.0,478.0,0.0,0.0846,88.9,0.0,0.0,198163,528958,0,0,0,0,EXP001_W001_bursty.csv
2026-08-23T13:16:20.958,131,EXP001,W001,bursty,1.015,100.0,1200.0,12.69,100.0,100.0,84.0,6639.28,1263.77,0.0,6.0,478.0,0.0,0.0,88.9,0.0001,0.0,198163,528960,0,0,0,0,EXP001_W001_bursty.csv
2026-08-23T13:16:21.958,132,EXP001,W001,bursty,1.0,100.0,1200.0,13.27,100.0,100.0,83.9,6627.39,1275.66,0.0,6.0,478.0,0.0,0.0039,88.9,0.0001,0.0001,198164,528963,0,0,0,0,EXP001_W001_bursty.csv
2026-08-23T13:16:22.955,133,EXP001,W001,bursty,1.0,100.0,1200.0,13.27,100.0,100.0,83.8,6623.97,1279.09,0.0,6.0,478.0,0.1914,0.0039,88.9,0.0001,0.0,198164,528963,0,0,0,0,EXP001_W001_bursty.csv
2026-08-23T13:16:23.928,134,EXP001,W001,bursty,0.969,100.0,1200.0,13.27,100.0,100.0,84.0,6636.92,1266.14,0.0,6.0,478.0,6.063,0.0282,88.9,0.0006,0.0004,198170,528971,0,0,0,0,EXP001_W001_bursty.csv
2026-08-23T13:16:24.934,135,EXP001,W001,bursty,1.016,100.0,1200.0,13.27,100.0,100.0,84.0,6638.09,1264.96,0.0,6.0,478.0,0.0615,0.0192,88.9,0.0,0.0,198170,528971,0,0,0,0,EXP001_W001_bursty.csv
2026-08-23T13:16:25.959,136,EXP001,W001,bursty,1.015,100.0,1200.0,13.27,100.0,100.0,84.0,6639.44,1263.62,0.0,6.0,478.0,0.0,0.0115,88.9,0.0001,0.0,198170,528972,0,0,0,0,EXP001_W001_bursty.csv
2026-08-23T13:16:26.971,137,EXP001,W001,bursty,1.016,100.0,1200.0,13.33,100.0,100.0,84.1,6648.61,1254.45,0.0,6.0,478.0,0.0,0.0577,88.9,0.0,0.0,198170,528972,0,0,0,0,EXP001_W001_bursty.csv
2026-08-23T13:16:27.941,138,EXP001,W001,bursty,0.969,100.0,1200.0,13.33,100.0,100.0,84.1,6648.31,1254.75,0.0,6.0,478.0,0.0,0.0,88.9,0.0001,0.0,198170,528974,0,0,0,0,EXP001_W001_bursty.csv
2026-08-23T13:16:28.928,139,EXP001,W001,bursty,0.984,100.0,1200.0,13.33,100.0,100.0,84.1,6645.7,1257.36,0.0,6.0,478.0,0.0,0.004,88.9,0.0003,0.0003,198174,528978,0,0,0,0,EXP001_W001_bursty.csv
2026-08-23T13:16:29.925,140,EXP001,W001,bursty,1.0,25.7,1200.0,13.33,21.02,24.1,83.3,6584.48,1318.58,0.0,6.0,474.13,0.0625,0.0898,88.9,0.0,0.0,198174,528978,0,0,0,0,EXP001_W001_bursty.csv
2026-08-23T13:16:30.939,141,EXP001,W001,bursty,1.016,43.3,1200.0,13.33,43.3,57.6,84.2,6651.17,1251.88,0.0,6.0,474.13,0.0615,0.0807,88.9,0.0001,0.0,198174,528979,0,0,0,0,EXP001_W001_bursty.csv
2026-08-23T13:16:31.945,142,EXP001,W001,bursty,1.0,100.0,1200.0,13.39,100.0,100.0,84.1,6650.02,1253.03,0.0,6.0,474.13,0.0,0.0039,88.9,0.0001,0.0,198174,528980,0,0,0,0,EXP001_W001_bursty.csv
2026-08-23T13:16:32.959,143,EXP001,W001,bursty,1.015,100.0,1200.0,13.39,100.0,100.0,84.1,6647.76,1255.3,0.0,6.0,474.13,0.0,0.0038,88.9,0.0001,0.0,198174,528982,0,0,0,0,EXP001_W001_bursty.csv
2026-08-23T13:16:33.930,144,EXP001,W001,bursty,0.969,100.0,1200.0,13.39,100.0,100.0,84.1,6649.79,1253.27,0.0,6.0,474.13,0.0,0.0282,88.9,0.0004,0.0003,198178,528987,0,0,0,0,EXP001_W001_bursty.csv
2026-08-23T13:16:34.937,145,EXP001,W001,bursty,1.016,100.0,1200.0,13.39,100.0,100.0,84.2,6653.18,1249.88,0.0,6.0,474.13,0.0,0.1192,88.9,0.0001,0.0,198178,528988,0,0,0,0,EXP001_W001_bursty.csv
2026-08-23T13:16:35.964,146,EXP001,W001,bursty,1.015,100.0,1200.0,13.39,100.0,100.0,84.2,6650.61,1252.44,0.0,6.0,474.13,0.0,0.0,88.9,0.0003,0.0,198178,528993,0,0,0,0,EXP001_W001_bursty.csv
2026-08-23T13:16:36.962,147,EXP001,W001,bursty,1.0,100.0,1200.0,13.83,100.0,100.0,84.1,6649.2,1253.85,0.0,6.0,474.13,0.0,0.0039,88.9,0.0,0.0,198178,528993,0,0,0,0,EXP001_W001_bursty.csv
2026-08-23T13:16:37.954,148,EXP001,W001,bursty,1.0,100.0,1200.0,13.83,100.0,100.0,84.2,6653.01,1250.04,0.0,6.0,474.13,0.0,0.0508,88.9,0.0001,0.0,198178,528994,0,0,0,0,EXP001_W001_bursty.csv
2026-08-23T13:16:38.923,149,EXP001,W001,bursty,0.969,100.0,1200.0,13.83,100.0,100.0,84.1,6648.51,1254.54,0.0,6.0,474.13,0.1935,0.0282,88.9,0.0004,0.0004,198183,528999,0,0,0,0,EXP001_W001_bursty.csv
2026-08-23T13:16:39.938,150,EXP001,W001,bursty,1.016,100.0,1200.0,13.83,100.0,100.0,84.2,6658.2,1244.85,0.0,6.0,474.13,0.0,0.0231,88.9,0.0001,0.0,198183,529000,0,0,0,0,EXP001_W001_bursty.csv
2026-08-23T13:16:40.926,151,EXP001,W001,bursty,0.984,84.8,1200.0,13.83,84.08,94.0,83.5,6600.6,1302.46,0.0,6.0,474.13,0.004,0.2977,88.9,0.0,0.0,198183,529000,0,0,0,0,EXP001_W001_bursty.csv
2026-08-23T13:16:41.945,152,EXP001,W001,bursty,1.016,17.0,1200.0,12.73,17.54,77.6,83.4,6595.01,1308.05,0.0,6.0,474.13,0.0,0.0269,88.9,0.0,0.0,198183,529000,0,0,0,0,EXP001_W001_bursty.csv
2026-08-23T13:16:42.959,153,EXP001,W001,bursty,1.015,98.1,1200.0,12.73,98.1,100.0,84.2,6656.06,1246.99,0.0,6.0,474.13,0.0577,0.0,88.9,0.0,0.0,198183,529000,0,0,0,0,EXP001_W001_bursty.csv
2026-08-23T13:16:43.933,154,EXP001,W001,bursty,0.969,100.0,1200.0,12.73,100.0,100.0,84.2,6657.61,1245.44,0.0,6.0,474.13,0.0,0.004,88.9,0.0003,0.0003,198187,529004,0,0,0,0,EXP001_W001_bursty.csv
2026-08-23T13:16:44.926,155,EXP001,W001,bursty,1.0,100.0,1200.0,12.73,100.0,100.0,84.3,6662.04,1241.02,0.0,6.0,474.13,0.0,0.0273,88.9,0.0,0.0,198187,529004,0,0,0,0,EXP001_W001_bursty.csv
2026-08-23T13:16:45.949,156,EXP001,W001,bursty,1.016,100.0,1200.0,12.73,100.0,100.0,84.3,6659.5,1243.55,0.0,6.0,474.13,0.0,0.2076,88.9,0.0001,0.0,198187,529005,0,0,0,0,EXP001_W001_bursty.csv
2026-08-23T13:16:46.950,157,EXP001,W001,bursty,1.015,100.0,1200.0,13.87,100.0,100.0,84.2,6658.26,1244.8,0.0,6.0,474.13,0.0,0.0,88.9,0.0001,0.0,198187,529007,0,0,0,0,EXP001_W001_bursty.csv
2026-08-23T13:16:47.942,158,EXP001,W001,bursty,0.985,100.0,1200.0,13.87,100.0,100.0,84.3,6660.86,1242.2,0.0,6.0,474.13,0.0,0.004,88.9,0.0002,0.0,198187,529010,0,0,0,0,EXP001_W001_bursty.csv
2026-08-23T13:16:48.926,159,EXP001,W001,bursty,0.984,100.0,1200.0,13.87,100.0,100.0,84.2,6655.25,1247.8,0.0,6.0,474.13,0.0635,0.0754,88.9,0.0004,0.0003,198191,529016,0,0,0,0,EXP001_W001_bursty.csv
2026-08-23T13:16:49.937,160,EXP001,W001,bursty,1.016,100.0,1200.0,13.87,100.0,100.0,84.4,6668.49,1234.56,0.0,6.0,474.13,0.5421,0.073,88.9,0.0001,0.0,198191,529018,0,0,0,0,EXP001_W001_bursty.csv
2026-08-23T13:16:50.920,161,EXP001,W001,bursty,0.984,61.6,1200.0,13.87,56.66,70.9,83.6,6610.46,1292.59,0.0,6.0,473.88,0.004,0.0,88.9,0.0052,0.0058,198200,529025,0,0,0,0,EXP001_W001_bursty.csv
2026-08-23T13:16:51.947,162,EXP001,W001,bursty,1.016,22.0,1200.0,12.76,22.19,63.6,83.5,6601.73,1301.33,0.0,6.0,473.88,0.1692,0.0115,88.9,0.0039,0.0002,198203,529033,0,0,0,0,EXP001_W001_bursty.csv
2026-08-23T13:16:52.945,163,EXP001,W001,bursty,1.0,13.7,1200.0,12.76,13.69,58.7,83.4,6592.23,1310.83,0.0,6.0,473.88,0.0,0.0469,88.9,0.0004,0.0,198203,529039,0,0,0,0,EXP001_W001_bursty.csv
2026-08-23T13:16:53.925,164,EXP001,W001,bursty,0.984,83.6,1200.0,12.76,84.53,91.2,84.2,6653.55,1249.5,0.0,6.0,473.88,0.0,0.0278,88.9,0.0004,0.0003,198207,529045,0,0,0,0,EXP001_W001_bursty.csv
2026-08-23T13:16:54.929,165,EXP001,W001,bursty,1.0,100.0,1200.0,12.76,100.0,100.0,84.2,6653.5,1249.56,0.0,6.0,473.88,0.0,0.2812,88.9,0.0002,0.0,198207,529049,0,0,0,0,EXP001_W001_bursty.csv
2026-08-23T13:16:55.981,166,EXP001,W001,bursty,1.047,100.0,1200.0,12.76,100.0,100.0,84.2,6652.84,1250.22,0.0,6.0,473.88,0.0,0.0149,88.9,0.0001,0.0,198207,529052,0,0,0,0,EXP001_W001_bursty.csv
2026-08-23T13:16:56.968,167,EXP001,W001,bursty,1.0,100.0,1200.0,13.18,100.0,100.0,84.1,6646.34,1256.71,0.0,6.0,473.88,0.0,0.0039,88.9,0.0001,0.0,198207,529054,0,0,0,0,EXP001_W001_bursty.csv
2026-08-23T13:16:57.968,168,EXP001,W001,bursty,1.0,100.0,1200.0,13.18,100.0,100.0,84.0,6635.41,1267.65,0.0,6.0,473.88,0.0,0.1094,88.9,0.0001,0.0,198207,529056,0,0,0,0,EXP001_W001_bursty.csv
2026-08-23T13:16:58.927,169,EXP001,W001,bursty,0.953,100.0,1200.0,13.18,100.0,100.0,84.0,6641.0,1262.06,0.0,6.0,473.88,0.0,0.1107,88.9,0.0005,0.0003,198211,529063,0,0,0,0,EXP001_W001_bursty.csv
2026-08-23T13:16:59.926,170,EXP001,W001,bursty,1.0,100.0,1200.0,13.18,100.0,100.0,83.9,6630.38,1272.68,0.0,6.0,473.88,0.0,0.0469,88.9,0.0,0.0,198211,529063,0,0,0,0,EXP001_W001_bursty.csv
2026-08-23T13:17:00.963,171,EXP001,W001,bursty,1.031,100.0,1200.0,13.18,100.0,100.0,83.9,6630.15,1272.9,0.0,6.0,473.88,0.0265,0.0985,88.9,0.0,0.0,198211,529063,0,0,0,0,EXP001_W001_bursty.csv
2026-08-23T13:17:01.964,172,EXP001,W001,bursty,1.0,100.0,1200.0,13.96,100.0,100.0,84.0,6636.47,1266.59,0.0,6.0,473.88,0.0,0.1562,88.9,0.0,0.0,198211,529064,0,0,0,0,EXP001_W001_bursty.csv
2026-08-23T13:17:02.952,173,EXP001,W001,bursty,1.0,100.0,1200.0,13.96,100.0,100.0,83.9,6630.56,1272.5,0.0,6.0,473.88,0.0039,0.0156,88.9,0.0002,0.0,198211,529065,0,0,0,0,EXP001_W001_bursty.csv
2026-08-23T13:17:03.937,174,EXP001,W001,bursty,0.985,100.0,1200.0,13.96,100.0,100.0,84.0,6635.98,1267.08,0.0,6.0,473.88,0.0,0.0159,88.9,0.0004,0.0003,198215,529070,0,0,0,0,EXP001_W001_bursty.csv
2026-08-23T13:17:04.930,175,EXP001,W001,bursty,0.984,34.3,1200.0,13.96,30.31,41.4,83.2,6574.2,1328.86,0.0,6.0,473.88,0.004,0.0516,88.9,0.0,0.0,198215,529070,0,0,0,0,EXP001_W001_bursty.csv
2026-08-23T13:17:05.963,176,EXP001,W001,bursty,1.031,61.8,1200.0,13.96,61.79,71.6,84.0,6636.4,1266.66,0.0,6.0,473.88,0.0606,0.3031,88.9,0.0002,0.0,198215,529072,0,0,0,0,EXP001_W001_bursty.csv
2026-08-23T13:17:06.954,177,EXP001,W001,bursty,1.0,100.0,1200.0,14.13,100.0,100.0,84.0,6635.38,1267.68,0.0,6.0,473.88,0.0,0.0078,88.9,0.0002,0.0,198215,529075,0,0,0,0,EXP001_W001_bursty.csv
2026-08-23T13:17:07.963,178,EXP001,W001,bursty,1.0,100.0,1200.0,14.13,100.0,100.0,84.0,6636.31,1266.75,0.0,6.0,473.88,0.0234,0.0508,88.9,0.0001,0.0001,198216,529076,0,0,0,0,EXP001_W001_bursty.csv
2026-08-23T13:17:08.933,179,EXP001,W001,bursty,0.969,100.0,1200.0,14.13,100.0,100.0,84.0,6634.65,1268.4,0.0,6.0,473.88,0.0564,0.0282,88.9,0.0004,0.0003,198220,529081,0,0,0,0,EXP001_W001_bursty.csv
2026-08-23T13:17:09.931,180,EXP001,W001,bursty,1.0,100.0,1200.0,14.13,100.0,100.0,83.9,6631.51,1271.55,0.0,6.0,473.88,0.0,0.0,88.9,0.0001,0.0,198220,529082,0,0,0,0,EXP001_W001_bursty.csv
2026-08-23T13:17:10.923,181,EXP001,W001,bursty,1.0,100.0,1200.0,14.13,100.0,100.0,83.9,6629.69,1273.36,0.0,6.0,473.88,0.0117,0.1328,88.9,0.0001,0.0,198220,529083,0,0,0,0,EXP001_W001_bursty.csv
2026-08-23T13:17:11.943,182,EXP001,W001,bursty,1.016,100.0,1200.0,15.0,100.0,100.0,84.0,6636.13,1266.93,0.0,6.0,473.88,0.0,0.0038,88.9,0.0,0.0,198220,529083,0,0,0,0,EXP001_W001_bursty.csv
2026-08-23T13:17:12.966,183,EXP001,W001,bursty,1.031,100.0,1200.0,15.0,100.0,100.0,83.9,6633.97,1269.08,0.0,6.0,473.88,0.0,0.0,88.9,0.0,0.0,198220,529083,0,0,0,0,EXP001_W001_bursty.csv
2026-08-23T13:17:13.934,184,EXP001,W001,bursty,0.969,100.0,1200.0,15.0,100.0,100.0,83.9,6632.89,1270.17,0.0,6.0,473.88,0.0,0.004,88.9,0.0003,0.0003,198224,529087,0,0,0,0,EXP001_W001_bursty.csv
2026-08-23T13:17:14.926,185,EXP001,W001,bursty,0.984,100.0,1200.0,15.0,100.0,100.0,84.0,6640.04,1263.01,0.0,6.0,473.88,0.0,0.0357,88.9,0.0001,0.0,198224,529088,0,0,0,0,EXP001_W001_bursty.csv
2026-08-23T13:17:15.961,186,EXP001,W001,bursty,1.031,100.0,1200.0,15.0,100.0,100.0,84.0,6638.6,1264.45,0.0,6.0,473.88,0.0,0.1175,88.9,0.0,0.0,198224,529088,0,0,0,0,EXP001_W001_bursty.csv
2026-08-23T13:17:16.942,187,EXP001,W001,bursty,0.985,60.8,1200.0,13.88,60.84,88.7,83.1,6570.14,1332.92,0.0,6.0,473.88,0.0,0.0,88.9,0.0,0.0,198224,529088,0,0,0,0,EXP001_W001_bursty.csv
2026-08-23T13:17:17.944,188,EXP001,W001,bursty,1.0,19.2,1200.0,13.88,18.89,63.6,83.0,6561.52,1341.53,0.0,6.0,473.88,0.0,0.0039,88.9,0.0002,0.0,198224,529091,0,0,0,0,EXP001_W001_bursty.csv
2026-08-23T13:17:18.937,189,EXP001,W001,bursty,1.0,63.1,1200.0,13.88,65.49,83.1,84.0,6642.02,1261.04,0.0,6.0,473.88,0.125,0.4531,88.9,0.0005,0.0003,198228,529098,0,0,0,0,EXP001_W001_bursty.csv
2026-08-23T13:17:19.933,190,EXP001,W001,bursty,0.984,100.0,1200.0,13.88,100.0,100.0,84.0,6636.27,1266.78,0.0,6.0,473.88,0.0,0.004,88.9,0.0,0.0,198228,529098,0,0,0,0,EXP001_W001_bursty.csv
2026-08-23T13:17:20.944,191,EXP001,W001,bursty,1.016,100.0,1200.0,13.88,100.0,100.0,84.0,6636.77,1266.28,0.0,6.0,473.88,0.0,0.073,88.9,0.0,0.0,198228,529099,0,0,0,0,EXP001_W001_bursty.csv
2026-08-23T13:17:21.949,192,EXP001,W001,bursty,1.0,100.0,1200.0,13.81,100.0,100.0,83.9,6633.7,1269.35,0.0,6.0,473.88,0.0,0.0078,88.9,0.0001,0.0,198228,529101,0,0,0,0,EXP001_W001_bursty.csv
2026-08-23T13:17:22.965,193,EXP001,W001,bursty,1.015,100.0,1200.0,13.81,100.0,100.0,83.8,6625.53,1277.52,0.0,6.0,473.88,0.0616,0.0038,88.9,0.0001,0.0,198228,529105,0,0,0,0,EXP001_W001_bursty.csv
2026-08-23T13:17:23.924,194,EXP001,W001,bursty,0.969,91.6,1200.0,13.81,91.59,96.7,83.1,6566.25,1336.8,0.0,6.0,473.88,0.0,0.0202,88.9,0.0006,0.0004,198233,529112,0,0,0,0,EXP001_W001_bursty.csv
2026-08-23T13:17:24.926,195,EXP001,W001,bursty,1.0,5.3,1200.0,13.81,5.04,21.7,83.1,6565.42,1337.63,0.0,6.0,473.88,0.0,0.0312,88.9,0.0002,0.0,198233,529116,0,0,0,0,EXP001_W001_bursty.csv
2026-08-23T13:17:25.954,196,EXP001,W001,bursty,1.031,3.5,1200.0,13.81,3.6,12.1,83.0,6562.17,1340.88,0.0,6.0,473.88,0.0,0.0227,88.9,0.0001,0.0,198233,529119,0,0,0,0,EXP001_W001_bursty.csv
2026-08-23T13:17:26.960,197,EXP001,W001,bursty,1.0,64.5,1200.0,15.1,65.0,81.8,84.0,6638.32,1264.73,0.0,6.0,473.88,0.0,0.0039,88.9,0.0002,0.0,198233,529124,0,0,0,0,EXP001_W001_bursty.csv
2026-08-23T13:17:27.963,198,EXP001,W001,bursty,1.0,100.0,1200.0,15.1,100.0,100.0,83.9,6633.52,1269.54,0.0,6.0,473.88,0.0938,0.0,88.9,0.0001,0.0,198233,529126,0,0,0,0,EXP001_W001_bursty.csv
2026-08-23T13:17:28.928,199,EXP001,W001,bursty,0.969,100.0,1200.0,15.1,100.0,100.0,84.0,6635.54,1267.52,0.0,6.0,473.88,0.129,0.004,88.9,0.0004,0.001,198243,529134,0,0,0,0,EXP001_W001_bursty.csv
2026-08-23T13:17:29.929,200,EXP001,W001,bursty,1.0,100.0,1200.0,15.1,100.0,100.0,84.0,6637.99,1265.06,0.0,6.0,473.88,0.0,0.0781,88.9,0.0094,0.0013,198245,529140,0,0,0,0,EXP001_W001_bursty.csv
2026-08-23T13:17:30.956,201,EXP001,W001,bursty,1.031,100.0,1200.0,15.1,100.0,100.0,84.0,6636.28,1266.78,0.0,6.0,473.88,0.0,0.0796,88.9,0.0002,0.0,198245,529141,0,0,0,0,EXP001_W001_bursty.csv
2026-08-23T13:17:31.966,202,EXP001,W001,bursty,1.016,100.0,1200.0,14.61,100.0,100.0,83.9,6631.47,1271.58,0.0,6.0,473.88,0.0,0.0,88.9,0.0,0.0,198245,529142,0,0,0,0,EXP001_W001_bursty.csv
2026-08-23T13:17:32.965,203,EXP001,W001,bursty,0.984,100.0,1200.0,14.61,100.0,100.0,84.0,6636.46,1266.59,0.0,6.0,473.88,0.0,0.004,88.9,0.0,0.0,198245,529144,0,0,0,0,EXP001_W001_bursty.csv
2026-08-23T13:17:33.935,204,EXP001,W001,bursty,0.985,100.0,1200.0,14.61,100.0,100.0,84.0,6634.8,1268.26,0.0,6.0,473.88,0.0,0.0278,88.9,0.0005,0.0003,198249,529150,0,0,0,0,EXP001_W001_bursty.csv
2026-08-23T13:17:34.941,205,EXP001,W001,bursty,1.0,100.0,1200.0,14.61,100.0,100.0,83.9,6632.73,1270.32,0.0,6.0,473.88,0.0,0.0781,88.9,0.0003,0.0,198249,529153,0,0,0,0,EXP001_W001_bursty.csv
2026-08-23T13:17:35.981,206,EXP001,W001,bursty,1.046,100.0,1200.0,14.61,100.0,100.0,84.0,6640.56,1262.49,0.0,6.0,473.88,0.0,0.056,88.9,0.0001,0.0,198249,529156,0,0,0,0,EXP001_W001_bursty.csv
2026-08-23T13:17:36.987,207,EXP001,W001,bursty,1.0,100.0,1200.0,15.44,100.0,100.0,84.0,6639.51,1263.55,0.0,6.0,473.88,0.0,0.0039,88.9,0.0002,0.0,198249,529159,0,0,0,0,EXP001_W001_bursty.csv
2026-08-23T13:17:37.968,208,EXP001,W001,bursty,0.985,100.0,1200.0,15.44,100.0,100.0,84.0,6637.53,1265.52,0.0,6.0,473.88,0.0,0.004,88.9,0.0001,0.0,198249,529163,0,0,0,0,EXP001_W001_bursty.csv
2026-08-23T13:17:38.932,209,EXP001,W001,bursty,0.953,100.0,1200.0,15.44,100.0,100.0,84.1,6644.32,1258.73,0.0,6.0,473.88,0.0,0.0533,88.9,0.0005,0.0003,198253,529168,0,0,0,0,EXP001_W001_bursty.csv
2026-08-23T13:17:39.923,210,EXP001,W001,bursty,1.0,46.2,1200.0,15.44,46.27,100.0,83.3,6581.33,1321.72,0.0,6.0,473.88,0.0,0.0312,88.9,0.0,0.0,198253,529169,0,0,0,0,EXP001_W001_bursty.csv
2026-08-23T13:17:40.948,211,EXP001,W001,bursty,1.016,11.7,1200.0,15.44,11.51,31.3,83.1,6565.53,1337.53,0.0,6.0,473.88,0.0,0.0654,88.9,0.0002,0.0,198253,529172,0,0,0,0,EXP001_W001_bursty.csv
2026-08-23T13:17:41.941,212,EXP001,W001,bursty,1.0,22.7,1200.0,14.21,22.56,60.9,83.4,6593.04,1310.01,0.0,6.0,473.88,0.0,0.0039,88.9,0.0001,0.0,198253,529174,0,0,0,0,EXP001_W001_bursty.csv
2026-08-23T13:17:42.937,213,EXP001,W001,bursty,1.0,99.6,1200.0,14.21,99.61,100.0,84.0,6640.32,1262.73,0.0,6.0,473.88,0.0,0.0039,88.9,0.0,0.0,198253,529175,0,0,0,0,EXP001_W001_bursty.csv
2026-08-23T13:17:43.926,214,EXP001,W001,bursty,0.984,100.0,1200.0,14.21,100.0,100.0,84.0,6640.29,1262.77,0.0,6.0,473.88,0.0,0.0159,88.9,0.0003,0.0003,198257,529180,0,0,0,0,EXP001_W001_bursty.csv
2026-08-23T13:17:44.930,215,EXP001,W001,bursty,1.0,100.0,1200.0,14.21,100.0,100.0,84.0,6642.34,1260.72,0.0,6.0,473.88,0.0,0.0195,88.9,0.0,0.0,198257,529181,0,0,0,0,EXP001_W001_bursty.csv
2026-08-23T13:17:45.959,216,EXP001,W001,bursty,1.031,100.0,1200.0,14.21,100.0,100.0,84.1,6643.85,1259.2,0.0,6.0,473.88,0.0,0.0227,88.9,0.0,0.0,198257,529182,0,0,0,0,EXP001_W001_bursty.csv
2026-08-23T13:17:46.961,217,EXP001,W001,bursty,1.0,100.0,1200.0,14.27,100.0,100.0,84.0,6642.17,1260.88,0.0,6.0,473.88,0.0,0.0,88.9,0.0,0.0,198257,529183,0,0,0,0,EXP001_W001_bursty.csv
2026-08-23T13:17:47.944,218,EXP001,W001,bursty,0.985,100.0,1200.0,14.27,100.0,100.0,84.1,6644.89,1258.17,0.0,6.0,473.88,0.0,0.0436,88.9,0.0,0.0,198257,529183,0,0,0,0,EXP001_W001_bursty.csv
2026-08-23T13:17:48.956,219,EXP001,W001,bursty,1.015,100.0,1200.0,14.27,100.0,100.0,84.1,6645.57,1257.48,0.0,6.0,473.88,0.0,0.077,88.9,0.0005,0.0003,198261,529190,0,0,0,0,EXP001_W001_bursty.csv
2026-08-23T13:17:49.925,220,EXP001,W001,bursty,0.969,100.0,1200.0,14.27,100.0,100.0,84.1,6648.02,1255.04,0.0,6.0,473.88,0.0645,0.0282,88.9,0.0007,0.0002,198264,529194,0,0,0,0,EXP001_W001_bursty.csv
2026-08-23T13:17:50.960,221,EXP001,W001,bursty,1.031,100.0,1200.0,14.27,100.0,100.0,84.2,6650.75,1252.31,0.0,6.0,473.88,0.0,0.0682,88.9,0.0044,0.0007,198269,529200,0,0,0,0,EXP001_W001_bursty.csv
2026-08-23T13:17:51.959,222,EXP001,W001,bursty,1.0,100.0,1200.0,15.37,100.0,100.0,84.1,6649.91,1253.14,0.0,6.0,473.88,0.0,0.0781,88.9,0.0006,0.0021,198275,529205,0,0,0,0,EXP001_W001_bursty.csv
2026-08-23T13:17:52.959,223,EXP001,W001,bursty,1.0,100.0,1200.0,15.37,100.0,100.0,84.1,6649.89,1253.17,0.0,6.0,473.88,0.0,0.0352,88.9,0.0003,0.0002,198277,529209,0,0,0,0,EXP001_W001_bursty.csv
2026-08-23T13:17:53.932,224,EXP001,W001,bursty,0.969,85.2,1200.0,15.37,85.35,91.1,83.2,6575.99,1327.07,0.0,6.0,473.51,0.387,0.0,88.9,0.0004,0.0003,198281,529214,0,0,0,0,EXP001_W001_bursty.csv
2026-08-23T13:17:54.919,225,EXP001,W001,bursty,1.0,6.6,1200.0,15.37,6.5,21.5,83.1,6564.04,1339.02,0.0,6.0,473.51,0.0,0.0547,88.9,0.0002,0.0,198281,529217,0,0,0,0,EXP001_W001_bursty.csv
2026-08-23T13:17:55.967,226,EXP001,W001,bursty,1.047,74.7,1200.0,15.37,76.17,81.7,84.1,6645.12,1257.93,0.0,6.0,473.51,0.0,0.2724,88.9,0.0002,0.0,198281,529220,0,0,0,0,EXP001_W001_bursty.csv
2026-08-23T13:17:56.961,227,EXP001,W001,bursty,0.984,100.0,1200.0,15.1,100.0,100.0,83.8,6623.04,1280.01,0.0,6.0,473.51,0.0,0.004,88.9,0.0,0.0,198281,529224,0,0,0,0,EXP001_W001_bursty.csv
2026-08-23T13:17:57.956,228,EXP001,W001,bursty,1.0,100.0,1200.0,15.1,100.0,100.0,83.8,6620.37,1282.68,0.0,6.0,473.51,0.0,0.0,88.9,0.0002,0.0,198281,529225,0,0,0,0,EXP001_W001_bursty.csv
2026-08-23T13:17:58.927,229,EXP001,W001,bursty,0.969,100.0,1200.0,15.1,100.0,100.0,83.8,6625.41,1277.64,0.0,6.0,473.51,0.0645,0.129,88.9,0.0004,0.0003,198285,529230,0,0,0,0,EXP001_W001_bursty.csv
2026-08-23T13:17:59.927,230,EXP001,W001,bursty,1.0,100.0,1200.0,15.1,100.0,100.0,83.8,6619.71,1283.34,0.0,6.0,473.51,0.0,0.0586,88.9,0.0,0.0,198285,529231,0,0,0,0,EXP001_W001_bursty.csv
2026-08-23T13:18:00.963,231,EXP001,W001,bursty,1.031,100.0,1200.0,15.1,100.0,100.0,83.8,6622.69,1280.36,0.0,6.0,473.51,0.0,0.0152,88.9,0.0,0.0,198285,529231,0,0,0,0,EXP001_W001_bursty.csv
2026-08-23T13:18:01.938,232,EXP001,W001,bursty,0.985,78.3,1200.0,13.89,78.26,91.9,83.0,6561.22,1341.84,0.0,6.0,473.51,0.0,0.004,88.9,0.0001,0.0,198285,529233,0,0,0,0,EXP001_W001_bursty.csv
2026-08-23T13:18:02.951,233,EXP001,W001,bursty,1.015,26.6,1200.0,13.89,26.44,63.6,83.0,6561.39,1341.66,0.0,6.0,473.51,0.0,0.0038,88.9,0.0,0.0,198285,529233,0,0,0,0,EXP001_W001_bursty.csv
2026-08-23T13:18:03.920,234,EXP001,W001,bursty,0.969,8.8,1200.0,13.89,8.8,25.8,83.0,6559.66,1343.4,0.0,6.0,473.51,0.0,0.0403,88.9,0.0009,0.0003,198289,529244,0,0,0,0,EXP001_W001_bursty.csv
2026-08-23T13:18:04.936,235,EXP001,W001,bursty,1.016,100.0,1200.0,13.89,100.0,100.0,83.8,6623.0,1280.06,0.0,6.0,473.51,0.0,0.0231,88.9,0.0002,0.0,198289,529246,0,0,0,0,EXP001_W001_bursty.csv
2026-08-23T13:18:05.963,236,EXP001,W001,bursty,1.015,100.0,1200.0,13.89,100.0,100.0,83.8,6624.38,1278.68,0.0,6.0,473.51,0.0,0.0885,88.9,0.0001,0.0,198289,529247,0,0,0,0,EXP001_W001_bursty.csv
2026-08-23T13:18:06.966,237,EXP001,W001,bursty,1.016,100.0,1200.0,13.74,100.0,100.0,83.9,6627.41,1275.65,0.0,6.0,473.51,0.0615,0.0154,88.9,0.0,0.0,198289,529247,0,0,0,0,EXP001_W001_bursty.csv
2026-08-23T13:18:07.963,238,EXP001,W001,bursty,0.984,100.0,1200.0,13.74,100.0,100.0,83.8,6626.09,1276.96,0.0,6.0,473.51,0.0,0.1389,88.9,0.0002,0.0,198289,529249,0,0,0,0,EXP001_W001_bursty.csv
2026-08-23T13:18:08.935,239,EXP001,W001,bursty,0.985,100.0,1200.0,13.74,100.0,100.0,83.8,6624.68,1278.37,0.0,6.0,473.51,0.0,0.0595,88.9,0.0005,0.0004,198294,529257,0,0,0,0,EXP001_W001_bursty.csv
2026-08-23T13:18:09.930,240,EXP001,W001,bursty,0.984,100.0,1200.0,13.74,100.0,100.0,83.9,6628.55,1274.5,0.0,6.0,473.51,0.0,0.0278,88.9,0.0001,0.0,198294,529257,0,0,0,0,EXP001_W001_bursty.csv
2026-08-23T13:18:10.967,241,EXP001,W001,bursty,1.047,100.0,1200.0,13.74,100.0,100.0,83.9,6628.07,1274.98,0.0,6.0,473.51,0.0,0.0672,88.9,0.0,0.0,198294,529257,0,0,0,0,EXP001_W001_bursty.csv
2026-08-23T13:18:11.960,242,EXP001,W001,bursty,0.984,100.0,1200.0,14.0,100.0,100.0,83.8,6626.5,1276.56,0.0,6.0,473.51,0.0,0.0,88.9,0.0002,0.0,198294,529259,0,0,0,0,EXP001_W001_bursty.csv
2026-08-23T13:18:12.951,243,EXP001,W001,bursty,1.0,100.0,1200.0,14.0,100.0,100.0,83.8,6623.91,1279.14,0.0,6.0,473.51,0.0,0.0078,88.9,0.0001,0.0,198294,529260,0,0,0,0,EXP001_W001_bursty.csv
2026-08-23T13:18:13.924,244,EXP001,W001,bursty,0.969,100.0,1200.0,14.0,100.0,100.0,83.8,6622.4,1280.65,0.0,6.0,473.51,0.0,0.0161,88.9,0.0003,0.0003,198298,529264,0,0,0,0,EXP001_W001_bursty.csv
2026-08-23T13:18:14.932,245,EXP001,W001,bursty,1.0,100.0,1200.0,14.0,100.0,100.0,83.8,6622.01,1281.04,0.0,6.0,473.51,0.0,0.0195,88.9,0.0,0.0,198298,529264,0,0,0,0,EXP001_W001_bursty.csv
2026-08-23T13:18:15.955,246,EXP001,W001,bursty,1.031,100.0,1200.0,14.0,100.0,100.0,83.8,6623.43,1279.62,0.0,6.0,473.51,0.1212,0.0189,88.9,0.0,0.0,198298,529264,0,0,0,0,EXP001_W001_bursty.csv
2026-08-23T13:18:16.962,247,EXP001,W001,bursty,1.0,100.0,1200.0,14.72,100.0,100.0,83.9,6626.95,1276.11,0.0,6.0,473.51,0.0,0.0039,88.9,0.0001,0.0,198298,529265,0,0,0,0,EXP001_W001_bursty.csv
2026-08-23T13:18:17.946,248,EXP001,W001,bursty,0.985,36.5,1200.0,14.72,36.29,66.7,83.0,6561.96,1341.1,0.0,6.0,473.51,0.0,0.1943,88.9,0.0,0.0,198298,529265,0,0,0,0,EXP001_W001_bursty.csv
2026-08-23T13:18:18.931,249,EXP001,W001,bursty,0.984,14.0,1200.0,14.72,13.88,43.8,82.9,6554.98,1348.08,0.0,6.0,473.51,0.0,0.0834,88.9,0.0003,0.0003,198302,529270,0,0,0,0,EXP001_W001_bursty.csv
2026-08-23T13:18:19.924,250,EXP001,W001,bursty,1.0,50.7,1200.0,14.72,54.04,59.2,83.8,6620.87,1282.19,0.0,6.0,473.51,0.0,0.0,88.9,0.0001,0.0,198302,529272,0,0,0,0,EXP001_W001_bursty.csv
2026-08-23T13:18:20.968,251,EXP001,W001,bursty,1.047,100.0,1200.0,14.72,100.0,100.0,83.9,6628.43,1274.62,0.0,6.0,473.51,0.0149,0.0709,88.9,0.0102,0.0034,198313,529285,0,0,0,0,EXP001_W001_bursty.csv
2026-08-23T13:18:21.946,252,EXP001,W001,bursty,0.969,100.0,1200.0,15.54,100.0,100.0,83.8,6625.13,1277.93,0.0,6.0,473.51,0.0,0.004,88.9,0.0769,0.0013,198330,529306,0,0,0,0,EXP001_W001_bursty.csv
2026-08-23T13:18:22.963,253,EXP001,W001,bursty,1.015,100.0,1200.0,15.54,100.0,100.0,83.8,6623.54,1279.51,0.0,6.0,473.51,0.0,0.0115,88.9,0.0,0.0,198330,529307,0,0,0,0,EXP001_W001_bursty.csv
2026-08-23T13:18:23.931,254,EXP001,W001,bursty,0.969,100.0,1200.0,15.54,100.0,100.0,83.8,6621.95,1281.11,0.0,6.0,473.51,0.0,0.0645,88.9,0.0008,0.0003,198334,529318,0,0,0,0,EXP001_W001_bursty.csv
2026-08-23T13:18:24.934,255,EXP001,W001,bursty,1.0,100.0,1200.0,15.54,100.0,100.0,83.8,6619.94,1283.11,0.0,6.0,473.51,0.0,0.0273,88.9,0.0001,0.0,198334,529320,0,0,0,0,EXP001_W001_bursty.csv
2026-08-23T13:18:25.957,256,EXP001,W001,bursty,1.031,100.0,1200.0,15.54,100.0,100.0,83.7,6611.2,1291.86,0.0,6.0,473.51,0.0,0.1326,88.9,0.0002,0.0,198334,529324,0,0,0,0,EXP001_W001_bursty.csv
2026-08-23T13:18:26.957,257,EXP001,W001,bursty,1.0,100.0,1200.0,15.26,100.0,100.0,83.7,6615.04,1288.01,0.0,6.0,473.51,0.0078,0.0,88.9,0.0002,0.0,198334,529327,0,0,0,0,EXP001_W001_bursty.csv
2026-08-23T13:18:27.983,258,EXP001,W001,bursty,1.031,100.0,1200.0,15.26,100.0,100.0,84.1,6643.13,1259.93,0.0,6.0,473.51,0.0,0.0038,88.9,0.0,0.0,198334,529328,0,0,0,0,EXP001_W001_bursty.csv
2026-08-23T13:18:28.977,259,EXP001,W001,bursty,0.985,100.0,1200.0,15.26,100.0,100.0,84.2,6652.89,1250.16,0.0,6.0,473.51,0.0,0.004,88.9,0.0005,0.0003,198338,529335,0,0,0,0,EXP001_W001_bursty.csv
2026-08-23T13:18:29.938,260,EXP001,W001,bursty,0.969,100.0,1200.0,15.26,100.0,100.0,83.9,6633.49,1269.56,0.0,6.0,473.51,0.0,0.0806,88.9,0.0,0.0,198338,529336,0,0,0,0,EXP001_W001_bursty.csv
2026-08-23T13:18:30.935,261,EXP001,W001,bursty,1.0,100.0,1200.0,15.26,100.0,100.0,84.1,6643.67,1259.39,0.0,6.0,473.51,0.0,0.0234,88.9,0.0001,0.0001,198339,529337,0,0,0,0,EXP001_W001_bursty.csv
2026-08-23T13:18:31.954,262,EXP001,W001,bursty,1.015,100.0,1200.0,16.84,100.0,100.0,84.0,6639.21,1263.85,0.0,6.0,473.51,0.0,0.0038,88.9,0.0006,0.0009,198344,529340,0,0,0,0,EXP001_W001_bursty.csv
2026-08-23T13:18:32.934,263,EXP001,W001,bursty,0.985,34.8,1200.0,16.84,34.45,79.1,83.5,6601.94,1301.11,0.0,6.0,473.51,0.111,0.004,88.9,0.0076,0.0029,198350,529349,0,0,0,0,EXP001_W001_bursty.csv
2026-08-23T13:18:33.940,264,EXP001,W001,bursty,1.0,35.0,1200.0,16.84,34.52,70.6,83.6,6607.23,1295.82,0.0,6.0,473.51,0.0273,0.0195,88.9,0.0003,0.0003,198354,529353,0,0,0,0,EXP001_W001_bursty.csv
2026-08-23T13:18:34.942,265,EXP001,W001,bursty,1.0,40.2,1200.0,16.84,39.81,69.2,84.3,6664.95,1238.11,0.0,6.0,473.51,0.0,0.0,88.9,0.0,0.0,198354,529354,0,0,0,0,EXP001_W001_bursty.csv
2026-08-23T13:18:35.964,266,EXP001,W001,bursty,1.015,100.0,1200.0,16.84,100.0,100.0,84.4,6667.55,1235.5,0.0,6.0,473.51,0.1308,0.0885,88.9,0.0001,0.0,198354,529354,0,0,0,0,EXP001_W001_bursty.csv
2026-08-23T13:18:36.957,267,EXP001,W001,bursty,1.0,100.0,1200.0,16.77,100.0,100.0,84.5,6675.12,1227.93,0.0,6.0,473.51,0.0,0.0156,88.9,0.0001,0.0,198354,529356,0,0,0,0,EXP001_W001_bursty.csv
2026-08-23T13:18:37.957,268,EXP001,W001,bursty,1.0,100.0,1200.0,16.77,100.0,100.0,84.3,6666.2,1236.86,0.0,6.0,473.51,0.0,0.0,88.9,0.0002,0.0001,198355,529358,0,0,0,0,EXP001_W001_bursty.csv
2026-08-23T13:18:38.963,269,EXP001,W001,bursty,1.0,100.0,1200.0,16.77,100.0,100.0,84.4,6667.92,1235.13,0.0,6.0,473.51,0.0312,0.1055,88.9,0.0004,0.0003,198359,529363,0,0,0,0,EXP001_W001_bursty.csv
2026-08-23T13:18:39.930,270,EXP001,W001,bursty,0.969,100.0,1200.0,16.77,100.0,100.0,84.5,6675.43,1227.62,0.0,6.0,473.51,0.2137,0.0322,88.9,0.0001,0.0,198359,529364,0,0,0,0,EXP001_W001_bursty.csv
2026-08-23T13:18:40.972,271,EXP001,W001,bursty,1.047,100.0,1200.0,16.77,100.0,100.0,84.3,6664.75,1238.3,0.0,6.0,473.51,0.0,0.1269,88.9,0.0002,0.0,198359,529367,0,0,0,0,EXP001_W001_bursty.csv
2026-08-23T13:18:41.933,272,EXP001,W001,bursty,0.953,87.8,1200.0,15.43,87.61,100.0,83.5,6598.71,1304.34,0.0,6.0,473.51,0.0656,0.0082,88.9,0.002,0.0029,198369,529375,0,0,0,0,EXP001_W001_bursty.csv
2026-08-23T13:18:42.944,273,EXP001,W001,bursty,1.016,25.1,1200.0,15.43,24.27,80.3,83.4,6587.63,1315.43,0.0,6.0,473.51,0.0,0.0038,88.9,0.0001,0.0,198369,529376,0,0,0,0,EXP001_W001_bursty.csv
2026-08-23T13:18:43.943,274,EXP001,W001,bursty,1.0,77.8,1200.0,15.43,79.8,91.8,84.4,6669.07,1233.99,0.0,6.0,473.51,0.1797,0.0039,88.9,0.0004,0.0003,198373,529382,0,0,0,0,EXP001_W001_bursty.csv
2026-08-23T13:18:44.929,275,EXP001,W001,bursty,0.984,100.0,1200.0,15.43,100.0,100.0,84.4,6672.2,1230.85,0.0,6.0,473.51,0.0,0.0238,88.9,0.0001,0.0,198373,529382,0,0,0,0,EXP001_W001_bursty.csv
2026-08-23T13:18:45.962,276,EXP001,W001,bursty,1.031,100.0,1200.0,15.43,100.0,100.0,84.5,6675.73,1227.32,0.0,6.0,473.51,0.4774,0.0871,88.9,0.0007,0.0004,198377,529385,0,0,0,0,EXP001_W001_bursty.csv
2026-08-23T13:18:46.951,277,EXP001,W001,bursty,1.0,100.0,1200.0,15.8,100.0,100.0,84.5,6680.09,1222.96,0.0,6.0,473.51,0.0,0.0039,88.9,0.0097,0.0068,198388,529395,0,0,0,0,EXP001_W001_bursty.csv
2026-08-23T13:18:47.960,278,EXP001,W001,bursty,1.0,100.0,1200.0,15.8,100.0,100.0,84.5,6679.69,1223.36,0.0,6.0,473.51,0.0,0.0039,88.9,0.0,0.0001,198388,529395,0,0,0,0,EXP001_W001_bursty.csv
2026-08-23T13:18:48.936,279,EXP001,W001,bursty,0.985,100.0,1200.0,15.8,100.0,100.0,84.6,6687.26,1215.79,0.0,6.0,473.51,0.0317,0.1507,88.9,0.0003,0.0003,198392,529399,0,0,0,0,EXP001_W001_bursty.csv
2026-08-23T13:18:49.929,280,EXP001,W001,bursty,0.984,63.6,1200.0,15.8,58.88,78.2,83.8,6623.69,1279.36,0.0,6.0,473.51,0.0,0.0,88.9,0.0,0.0,198392,529399,0,0,0,0,EXP001_W001_bursty.csv
2026-08-23T13:18:50.940,281,EXP001,W001,bursty,1.016,12.1,1200.0,15.8,12.01,36.8,83.8,6622.69,1280.37,0.0,6.0,473.51,0.2158,0.0231,88.9,0.0001,0.0,198392,529400,0,0,0,0,EXP001_W001_bursty.csv
2026-08-23T13:18:52.000,282,EXP001,W001,bursty,1.062,26.5,1200.0,16.45,26.35,72.9,83.8,6623.83,1279.23,0.0,6.0,473.51,0.0,0.0037,88.9,0.0001,0.0,198392,529401,0,0,0,0,EXP001_W001_bursty.csv
2026-08-23T13:18:52.973,283,EXP001,W001,bursty,0.969,100.0,1200.0,16.45,100.0,100.0,84.8,6701.61,1201.44,0.0,6.0,473.51,0.0605,0.0,88.9,0.0001,0.0,198392,529402,0,0,0,0,EXP001_W001_bursty.csv
2026-08-23T13:18:53.934,284,EXP001,W001,bursty,0.953,100.0,1200.0,16.45,100.0,100.0,84.9,6705.96,1197.09,0.0,6.0,473.51,0.041,0.0123,88.9,0.0004,0.0004,198397,529407,0,0,0,0,EXP001_W001_bursty.csv
2026-08-23T13:18:54.932,285,EXP001,W001,bursty,1.0,100.0,1200.0,16.45,100.0,100.0,84.9,6706.05,1197.0,0.0,6.0,473.51,0.0,0.0234,88.9,0.0005,0.0003,198402,529410,0,0,0,0,EXP001_W001_bursty.csv
2026-08-23T13:18:55.964,286,EXP001,W001,bursty,1.031,100.0,1200.0,16.45,100.0,100.0,84.6,6687.26,1215.79,0.0,6.0,473.51,0.0748,0.0682,88.9,0.0072,0.0166,198410,529419,0,0,0,0,EXP001_W001_bursty.csv
2026-08-23T13:18:56.974,287,EXP001,W001,bursty,1.016,100.0,1200.0,16.82,100.0,100.0,84.8,6699.62,1203.43,0.0,6.0,473.51,0.1797,0.1423,88.9,0.0007,0.0001,198411,529428,0,0,0,0,EXP001_W001_bursty.csv
2026-08-23T13:18:57.975,288,EXP001,W001,bursty,1.0,100.0,1200.0,16.82,100.0,100.0,84.6,6689.89,1213.16,0.0,6.0,473.51,0.0,0.0742,88.9,0.0001,0.0,198411,529430,0,0,0,0,EXP001_W001_bursty.csv
2026-08-23T13:18:58.934,289,EXP001,W001,bursty,0.969,100.0,1200.0,16.82,100.0,100.0,84.6,6683.1,1219.95,0.0,6.0,473.51,0.0726,0.125,88.9,0.0003,0.0003,198415,529434,0,0,0,0,EXP001_W001_bursty.csv
2026-08-23T13:18:59.929,290,EXP001,W001,bursty,0.984,100.0,1200.0,16.82,100.0,100.0,84.6,6683.8,1219.25,0.0,6.0,473.51,0.0159,0.1072,88.9,0.0001,0.0,198415,529436,0,0,0,0,EXP001_W001_bursty.csv
2026-08-23T13:19:00.938,291,EXP001,W001,bursty,1.016,100.0,1200.0,16.82,100.0,100.0,84.6,6684.61,1218.45,0.0,6.0,473.51,0.0615,0.0923,88.9,0.0003,0.006,198418,529440,0,0,0,0,EXP001_W001_bursty.csv
2026-08-23T13:19:01.958,292,EXP001,W001,bursty,1.015,100.0,1200.0,16.82,100.0,100.0,84.5,6675.72,1227.34,0.0,6.0,473.51,0.0,0.0577,88.9,0.0,0.0001,198418,529440,0,0,0,0,EXP001_W001_bursty.csv
2026-08-23T13:19:02.972,293,EXP001,W001,bursty,1.016,100.0,1200.0,17.55,100.0,100.0,84.4,6669.28,1233.78,0.0,6.0,473.51,0.0,0.0038,88.9,0.0,0.0,198418,529440,0,0,0,0,EXP001_W001_bursty.csv
2026-08-23T13:19:03.923,294,EXP001,W001,bursty,0.953,100.0,1200.0,17.55,100.0,100.0,84.4,6671.16,1231.9,0.0,6.0,473.51,0.0,0.0082,88.9,0.0002,0.0,198422,529446,0,0,0,0,EXP001_W001_bursty.csv
2026-08-23T13:19:04.927,295,EXP001,W001,bursty,1.0,100.0,1200.0,17.55,100.0,100.0,84.4,6668.61,1234.44,0.0,6.0,473.51,0.0,0.0273,88.9,0.0003,0.0003,198422,529446,0,0,0,0,EXP001_W001_bursty.csv
2026-08-23T13:19:05.945,296,EXP001,W001,bursty,1.016,59.7,1200.0,17.55,56.61,64.5,83.6,6604.74,1298.31,0.0,6.0,473.51,0.0,0.0538,88.9,0.0003,0.009,198425,529450,0,0,0,0,EXP001_W001_bursty.csv
2026-08-23T13:19:06.944,297,EXP001,W001,bursty,1.0,26.7,1200.0,17.55,26.82,67.7,83.5,6600.56,1302.49,0.0,6.0,473.51,0.0,0.0039,88.9,0.0002,0.0001,198426,529453,0,0,0,0,EXP001_W001_bursty.csv
2026-08-23T13:19:07.969,298,EXP001,W001,bursty,1.031,55.8,1200.0,16.31,55.89,75.4,84.4,6667.75,1235.3,0.0,6.0,473.51,0.0,0.0758,88.9,0.0001,0.0,198426,529455,0,0,0,0,EXP001_W001_bursty.csv
2026-08-23T13:19:08.934,299,EXP001,W001,bursty,0.953,100.0,1200.0,16.31,100.0,100.0,84.3,6661.73,1241.33,0.0,6.0,473.51,0.0,0.0041,88.9,0.0008,0.0099,198433,529464,0,0,0,0,EXP001_W001_bursty.csv
2026-08-23T13:19:09.927,300,EXP001,W001,bursty,1.0,100.0,1200.0,16.31,100.0,100.0,84.3,6659.32,1243.73,0.0,6.0,473.51,0.0,0.0352,88.9,0.0001,0.0,198433,529465,0,0,0,0,EXP001_W001_bursty.csv
2026-08-23T11:32:55.794,1,EXP001,W001,gaming,0.032,66.7,2100.0,23.87,66.67,100.0,98.0,15702.44,322.07,0.0,17.0,2697.86,150.5585,3.418,53.4,0.1927,0.0,628358,1219051,0,0,0,0,EXP001_W001_gaming.csv
2026-08-23T11:32:56.798,2,EXP001,W001,gaming,1.0,79.6,2100.0,23.87,79.65,100.0,97.5,15624.54,399.96,0.0,16.8,2676.52,32.9346,0.4961,53.4,0.0847,0.0057,628381,1219216,0,0,0,0,EXP001_W001_gaming.csv
2026-08-23T11:32:57.812,3,EXP001,W001,gaming,1.015,75.5,2100.0,23.87,75.54,100.0,98.1,15720.1,304.41,0.0,16.8,2673.73,69.6029,0.5234,53.4,0.0593,0.0077,628409,1219374,0,0,0,0,EXP001_W001_gaming.csv
2026-08-23T11:32:58.818,4,EXP001,W001,gaming,1.016,72.0,2100.0,22.28,72.05,90.9,97.2,15572.39,452.11,0.0,16.9,2685.84,63.6443,14.0064,53.4,0.0426,0.0189,628516,1219543,0,0,0,0,EXP001_W001_gaming.csv
2026-08-23T11:32:59.813,5,EXP001,W001,gaming,0.984,80.5,2100.0,22.28,80.41,98.6,97.2,15578.57,445.93,0.0,16.9,2684.49,24.9728,1.1751,53.4,0.0323,0.0121,628582,1219692,0,0,0,0,EXP001_W001_gaming.csv
2026-08-23T11:33:00.811,6,EXP001,W001,gaming,1.0,89.9,2100.0,22.28,90.02,100.0,97.3,15595.1,429.4,0.0,16.9,2684.49,70.5254,0.6914,53.4,0.0195,0.0232,628709,1219826,0,0,0,0,EXP001_W001_gaming.csv
2026-08-23T11:33:01.809,7,EXP001,W001,gaming,1.0,94.4,2100.0,22.28,94.28,100.0,97.0,15539.86,484.65,0.0,17.3,2753.55,55.9258,69.7617,53.4,0.0207,0.0257,628866,1219974,0,0,0,0,EXP001_W001_gaming.csv
2026-08-23T11:33:02.809,8,EXP001,W001,gaming,1.0,89.0,2100.0,22.28,89.07,100.0,95.1,15231.76,792.75,0.0,19.1,3031.2,48.4434,277.8945,53.4,0.0145,0.0227,629014,1220086,0,0,0,0,EXP001_W001_gaming.csv
2026-08-23T11:33:03.805,9,EXP001,W001,gaming,1.0,90.6,2100.0,24.74,90.57,100.0,95.2,15250.57,773.93,0.0,19.1,3031.2,58.0981,0.4414,53.4,0.0248,0.0334,629200,1220245,0,0,0,0,EXP001_W001_gaming.csv
2026-08-23T11:33:04.817,10,EXP001,W001,gaming,1.016,90.4,2100.0,24.74,90.53,100.0,94.8,15194.77,829.74,0.0,19.1,3031.2,40.8133,0.6959,53.4,0.0313,0.0334,629392,1220437,0,0,0,0,EXP001_W001_gaming.csv
2026-08-23T11:33:05.794,11,EXP001,W001,gaming,0.969,84.7,2100.0,24.74,84.8,100.0,94.1,15079.38,945.13,0.0,19.8,3145.74,41.6757,120.5536,53.4,0.0367,0.0301,629554,1220602,0,0,0,0,EXP001_W001_gaming.csv
2026-08-23T11:33:06.807,12,EXP001,W001,gaming,1.015,88.4,2100.0,24.74,88.4,100.0,93.7,15007.82,1016.69,0.0,19.8,3145.38,25.1102,0.4002,53.4,0.0231,0.031,629719,1220746,0,0,0,0,EXP001_W001_gaming.csv
2026-08-23T11:33:07.827,13,EXP001,W001,gaming,1.016,90.0,2100.0,24.74,90.48,100.0,93.6,14999.22,1025.28,0.0,19.8,3145.38,23.561,5.8017,53.4,0.024,0.0408,629916,1220913,0,0,0,0,EXP001_W001_gaming.csv
2026-08-23T11:33:08.819,14,EXP001,W001,gaming,1.0,84.1,2100.0,22.76,83.44,100.0,93.3,14956.13,1068.38,0.0,19.8,3144.95,20.5684,0.4141,53.4,0.0237,0.0401,630099,1221068,0,0,0,0,EXP001_W001_gaming.csv
2026-08-23T11:33:09.808,15,EXP001,W001,gaming,0.984,77.9,2100.0,22.76,77.92,100.0,92.9,14888.99,1135.51,0.0,19.8,3144.09,2.0191,6.0063,53.4,0.0498,0.0427,630293,1221244,0,0,0,0,EXP001_W001_gaming.csv
2026-08-23T11:33:10.814,16,EXP001,W001,gaming,1.0,87.0,2100.0,22.76,87.07,100.0,92.8,14869.66,1154.84,0.0,19.8,3144.09,3.5449,0.1445,53.4,0.0492,0.0371,630480,1221418,0,0,0,0,EXP001_W001_gaming.csv
2026-08-23T11:33:11.817,17,EXP001,W001,gaming,1.016,90.9,2100.0,22.76,90.92,100.0,92.6,14832.38,1192.12,0.0,19.8,3144.09,2.1415,0.5729,53.4,0.0492,0.0254,630635,1221573,0,0,0,0,EXP001_W001_gaming.csv
2026-08-23T11:33:12.814,18,EXP001,W001,gaming,0.984,88.6,2100.0,22.76,88.67,100.0,92.4,14804.95,1219.56,0.0,19.8,3143.84,3.1996,5.5458,53.4,0.0312,0.0276,630773,1221713,0,0,0,0,EXP001_W001_gaming.csv
2026-08-23T11:33:13.804,19,EXP001,W001,gaming,1.0,86.6,2100.0,20.94,86.66,100.0,92.1,14765.09,1259.41,0.0,19.8,3143.71,1.1719,0.5859,53.4,0.0337,0.0381,630953,1221874,0,0,0,0,EXP001_W001_gaming.csv
2026-08-23T11:33:14.808,20,EXP001,W001,gaming,1.0,89.4,2100.0,20.94,89.47,100.0,91.9,14725.86,1298.65,0.0,19.8,3143.59,4.5898,0.3125,53.4,0.035,0.0418,631157,1222046,0,0,0,0,EXP001_W001_gaming.csv
2026-08-23T11:33:15.802,21,EXP001,W001,gaming,1.0,82.9,2100.0,20.94,82.97,100.0,91.3,14631.82,1392.69,0.0,19.8,3143.59,5.3711,0.2539,53.4,0.0281,0.0382,631343,1222208,0,0,0,0,EXP001_W001_gaming.csv
2026-08-23T11:33:16.807,22,EXP001,W001,gaming,1.0,82.4,2100.0,20.94,82.4,100.0,90.9,14566.27,1458.23,0.0,19.8,3143.38,4.0,0.2188,53.4,0.0448,0.0394,631523,1222387,0,0,0,0,EXP001_W001_gaming.csv
2026-08-23T11:33:17.798,23,EXP001,W001,gaming,0.985,86.2,2100.0,20.94,86.33,100.0,90.6,14512.18,1512.32,0.0,19.8,3143.38,1.0985,0.2141,53.4,0.0413,0.047,631721,1222571,0,0,0,0,EXP001_W001_gaming.csv
2026-08-23T11:33:18.822,24,EXP001,W001,gaming,1.031,96.9,2100.0,19.74,96.9,100.0,93.6,15006.5,1018.0,0.0,19.8,3143.32,297.1937,0.7199,53.4,4.1909,0.0512,632084,1226119,0,0,0,0,EXP001_W001_gaming.csv
2026-08-23T11:33:19.819,25,EXP001,W001,gaming,1.0,95.5,2100.0,19.74,95.46,100.0,92.0,14746.54,1277.96,0.0,19.8,3143.32,95.7085,6.5742,53.4,8.3436,0.0833,632645,1233203,0,0,0,0,EXP001_W001_gaming.csv
2026-08-23T11:33:20.806,26,EXP001,W001,gaming,0.984,95.9,2100.0,19.74,95.94,100.0,93.0,14909.61,1114.89,0.0,19.8,3143.32,34.799,128.7435,53.4,4.1747,0.0551,633012,1236234,0,0,0,0,EXP001_W001_gaming.csv
2026-08-23T11:33:21.824,27,EXP001,W001,gaming,1.016,95.9,2100.0,19.74,95.93,100.0,94.0,15070.54,953.96,0.0,19.8,3143.32,273.5721,158.4684,53.4,3.8103,0.0368,633312,1239401,0,0,0,0,EXP001_W001_gaming.csv
2026-08-23T11:33:22.807,28,EXP001,W001,gaming,0.984,97.2,2100.0,19.74,97.22,100.0,92.3,14786.27,1238.23,0.0,19.8,3142.57,52.2188,90.201,53.4,8.5551,0.0542,633818,1246154,0,0,0,0,EXP001_W001_gaming.csv
2026-08-23T11:33:23.817,29,EXP001,W001,gaming,1.016,90.8,2100.0,19.76,90.79,100.0,92.9,14889.69,1134.81,0.0,19.7,3126.82,207.2442,128.0066,53.4,0.6115,0.03,634030,1247194,0,0,0,0,EXP001_W001_gaming.csv
2026-08-23T11:33:24.817,30,EXP001,W001,gaming,1.0,97.5,2100.0,19.76,97.47,100.0,93.2,14929.2,1095.3,0.0,19.6,3121.37,30.6719,7.3477,53.4,14.6407,0.0634,634706,1258810,0,0,0,0,EXP001_W001_gaming.csv
2026-08-23T11:33:25.817,31,EXP001,W001,gaming,1.0,94.6,2100.0,19.76,94.6,100.0,91.3,14637.71,1386.79,0.0,19.6,3121.37,36.0049,111.668,53.4,4.0976,0.0405,635023,1261786,0,0,0,0,EXP001_W001_gaming.csv
2026-08-23T11:33:26.812,32,EXP001,W001,gaming,0.984,98.0,2100.0,19.76,97.98,100.0,92.9,14887.92,1136.59,0.0,19.6,3120.99,307.9487,15.7997,53.4,0.0268,0.0342,635207,1261937,0,0,0,0,EXP001_W001_gaming.csv
2026-08-23T11:33:27.827,33,EXP001,W001,gaming,1.016,96.6,2100.0,19.76,96.37,100.0,91.9,14719.29,1305.21,0.0,19.6,3113.61,137.1484,7.2281,53.4,0.0257,0.0272,635362,1262080,0,0,0,0,EXP001_W001_gaming.csv
2026-08-23T11:33:28.812,34,EXP001,W001,gaming,0.984,95.2,2100.0,20.42,95.23,100.0,92.3,14790.24,1234.27,0.0,19.6,3113.36,10.5894,0.3255,53.4,0.0264,0.0284,635523,1262229,0,0,0,0,EXP001_W001_gaming.csv
2026-08-23T11:33:29.803,35,EXP001,W001,gaming,1.0,94.6,2100.0,20.42,94.83,100.0,91.9,14732.88,1291.62,0.0,19.6,3113.36,9.2329,0.1055,53.4,0.0411,0.0267,635670,1262378,0,0,0,0,EXP001_W001_gaming.csv
2026-08-23T11:33:30.821,36,EXP001,W001,gaming,1.016,94.1,2100.0,20.42,94.2,100.0,91.0,14577.81,1446.69,0.0,19.6,3113.36,22.2024,0.1499,53.4,0.0399,0.0347,635854,1262539,0,0,0,0,EXP001_W001_gaming.csv
2026-08-23T11:33:31.807,37,EXP001,W001,gaming,0.984,90.8,2100.0,20.42,90.88,100.0,90.9,14568.79,1455.71,0.0,19.6,3112.86,11.3421,0.2858,53.4,0.0548,0.0575,636059,1262735,0,0,0,0,EXP001_W001_gaming.csv
2026-08-23T11:33:32.808,38,EXP001,W001,gaming,1.0,90.4,2100.0,20.42,90.4,100.0,90.7,14527.79,1496.72,0.0,19.6,3112.86,8.3257,0.582,53.4,0.0511,0.0354,636251,1262933,0,0,0,0,EXP001_W001_gaming.csv
2026-08-23T11:33:33.797,39,EXP001,W001,gaming,0.985,91.1,2100.0,19.19,91.03,100.0,90.5,14509.27,1515.23,0.0,19.6,3112.61,14.7887,0.3014,53.4,0.0442,0.0277,636412,1263128,0,0,0,0,EXP001_W001_gaming.csv
2026-08-23T11:33:34.814,40,EXP001,W001,gaming,1.015,92.3,2100.0,19.19,92.27,100.0,91.3,14633.96,1390.54,0.0,19.6,3112.61,166.043,0.3695,53.4,0.026,0.0295,636583,1263272,0,0,0,0,EXP001_W001_gaming.csv
2026-08-23T11:33:35.804,41,EXP001,W001,gaming,1.0,97.6,2100.0,19.19,97.6,100.0,90.6,14511.62,1512.88,0.0,19.6,3112.61,65.3315,0.2227,53.4,0.0371,0.0247,636727,1263448,0,0,0,0,EXP001_W001_gaming.csv
2026-08-23T11:33:36.821,42,EXP001,W001,gaming,1.016,96.0,2100.0,19.19,96.04,100.0,91.0,14578.88,1445.62,0.0,19.6,3112.61,271.0297,0.0769,53.4,0.0432,0.0419,636930,1263632,0,0,0,0,EXP001_W001_gaming.csv
2026-08-23T11:33:37.811,43,EXP001,W001,gaming,0.984,97.8,2100.0,19.19,97.88,100.0,90.9,14565.99,1458.52,0.0,19.6,3112.61,33.9777,0.5081,53.4,0.0448,0.0708,637128,1263823,0,0,0,0,EXP001_W001_gaming.csv
2026-08-23T11:33:38.826,44,EXP001,W001,gaming,1.016,96.4,2100.0,19.25,96.41,100.0,90.9,14563.33,1461.17,0.0,19.6,3112.36,22.1808,0.4498,53.4,0.0448,0.0465,637323,1264003,0,0,0,0,EXP001_W001_gaming.csv
2026-08-23T11:33:39.816,45,EXP001,W001,gaming,1.0,94.1,2100.0,19.25,94.11,100.0,90.6,14518.35,1506.16,0.0,19.6,3112.36,3.9297,0.2344,53.4,0.0513,0.0401,637534,1264187,0,0,0,0,EXP001_W001_gaming.csv
2026-08-23T11:33:40.826,46,EXP001,W001,gaming,1.0,92.5,2100.0,19.25,92.57,100.0,90.6,14523.79,1500.71,0.0,19.6,3112.36,2.9546,0.0664,53.4,0.037,0.0614,637740,1264373,0,0,0,0,EXP001_W001_gaming.csv
2026-08-23T11:33:41.815,47,EXP001,W001,gaming,1.0,92.9,2100.0,19.25,92.89,100.0,89.6,14355.47,1669.03,0.0,19.6,3112.36,0.9165,0.25,53.4,0.0258,0.0438,637941,1264533,0,0,0,0,EXP001_W001_gaming.csv
2026-08-23T11:33:42.814,48,EXP001,W001,gaming,0.984,93.7,2100.0,19.25,93.73,100.0,89.2,14289.62,1734.89,0.0,19.6,3112.36,1.2624,0.2501,53.4,0.0309,0.0389,638113,1264700,0,0,0,0,EXP001_W001_gaming.csv
2026-08-23T11:33:43.814,49,EXP001,W001,gaming,1.0,90.6,2100.0,17.8,90.67,100.0,88.1,14124.79,1899.71,0.0,20.5,3255.52,4.0161,144.3984,53.4,0.0274,0.0335,638278,1264838,0,0,0,0,EXP001_W001_gaming.csv
2026-08-23T11:33:44.812,50,EXP001,W001,gaming,1.0,85.4,2100.0,17.8,85.47,100.0,87.4,14006.25,2018.25,0.0,21.3,3381.19,2.1836,125.1875,53.4,0.0282,0.0359,638441,1264995,0,0,0,0,EXP001_W001_gaming.csv
2026-08-23T11:33:45.806,51,EXP001,W001,gaming,1.0,81.5,2100.0,17.8,81.57,96.8,87.1,13958.68,2065.82,0.0,21.6,3440.06,4.9414,59.1875,53.4,0.0255,0.035,638600,1265145,0,0,0,0,EXP001_W001_gaming.csv
2026-08-23T11:33:46.810,52,EXP001,W001,gaming,1.0,85.4,2100.0,17.8,85.42,100.0,87.2,13973.03,2051.48,0.0,21.7,3451.06,19.1914,13.1836,53.4,0.0363,0.0388,638784,1265305,0,0,0,0,EXP001_W001_gaming.csv
2026-08-23T11:33:47.802,53,EXP001,W001,gaming,1.0,88.1,2100.0,17.8,88.11,100.0,87.4,14011.13,2013.37,0.0,21.7,3451.06,5.2739,0.3711,53.4,0.0977,0.0419,639002,1265518,0,0,0,0,EXP001_W001_gaming.csv
2026-08-23T11:33:48.802,54,EXP001,W001,gaming,1.0,84.5,2100.0,16.45,84.42,100.0,87.4,14001.92,2022.59,0.0,21.7,3451.06,1.9712,0.2617,53.4,0.1032,0.0403,639234,1265736,0,0,0,0,EXP001_W001_gaming.csv
2026-08-23T11:33:49.814,55,EXP001,W001,gaming,1.0,88.8,2100.0,16.45,88.86,100.0,87.4,14000.65,2023.86,0.0,21.7,3458.81,1.6133,6.1602,53.4,0.0884,0.0352,639448,1265938,0,0,0,0,EXP001_W001_gaming.csv
2026-08-23T11:33:50.819,56,EXP001,W001,gaming,1.016,72.5,2100.0,16.45,72.53,100.0,86.9,13920.29,2104.21,0.0,21.9,3481.0,23.5605,25.3137,53.4,0.0288,0.0186,639557,1266028,0,0,0,0,EXP001_W001_gaming.csv
2026-08-23T11:33:51.801,57,EXP001,W001,gaming,0.984,89.8,2100.0,16.45,89.83,100.0,86.9,13920.11,2104.39,0.0,21.9,3481.0,0.9726,0.0,53.4,0.0474,0.0365,639752,1266204,0,0,0,0,EXP001_W001_gaming.csv
2026-08-23T11:33:52.833,58,EXP001,W001,gaming,1.031,82.8,2100.0,16.45,82.92,100.0,86.9,13925.66,2098.85,0.0,21.9,3481.0,7.7216,0.2501,53.4,0.0424,0.0348,639970,1266390,0,0,0,0,EXP001_W001_gaming.csv
2026-08-23T11:33:53.808,59,EXP001,W001,gaming,0.969,86.5,2100.0,15.14,86.56,100.0,86.7,13898.54,2125.96,0.0,21.9,3481.0,0.907,0.2056,53.4,0.0399,0.0365,640176,1266493,0,0,0,0,EXP001_W001_gaming.csv
2026-08-23T11:33:54.810,60,EXP001,W001,gaming,1.0,83.6,2100.0,15.14,83.76,100.0,86.7,13899.68,2124.82,0.0,21.9,3481.0,0.1875,0.3906,53.4,0.0249,0.0353,640369,1266594,0,0,0,0,EXP001_W001_gaming.csv
2026-08-23T11:33:55.822,61,EXP001,W001,gaming,1.016,83.6,2100.0,15.14,83.7,100.0,86.7,13894.09,2130.41,0.0,21.9,3481.0,308.1795,0.0077,53.4,0.0251,0.0369,640559,1266721,0,0,0,0,EXP001_W001_gaming.csv
2026-08-23T11:33:56.811,62,EXP001,W001,gaming,0.984,88.4,2100.0,15.14,88.12,100.0,86.7,13894.15,2130.36,0.0,21.9,3481.0,0.7543,0.1628,53.4,0.0339,0.0361,640745,1266885,0,0,0,0,EXP001_W001_gaming.csv
2026-08-23T11:33:57.813,63,EXP001,W001,gaming,1.0,83.3,2100.0,15.14,83.5,100.0,86.8,13913.93,2110.58,0.0,21.9,3481.0,6.0352,0.2109,53.4,0.0265,0.0357,640936,1267045,0,0,0,0,EXP001_W001_gaming.csv
2026-08-23T11:33:58.817,64,EXP001,W001,gaming,1.016,92.4,2100.0,14.33,92.37,100.0,87.0,13939.05,2085.45,0.0,21.9,3481.0,7.4324,0.2384,53.4,0.0394,0.0401,641142,1267222,0,0,0,0,EXP001_W001_gaming.csv
2026-08-23T11:33:59.809,65,EXP001,W001,gaming,0.984,90.9,2100.0,14.33,90.91,100.0,87.1,13961.79,2062.71,0.0,21.9,3481.0,0.7815,0.131,53.4,0.0644,0.0337,641322,1267409,0,0,0,0,EXP001_W001_gaming.csv
2026-08-23T11:34:00.814,66,EXP001,W001,gaming,1.0,89.6,2100.0,14.33,89.68,100.0,87.2,13976.79,2047.71,0.0,21.9,3481.0,2.3555,0.2422,53.4,0.0557,0.0345,641500,1267581,0,0,0,0,EXP001_W001_gaming.csv
2026-08-23T11:34:01.810,67,EXP001,W001,gaming,1.0,89.9,2100.0,14.33,89.91,100.0,87.3,13982.74,2041.76,0.0,21.9,3481.0,0.5391,0.5703,53.4,0.0499,0.0361,641698,1267755,0,0,0,0,EXP001_W001_gaming.csv
2026-08-23T11:34:02.798,68,EXP001,W001,gaming,0.985,93.4,2100.0,14.33,93.43,100.0,87.3,13997.22,2027.29,0.0,21.9,3481.0,2.9366,0.2697,53.4,0.0428,0.03,641871,1267914,0,0,0,0,EXP001_W001_gaming.csv
2026-08-23T11:34:03.822,69,EXP001,W001,gaming,1.031,94.7,2100.0,14.14,94.71,100.0,87.4,14007.13,2017.37,0.0,21.9,3481.0,0.826,0.1478,53.4,0.0516,0.0401,642073,1268094,0,0,0,0,EXP001_W001_gaming.csv
2026-08-23T11:34:04.794,70,EXP001,W001,gaming,0.969,93.7,2100.0,14.14,93.75,100.0,87.4,14000.59,2023.91,0.0,21.9,3481.0,10.9437,0.387,53.4,0.0476,0.0328,642254,1268254,0,0,0,0,EXP001_W001_gaming.csv
2026-08-23T11:34:05.816,71,EXP001,W001,gaming,1.031,91.0,2100.0,14.14,91.1,100.0,87.4,14010.73,2013.77,0.0,21.9,3481.0,13.2456,0.3524,53.4,0.0365,0.0326,642431,1268412,0,0,0,0,EXP001_W001_gaming.csv
2026-08-23T11:34:06.829,72,EXP001,W001,gaming,1.0,93.5,2100.0,14.14,93.51,100.0,87.8,14065.27,1959.23,0.0,21.9,3481.0,33.0479,0.5,53.4,0.0288,0.0272,642578,1268558,0,0,0,0,EXP001_W001_gaming.csv
2026-08-23T11:34:07.819,73,EXP001,W001,gaming,1.0,91.6,2100.0,14.14,91.59,100.0,87.8,14063.62,1960.89,0.0,21.9,3480.75,11.9683,0.4922,53.4,0.0288,0.0267,642738,1268700,0,0,0,0,EXP001_W001_gaming.csv
2026-08-23T11:34:08.813,74,EXP001,W001,gaming,0.984,90.3,2100.0,13.17,90.23,100.0,87.8,14066.5,1958.01,0.0,21.9,3480.75,16.8105,0.3811,53.4,0.0229,0.0273,642893,1268822,0,0,0,0,EXP001_W001_gaming.csv
2026-08-23T11:34:09.813,75,EXP001,W001,gaming,1.0,89.9,2100.0,13.17,89.89,98.5,87.7,14058.88,1965.62,0.0,21.9,3480.75,8.5488,0.4219,53.4,0.0459,0.0261,643044,1268970,0,0,0,0,EXP001_W001_gaming.csv
2026-08-23T11:34:10.825,76,EXP001,W001,gaming,1.016,93.7,2100.0,13.17,93.7,100.0,88.0,14099.08,1925.42,0.0,21.9,3480.75,26.0774,0.0807,53.4,0.047,0.0231,643198,1269120,0,0,0,0,EXP001_W001_gaming.csv
2026-08-23T11:34:11.821,77,EXP001,W001,gaming,1.0,94.8,2100.0,13.17,94.87,100.0,87.9,14083.22,1941.28,0.0,21.9,3480.75,5.1978,0.3906,53.4,0.0462,0.0261,643364,1269274,0,0,0,0,EXP001_W001_gaming.csv
2026-08-23T11:34:12.805,78,EXP001,W001,gaming,0.984,95.7,2100.0,13.17,95.76,100.0,87.9,14081.38,1943.12,0.0,21.8,3465.51,6.1095,0.4684,53.4,0.0373,0.0265,643516,1269418,0,0,0,0,EXP001_W001_gaming.csv
2026-08-23T11:34:13.814,79,EXP001,W001,gaming,1.0,96.8,2100.0,12.76,96.81,100.0,87.9,14082.82,1941.68,0.0,21.8,3465.51,3.3477,0.5,53.4,0.0483,0.0422,643722,1269595,0,0,0,0,EXP001_W001_gaming.csv
2026-08-23T11:34:14.810,80,EXP001,W001,gaming,1.0,97.2,2100.0,12.76,97.24,100.0,88.1,14119.09,1905.41,0.0,21.8,3465.51,1.3672,0.2031,53.4,0.0449,0.034,643905,1269759,0,0,0,0,EXP001_W001_gaming.csv
2026-08-23T11:34:15.809,81,EXP001,W001,gaming,1.0,96.4,2100.0,12.76,96.49,100.0,88.1,14125.43,1899.08,0.0,21.8,3465.51,4.3906,0.2891,53.4,0.0492,0.0311,644071,1269924,0,0,0,0,EXP001_W001_gaming.csv
2026-08-23T11:34:16.817,82,EXP001,W001,gaming,1.016,95.0,2100.0,12.76,95.08,100.0,87.9,14089.1,1935.41,0.0,21.8,3463.3,4.3902,0.1576,53.4,0.0516,0.035,644253,1270089,0,0,0,0,EXP001_W001_gaming.csv
2026-08-23T11:34:17.812,83,EXP001,W001,gaming,0.984,89.9,2100.0,12.76,90.0,100.0,88.1,14111.09,1913.42,0.0,21.8,3463.3,3.4661,0.2779,53.4,0.0448,0.0357,644438,1270241,0,0,0,0,EXP001_W001_gaming.csv
2026-08-23T11:34:18.801,84,EXP001,W001,gaming,1.0,88.5,2100.0,12.06,88.49,100.0,88.1,14115.39,1909.12,0.0,21.8,3463.3,1.4258,0.3008,53.4,0.0367,0.0373,644633,1270375,0,0,0,0,EXP001_W001_gaming.csv
2026-08-23T11:34:19.807,85,EXP001,W001,gaming,1.0,86.7,2100.0,12.06,86.77,100.0,88.5,14180.16,1844.34,0.0,21.8,3463.3,0.9141,0.1289,53.4,0.0482,0.0365,644826,1270546,0,0,0,0,EXP001_W001_gaming.csv
2026-08-23T11:34:20.820,86,EXP001,W001,gaming,1.016,86.3,2100.0,12.06,86.33,100.0,88.7,14215.71,1808.79,0.0,21.8,3463.3,1.5725,0.2845,53.4,0.0416,0.0286,645018,1270708,0,0,0,0,EXP001_W001_gaming.csv
2026-08-23T11:34:21.819,87,EXP001,W001,gaming,1.0,90.6,2100.0,12.06,90.58,100.0,89.9,14410.78,1613.73,0.0,21.8,3463.3,2.0039,0.1289,53.4,0.0453,0.0341,645208,1270872,0,0,0,0,EXP001_W001_gaming.csv
2026-08-23T11:34:22.815,88,EXP001,W001,gaming,0.984,87.1,2100.0,12.06,87.18,100.0,89.9,14406.39,1618.11,0.0,21.8,3463.3,1.2346,0.2342,53.4,0.0293,0.0242,645358,1271013,0,0,0,0,EXP001_W001_gaming.csv
2026-08-23T11:34:23.812,89,EXP001,W001,gaming,1.0,84.5,2100.0,11.17,84.57,100.0,89.5,14339.38,1685.12,0.0,21.8,3463.3,2.6992,0.2539,53.4,0.0398,0.0319,645538,1271174,0,0,0,0,EXP001_W001_gaming.csv
2026-08-23T11:34:24.823,90,EXP001,W001,gaming,1.016,91.2,2100.0,11.17,91.3,100.0,89.0,14254.05,1770.45,0.0,21.8,3463.3,3.0455,0.2268,53.4,0.0509,0.0417,645737,1271359,0,0,0,0,EXP001_W001_gaming.csv
2026-08-23T11:34:25.805,91,EXP001,W001,gaming,0.984,89.5,2100.0,11.17,89.55,100.0,88.9,14248.22,1776.28,0.0,21.8,3463.3,2.8741,0.004,53.4,0.0668,0.056,645983,1271587,0,0,0,0,EXP001_W001_gaming.csv
2026-08-23T11:34:26.820,92,EXP001,W001,gaming,1.016,81.8,2100.0,11.17,81.86,100.0,88.9,14246.92,1777.58,0.0,21.8,3463.3,0.6036,0.073,53.4,0.075,0.0375,646187,1271776,0,0,0,0,EXP001_W001_gaming.csv
2026-08-23T11:34:27.817,93,EXP001,W001,gaming,1.0,85.2,2100.0,11.17,85.19,100.0,88.8,14221.89,1802.62,0.0,21.8,3463.3,6.2422,0.25,53.4,0.0564,0.0366,646384,1271950,0,0,0,0,EXP001_W001_gaming.csv
2026-08-23T11:34:28.799,94,EXP001,W001,gaming,0.969,89.0,2100.0,10.52,88.97,100.0,89.1,14278.61,1745.89,0.0,21.8,3463.3,84.8894,0.129,53.4,0.05,0.0388,646595,1272126,0,0,0,0,EXP001_W001_gaming.csv
2026-08-23T11:34:29.811,95,EXP001,W001,gaming,1.015,88.7,2100.0,10.52,88.78,100.0,88.7,14209.12,1815.38,0.0,21.8,3463.3,1.0429,0.05,53.4,0.0631,0.0429,646800,1272328,0,0,0,0,EXP001_W001_gaming.csv
2026-08-23T11:34:30.820,96,EXP001,W001,gaming,1.016,90.3,2100.0,10.52,90.31,100.0,88.3,14146.93,1877.57,0.0,21.8,3463.3,1.9031,0.073,53.4,0.0389,0.0365,647002,1272502,0,0,0,0,EXP001_W001_gaming.csv
2026-08-23T11:34:31.817,97,EXP001,W001,gaming,1.0,92.9,2100.0,10.52,92.85,100.0,88.4,14168.16,1856.34,0.0,21.8,3463.3,0.3086,0.3203,53.4,0.0512,0.0367,647193,1272670,0,0,0,0,EXP001_W001_gaming.csv
2026-08-23T11:34:32.814,98,EXP001,W001,gaming,0.984,90.9,2100.0,10.52,90.87,100.0,88.6,14190.32,1834.18,0.0,21.8,3463.3,1.1304,0.1905,53.4,0.0473,0.0397,647382,1272832,0,0,0,0,EXP001_W001_gaming.csv
2026-08-23T11:34:33.791,99,EXP001,W001,gaming,0.985,92.9,2100.0,11.68,92.88,100.0,88.6,14197.37,1827.13,0.0,21.8,3463.3,3.2003,0.4561,53.4,0.0374,0.0425,647576,1272981,0,0,0,0,EXP001_W001_gaming.csv
2026-08-23T11:34:34.800,100,EXP001,W001,gaming,1.015,89.3,2100.0,11.68,89.55,100.0,88.6,14195.55,1828.95,0.0,21.6,3433.2,22.9949,0.4233,53.4,0.0347,0.0423,647775,1273164,0,0,0,0,EXP001_W001_gaming.csv
2026-08-23T11:34:35.807,101,EXP001,W001,gaming,1.0,92.0,2100.0,11.68,91.98,100.0,88.6,14202.49,1822.02,0.0,21.6,3429.7,7.4961,0.2812,53.4,0.0379,0.0374,647961,1273324,0,0,0,0,EXP001_W001_gaming.csv
2026-08-23T11:34:36.814,102,EXP001,W001,gaming,1.0,87.2,2100.0,11.68,87.35,100.0,88.6,14205.02,1819.48,0.0,21.6,3429.7,2.1719,0.0781,53.4,0.0362,0.0364,648151,1273488,0,0,0,0,EXP001_W001_gaming.csv
2026-08-23T11:34:37.809,103,EXP001,W001,gaming,1.0,92.5,2100.0,11.68,92.51,100.0,88.8,14236.92,1787.59,0.0,21.6,3429.7,1.8867,0.3398,53.4,0.0457,0.0247,648304,1273641,0,0,0,0,EXP001_W001_gaming.csv
2026-08-23T11:34:38.800,104,EXP001,W001,gaming,1.0,84.0,2100.0,10.98,83.98,100.0,89.0,14258.19,1766.32,0.0,21.6,3429.7,2.25,0.3008,53.4,0.0486,0.0413,648512,1273820,0,0,0,0,EXP001_W001_gaming.csv
2026-08-23T11:34:39.808,105,EXP001,W001,gaming,1.0,83.4,2100.0,10.98,83.42,100.0,88.8,14229.02,1795.48,0.0,21.6,3429.7,1.5938,0.3594,53.4,0.0587,0.039,648715,1273999,0,0,0,0,EXP001_W001_gaming.csv
2026-08-23T11:34:40.819,106,EXP001,W001,gaming,1.016,88.5,2100.0,10.98,88.6,100.0,88.4,14167.5,1857.0,0.0,21.6,3429.7,2.6836,0.0077,53.4,0.0398,0.0352,648918,1274174,0,0,0,0,EXP001_W001_gaming.csv
2026-08-23T11:34:41.824,107,EXP001,W001,gaming,1.0,79.0,2100.0,10.98,79.08,100.0,88.4,14165.98,1858.52,0.0,21.6,3429.7,1.4336,0.4062,53.4,0.0497,0.0317,649090,1274334,0,0,0,0,EXP001_W001_gaming.csv
2026-08-23T11:34:42.798,108,EXP001,W001,gaming,0.969,85.5,2100.0,10.98,85.46,100.0,88.4,14165.89,1858.61,0.0,21.6,3429.7,5.1317,0.4072,53.4,0.0606,0.0328,649265,1274492,0,0,0,0,EXP001_W001_gaming.csv
2026-08-23T11:34:43.815,109,EXP001,W001,gaming,1.015,81.3,2100.0,10.1,81.26,95.5,88.4,14166.77,1857.74,0.0,21.6,3429.7,2.5251,0.1693,53.4,0.0502,0.0329,649452,1274668,0,0,0,0,EXP001_W001_gaming.csv
2026-08-23T11:34:44.805,110,EXP001,W001,gaming,1.0,85.6,2100.0,10.1,85.52,98.6,88.3,14151.4,1873.1,0.0,21.6,3429.7,0.7695,0.0352,53.4,0.0426,0.0245,649604,1274822,0,0,0,0,EXP001_W001_gaming.csv
2026-08-23T11:34:45.814,111,EXP001,W001,gaming,1.0,77.8,2100.0,10.1,77.66,100.0,88.3,14145.98,1878.52,0.0,21.6,3429.7,1.7461,0.0664,53.4,0.0461,0.0321,649772,1274983,0,0,0,0,EXP001_W001_gaming.csv
2026-08-23T11:34:46.800,112,EXP001,W001,gaming,1.0,86.0,2100.0,10.1,86.04,98.4,87.4,13999.61,2024.89,0.0,21.6,3429.7,2.332,0.3281,53.4,0.0383,0.0315,649951,1275139,0,0,0,0,EXP001_W001_gaming.csv
2026-08-23T11:34:47.819,113,EXP001,W001,gaming,1.016,94.7,2100.0,10.1,94.68,100.0,87.5,14022.38,2002.13,0.0,21.6,3429.7,2.8908,0.2845,53.4,0.047,0.0503,650145,1275318,0,0,0,0,EXP001_W001_gaming.csv
2026-08-23T11:34:48.807,114,EXP001,W001,gaming,0.984,96.1,2100.0,11.22,96.17,100.0,87.8,14070.79,1953.72,0.0,21.6,3429.7,0.3216,0.5518,53.4,5.6371,0.0613,650595,1279923,0,0,0,0,EXP001_W001_gaming.csv
2026-08-23T11:34:49.833,115,EXP001,W001,gaming,1.031,95.7,2100.0,11.22,95.67,100.0,88.3,14151.65,1872.86,0.0,21.6,3429.7,6.2567,109.5758,53.4,6.4385,0.0648,651092,1285665,0,0,0,0,EXP001_W001_gaming.csv
2026-08-23T11:34:50.815,116,EXP001,W001,gaming,0.985,95.9,2100.0,11.22,95.85,100.0,88.4,14165.1,1859.41,0.0,21.6,3429.7,39.9008,114.0387,53.4,7.7571,0.05,651519,1291327,0,0,0,0,EXP001_W001_gaming.csv
2026-08-23T11:34:51.810,117,EXP001,W001,gaming,0.984,97.6,2100.0,11.22,97.57,100.0,89.5,14344.03,1680.47,0.0,21.6,3429.7,107.5246,0.0715,53.4,0.0443,0.0282,651678,1291474,0,0,0,0,EXP001_W001_gaming.csv
2026-08-23T11:34:52.814,118,EXP001,W001,gaming,1.0,96.4,2100.0,11.22,96.38,100.0,88.2,14134.51,1889.99,0.0,21.6,3429.7,78.6035,0.0586,53.4,0.0427,0.0277,651856,1291644,0,0,0,0,EXP001_W001_gaming.csv
2026-08-23T11:34:53.798,119,EXP001,W001,gaming,0.985,95.9,2100.0,13.44,95.96,100.0,89.0,14263.62,1760.88,0.0,21.6,3429.7,14.4586,1.499,53.4,0.0284,0.0273,652013,1291769,0,0,0,0,EXP001_W001_gaming.csv
2026-08-23T11:34:54.814,120,EXP001,W001,gaming,1.015,90.8,2100.0,13.44,90.95,100.0,89.4,14319.11,1705.39,0.0,21.6,3429.7,230.4793,6.5386,53.4,0.0355,0.0284,652178,1291921,0,0,0,0,EXP001_W001_gaming.csv
2026-08-23T11:34:55.817,121,EXP001,W001,gaming,1.016,94.1,2100.0,13.44,94.11,100.0,89.6,14356.51,1667.99,0.0,21.6,3429.58,0.496,0.2268,53.4,0.0484,0.027,652339,1292073,0,0,0,0,EXP001_W001_gaming.csv
2026-08-23T11:34:56.821,122,EXP001,W001,gaming,1.0,96.0,2100.0,13.44,95.96,100.0,87.7,14055.85,1968.66,0.0,21.6,3429.08,39.5264,0.2773,53.4,0.0499,0.0343,652539,1292245,0,0,0,0,EXP001_W001_gaming.csv
2026-08-23T11:34:57.812,123,EXP001,W001,gaming,0.984,90.5,2100.0,13.44,90.58,100.0,87.7,14053.96,1970.54,0.0,21.7,3458.95,150.6685,30.8768,53.4,0.041,0.0265,652694,1292399,0,0,0,0,EXP001_W001_gaming.csv
2026-08-23T11:34:58.813,124,EXP001,W001,gaming,1.0,91.5,2100.0,12.6,91.54,100.0,87.4,14012.27,2012.23,0.0,22.0,3502.95,96.2402,44.3477,53.4,0.062,0.0332,652873,1292568,0,0,0,0,EXP001_W001_gaming.csv
2026-08-23T11:34:59.807,125,EXP001,W001,gaming,1.0,85.8,2100.0,12.6,85.78,98.5,86.9,13926.14,2098.37,0.0,22.0,3502.95,105.5103,0.1094,53.4,0.0732,0.0252,653037,1292739,0,0,0,0,EXP001_W001_gaming.csv
2026-08-23T11:35:00.815,126,EXP001,W001,gaming,1.016,84.3,2100.0,12.6,84.25,98.6,87.5,14021.88,2002.62,0.0,22.0,3502.95,164.7983,0.2576,53.4,0.0568,0.0318,653205,1292909,0,0,0,0,EXP001_W001_gaming.csv
2026-08-23T11:35:01.817,127,EXP001,W001,gaming,1.0,84.5,2100.0,12.6,84.53,96.9,86.7,13889.99,2134.52,0.0,22.0,3502.95,26.5093,0.3672,53.4,0.0492,0.0343,653402,1293083,0,0,0,0,EXP001_W001_gaming.csv
2026-08-23T11:35:02.802,128,EXP001,W001,gaming,0.984,89.9,2100.0,12.6,89.88,100.0,87.2,13966.71,2057.8,0.0,22.0,3502.95,133.9245,0.2779,53.4,0.0691,0.0401,653606,1293275,0,0,0,0,EXP001_W001_gaming.csv
2026-08-23T11:35:03.801,129,EXP001,W001,gaming,1.0,93.5,2100.0,12.6,93.48,100.0,87.0,13936.31,2088.19,0.0,22.0,3502.95,2.0303,0.3359,53.4,0.0562,0.0383,653805,1293458,0,0,0,0,EXP001_W001_gaming.csv
2026-08-23T11:35:04.811,130,EXP001,W001,gaming,1.0,91.7,2100.0,11.91,91.7,100.0,87.9,14086.23,1938.28,0.0,22.0,3502.95,3.4961,0.5352,53.4,0.0516,0.0401,654004,1293631,0,0,0,0,EXP001_W001_gaming.csv
2026-08-23T11:35:05.803,131,EXP001,W001,gaming,1.0,89.1,2100.0,11.91,89.08,100.0,88.0,14106.61,1917.9,0.0,22.0,3502.95,3.4565,0.3047,53.4,0.0596,0.0363,654190,1293797,0,0,0,0,EXP001_W001_gaming.csv
2026-08-23T11:35:06.808,132,EXP001,W001,gaming,1.0,90.9,2100.0,11.91,90.94,100.0,88.0,14097.08,1927.42,0.0,22.0,3502.95,1.3594,0.082,53.4,0.0653,0.0357,654386,1293971,0,0,0,0,EXP001_W001_gaming.csv
2026-08-23T11:35:07.807,133,EXP001,W001,gaming,1.0,93.0,2100.0,11.91,92.99,100.0,88.1,14116.99,1907.52,0.0,22.0,3502.95,5.4531,0.3984,53.4,0.0417,0.0342,654574,1294130,0,0,0,0,EXP001_W001_gaming.csv
2026-08-23T11:35:08.804,134,EXP001,W001,gaming,1.0,94.4,2100.0,11.91,94.51,100.0,88.1,14114.56,1909.94,0.0,22.0,3502.95,9.457,0.2266,53.4,0.0481,0.038,654757,1294296,0,0,0,0,EXP001_W001_gaming.csv
2026-08-23T11:35:09.821,135,EXP001,W001,gaming,1.016,94.9,2100.0,12.64,94.92,100.0,88.4,14170.48,1854.02,0.0,22.0,3501.95,6.4231,0.2191,53.4,0.05,0.0376,654953,1294469,0,0,0,0,EXP001_W001_gaming.csv
2026-08-23T11:35:10.809,136,EXP001,W001,gaming,0.984,94.6,2100.0,12.64,94.46,100.0,89.8,14392.88,1631.62,0.0,22.0,3501.95,1.6832,0.1151,53.4,0.0316,0.0337,655132,1294608,0,0,0,0,EXP001_W001_gaming.csv
2026-08-23T11:35:11.819,137,EXP001,W001,gaming,1.016,95.8,2100.0,12.64,96.02,100.0,88.5,14184.2,1840.3,0.0,22.0,3501.95,1.7148,0.519,53.4,0.0213,0.0256,655285,1294721,0,0,0,0,EXP001_W001_gaming.csv
2026-08-23T11:35:12.805,138,EXP001,W001,gaming,0.984,93.9,2100.0,12.64,93.92,100.0,88.5,14182.69,1841.82,0.0,22.0,3501.95,0.663,0.2183,53.4,0.0381,0.0328,655465,1294881,0,0,0,0,EXP001_W001_gaming.csv
2026-08-23T11:35:13.807,139,EXP001,W001,gaming,1.0,91.5,2100.0,12.64,91.5,100.0,88.1,14115.44,1909.06,0.0,22.0,3501.95,1.6445,0.6523,53.4,0.0374,0.026,655614,1295032,0,0,0,0,EXP001_W001_gaming.csv
2026-08-23T11:35:14.814,140,EXP001,W001,gaming,1.0,89.1,2100.0,12.19,89.15,98.5,88.2,14131.37,1893.14,0.0,22.0,3501.95,1.0391,0.2578,53.4,0.0397,0.0259,655777,1295182,0,0,0,0,EXP001_W001_gaming.csv
2026-08-23T11:35:15.803,141,EXP001,W001,gaming,1.0,92.5,2100.0,12.19,92.47,96.9,88.2,14139.18,1885.33,0.0,22.0,3501.95,0.3555,0.293,53.4,0.0377,0.0254,655921,1295328,0,0,0,0,EXP001_W001_gaming.csv
2026-08-23T11:35:16.814,142,EXP001,W001,gaming,1.0,92.7,2100.0,12.19,92.74,100.0,88.2,14126.54,1897.96,0.0,21.7,3450.22,43.3438,0.1328,53.4,0.0428,0.0234,656064,1295474,0,0,0,0,EXP001_W001_gaming.csv
2026-08-23T11:35:17.823,143,EXP001,W001,gaming,1.016,85.1,2100.0,12.19,85.08,100.0,88.2,14136.45,1888.05,0.0,21.5,3425.09,23.9027,0.1499,53.4,0.0338,0.0209,656216,1295615,0,0,0,0,EXP001_W001_gaming.csv
2026-08-23T11:35:18.836,144,EXP001,W001,gaming,1.015,91.8,2100.0,12.02,91.88,100.0,88.5,14185.31,1839.2,0.0,21.5,3425.09,1.397,0.254,53.4,0.0267,0.0262,656382,1295726,0,0,0,0,EXP001_W001_gaming.csv
2026-08-23T11:35:19.806,145,EXP001,W001,gaming,0.969,93.9,2100.0,12.02,93.99,100.0,88.4,14165.39,1859.11,0.0,21.5,3425.09,1.9536,0.5402,53.4,0.0483,0.0338,656568,1295897,0,0,0,0,EXP001_W001_gaming.csv
2026-08-23T11:35:20.812,146,EXP001,W001,gaming,1.0,87.1,2100.0,12.02,86.92,100.0,88.7,14221.73,1802.77,0.0,21.5,3425.09,0.5742,0.4023,53.4,0.0335,0.0268,656726,1296047,0,0,0,0,EXP001_W001_gaming.csv
2026-08-23T11:35:21.804,147,EXP001,W001,gaming,1.0,87.4,2100.0,12.02,87.77,98.5,88.4,14162.48,1862.02,0.0,21.5,3425.09,0.6289,0.0938,53.4,0.0437,0.0352,656904,1296209,0,0,0,0,EXP001_W001_gaming.csv
2026-08-23T11:35:22.807,148,EXP001,W001,gaming,1.0,87.2,2100.0,12.02,87.17,100.0,88.4,14166.1,1858.41,0.0,21.5,3425.09,3.8633,0.1133,53.4,0.0444,0.0359,657101,1296378,0,0,0,0,EXP001_W001_gaming.csv
2026-08-23T11:35:23.820,149,EXP001,W001,gaming,1.016,93.6,2100.0,12.02,93.67,98.5,88.5,14177.75,1846.75,0.0,21.5,3425.09,0.6382,0.1922,53.4,0.0496,0.0388,657303,1296559,0,0,0,0,EXP001_W001_gaming.csv
2026-08-23T11:35:24.817,150,EXP001,W001,gaming,1.0,93.3,2100.0,11.05,93.38,100.0,88.4,14166.17,1858.34,0.0,21.5,3425.09,0.2148,1.6797,53.4,0.0461,0.0376,657503,1296729,0,0,0,0,EXP001_W001_gaming.csv
2026-08-23T11:35:25.817,151,EXP001,W001,gaming,1.0,91.3,2100.0,11.05,91.29,100.0,88.5,14181.32,1843.18,0.0,21.5,3425.09,0.3125,0.0664,53.4,0.0458,0.0368,657692,1296889,0,0,0,0,EXP001_W001_gaming.csv
2026-08-23T11:35:26.826,152,EXP001,W001,gaming,1.0,91.0,2100.0,11.05,90.99,100.0,88.4,14169.59,1854.91,0.0,21.5,3425.09,1.5469,0.293,53.4,0.0363,0.0299,657874,1297040,0,0,0,0,EXP001_W001_gaming.csv
2026-08-23T11:35:27.812,153,EXP001,W001,gaming,0.984,90.9,2100.0,11.05,90.63,100.0,88.5,14187.4,1837.11,0.0,21.5,3425.09,3.0567,0.2898,53.4,0.0405,0.0349,658055,1297191,0,0,0,0,EXP001_W001_gaming.csv
2026-08-23T11:35:28.804,154,EXP001,W001,gaming,1.0,92.8,2100.0,11.05,93.22,100.0,88.6,14190.15,1834.36,0.0,21.5,3425.09,3.7969,0.2266,53.4,0.0286,0.0384,658249,1297350,0,0,0,0,EXP001_W001_gaming.csv
2026-08-23T11:35:29.804,155,EXP001,W001,gaming,1.0,81.9,2100.0,10.17,81.97,92.3,88.1,14123.2,1901.3,0.0,21.5,3425.09,2.6172,0.0625,53.4,0.0446,0.0348,658417,1297507,0,0,0,0,EXP001_W001_gaming.csv
2026-08-23T11:35:30.806,156,EXP001,W001,gaming,1.0,90.2,2100.0,10.17,90.19,96.9,88.2,14129.09,1895.41,0.0,21.5,3425.09,1.4922,0.1211,53.4,0.0455,0.0438,658611,1297681,0,0,0,0,EXP001_W001_gaming.csv
2026-08-23T11:35:31.807,157,EXP001,W001,gaming,1.0,84.2,2100.0,10.17,84.17,100.0,88.2,14130.55,1893.95,0.0,21.5,3425.09,1.2461,0.0273,53.4,0.0402,0.0361,658790,1297837,0,0,0,0,EXP001_W001_gaming.csv
2026-08-23T11:35:32.810,158,EXP001,W001,gaming,1.0,83.4,2100.0,10.17,83.38,100.0,88.1,14125.08,1899.42,0.0,21.5,3425.09,0.8008,0.0781,53.4,0.0358,0.0363,658978,1297995,0,0,0,0,EXP001_W001_gaming.csv
2026-08-23T11:35:33.826,159,EXP001,W001,gaming,1.016,80.9,2100.0,10.17,80.86,96.9,88.1,14121.4,1903.1,0.0,21.5,3425.09,0.742,0.4306,53.4,0.0276,0.0352,659161,1298158,0,0,0,0,EXP001_W001_gaming.csv
2026-08-23T11:35:34.815,160,EXP001,W001,gaming,0.984,90.2,2100.0,10.48,90.23,98.5,88.2,14134.31,1890.19,0.0,21.5,3425.09,2.3064,0.5756,53.4,0.0322,0.0368,659343,1298314,0,0,0,0,EXP001_W001_gaming.csv
2026-08-23T11:35:35.816,161,EXP001,W001,gaming,1.016,91.8,2100.0,10.48,91.8,100.0,88.1,14114.82,1909.69,0.0,21.5,3425.09,0.7959,0.1692,53.4,0.0396,0.0391,659529,1298477,0,0,0,0,EXP001_W001_gaming.csv
2026-08-23T11:35:36.803,162,EXP001,W001,gaming,0.984,91.2,2100.0,10.48,91.17,97.0,88.4,14163.61,1860.89,0.0,21.5,3425.09,20.3634,0.1112,53.4,0.0412,0.0357,659699,1298632,0,0,0,0,EXP001_W001_gaming.csv
2026-08-23T11:35:37.812,163,EXP001,W001,gaming,1.0,91.6,2100.0,10.48,91.28,98.6,88.4,14162.42,1862.08,0.0,21.5,3424.22,23.3125,1.6367,53.4,0.0461,0.036,659882,1298788,0,0,0,0,EXP001_W001_gaming.csv
2026-08-23T11:35:38.809,164,EXP001,W001,gaming,1.0,83.4,2100.0,10.48,83.7,95.3,88.7,14218.88,1805.63,0.0,21.5,3424.22,1.5859,0.5234,53.4,0.0389,0.037,660066,1298944,0,0,0,0,EXP001_W001_gaming.csv
2026-08-23T11:35:39.805,165,EXP001,W001,gaming,1.0,87.3,2100.0,10.04,87.38,100.0,89.6,14354.68,1669.82,0.0,21.5,3424.22,2.8477,0.1484,53.4,0.052,0.0365,660237,1299111,0,0,0,0,EXP001_W001_gaming.csv
2026-08-23T11:35:40.813,166,EXP001,W001,gaming,1.0,85.9,2100.0,10.04,85.88,95.7,88.8,14234.44,1790.06,0.0,21.5,3424.22,2.6328,0.0391,53.4,0.0349,0.035,660423,1299267,0,0,0,0,EXP001_W001_gaming.csv
2026-08-23T11:35:41.800,167,EXP001,W001,gaming,1.0,90.5,2100.0,10.04,90.54,95.3,90.2,14450.41,1574.09,0.0,21.6,3430.59,3.6484,8.1406,53.4,0.0226,0.0347,660611,1299396,0,0,0,0,EXP001_W001_gaming.csv
2026-08-23T11:35:42.818,168,EXP001,W001,gaming,1.016,91.3,2100.0,10.04,91.33,100.0,88.5,14179.6,1844.91,0.0,21.7,3450.42,0.4383,19.8388,53.4,0.0123,0.038,660807,1299508,0,0,0,0,EXP001_W001_gaming.csv
2026-08-23T11:35:43.811,169,EXP001,W001,gaming,0.984,92.0,2100.0,10.04,92.02,100.0,89.1,14271.17,1753.33,0.0,21.7,3450.42,0.9567,0.2302,53.4,0.0267,0.0311,660963,1299659,0,0,0,0,EXP001_W001_gaming.csv
2026-08-23T11:35:44.804,170,EXP001,W001,gaming,1.0,90.5,2100.0,9.8,90.45,100.0,87.7,14049.91,1974.59,0.0,21.7,3450.42,6.7188,0.1367,53.4,0.0321,0.0346,661140,1299811,0,0,0,0,EXP001_W001_gaming.csv
2026-08-23T11:35:45.798,171,EXP001,W001,gaming,0.985,92.5,2100.0,9.8,92.55,98.5,88.2,14139.87,1884.63,0.0,21.7,3449.04,16.4618,3.708,53.4,0.028,0.0369,661332,1299973,0,0,0,0,EXP001_W001_gaming.csv
2026-08-23T11:35:46.809,172,EXP001,W001,gaming,1.015,89.8,2100.0,9.8,89.83,95.4,87.8,14070.93,1953.58,0.0,21.7,3449.04,1.3778,0.1963,53.4,0.0252,0.034,661517,1300127,0,0,0,0,EXP001_W001_gaming.csv
2026-08-23T11:35:47.814,173,EXP001,W001,gaming,1.0,83.6,2100.0,9.8,83.64,93.8,88.4,14162.49,1862.02,0.0,21.7,3449.04,0.3984,0.1758,53.4,0.0266,0.0298,661695,1300282,0,0,0,0,EXP001_W001_gaming.csv
2026-08-23T11:35:48.803,174,EXP001,W001,gaming,1.0,82.1,2100.0,9.8,82.12,100.0,87.9,14083.64,1940.86,0.0,21.7,3449.04,3.4023,0.1602,53.4,0.0266,0.0269,661845,1300418,0,0,0,0,EXP001_W001_gaming.csv
2026-08-23T11:35:49.807,175,EXP001,W001,gaming,1.0,78.7,2100.0,9.17,78.69,92.5,88.6,14203.46,1821.04,0.0,21.7,3449.04,0.418,0.043,53.4,0.0367,0.0315,662039,1300595,0,0,0,0,EXP001_W001_gaming.csv
2026-08-23T11:35:50.801,176,EXP001,W001,gaming,1.0,92.7,2100.0,9.17,92.77,96.9,88.0,14103.3,1921.2,0.0,21.7,3448.92,3.3398,0.3125,53.4,0.0213,0.0179,662177,1300705,0,0,0,0,EXP001_W001_gaming.csv
2026-08-23T11:35:51.954,177,EXP001,W001,gaming,1.141,90.3,2100.0,9.17,90.41,100.0,88.4,14171.41,1853.09,0.0,21.7,3448.92,12.2853,1.3249,53.4,0.0292,0.0323,662440,1300970,0,0,0,0,EXP001_W001_gaming.csv
2026-08-23T11:35:52.818,178,EXP001,W001,gaming,0.875,92.9,2100.0,9.17,92.92,100.0,88.6,14195.57,1828.94,0.0,21.7,3448.92,12.1747,0.2902,53.4,0.0142,0.016,662514,1301030,0,0,0,0,EXP001_W001_gaming.csv
2026-08-23T11:35:53.804,179,EXP001,W001,gaming,0.984,90.2,2100.0,9.17,90.12,100.0,89.2,14286.83,1737.67,0.0,21.7,3448.92,7.8884,0.2898,53.4,0.0279,0.0284,662699,1301189,0,0,0,0,EXP001_W001_gaming.csv
2026-08-23T11:35:54.816,180,EXP001,W001,gaming,1.016,88.8,2100.0,11.88,88.73,100.0,88.8,14235.05,1789.46,0.0,21.7,3448.92,1.6186,0.4998,53.4,0.0252,0.0273,662873,1301338,0,0,0,0,EXP001_W001_gaming.csv
2026-08-23T11:35:55.806,181,EXP001,W001,gaming,0.984,90.0,2100.0,11.88,89.98,100.0,89.0,14260.7,1763.8,0.0,21.7,3448.92,2.9356,0.2461,53.4,0.0258,0.0263,663005,1301494,0,0,0,0,EXP001_W001_gaming.csv
2026-08-23T11:35:56.823,182,EXP001,W001,gaming,1.016,94.2,2100.0,11.88,94.32,100.0,88.8,14223.82,1800.68,0.0,21.7,3448.92,10.2866,0.2268,53.4,0.0412,0.0391,663226,1301690,0,0,0,0,EXP001_W001_gaming.csv
2026-08-23T11:35:57.801,183,EXP001,W001,gaming,0.984,92.9,2100.0,11.88,93.09,100.0,89.1,14282.82,1741.69,0.0,21.7,3448.92,2.9098,1.58,53.4,0.0397,0.0251,663353,1301819,0,0,0,0,EXP001_W001_gaming.csv
2026-08-23T11:35:58.819,184,EXP001,W001,gaming,1.016,94.2,2100.0,11.88,94.2,100.0,89.1,14281.05,1743.46,0.0,21.7,3448.92,1.3264,0.346,53.4,0.044,0.0402,663537,1301992,0,0,0,0,EXP001_W001_gaming.csv
2026-08-23T11:35:59.807,185,EXP001,W001,gaming,0.984,95.1,2100.0,13.57,95.12,100.0,89.7,14378.33,1646.17,0.0,21.7,3448.92,0.4049,0.0437,53.4,0.0569,0.0401,663733,1302175,0,0,0,0,EXP001_W001_gaming.csv
2026-08-23T11:36:00.827,186,EXP001,W001,gaming,1.016,93.9,2100.0,13.57,93.92,100.0,89.3,14316.22,1708.29,0.0,21.7,3448.92,1.0381,0.323,53.4,0.041,0.0361,663922,1302333,0,0,0,0,EXP001_W001_gaming.csv
2026-08-23T11:36:01.818,187,EXP001,W001,gaming,1.0,94.3,2100.0,13.57,94.24,100.0,89.2,14293.79,1730.71,0.0,21.7,3448.92,1.9102,0.7695,53.4,0.0406,0.0242,664063,1302480,0,0,0,0,EXP001_W001_gaming.csv
2026-08-23T11:36:02.811,188,EXP001,W001,gaming,0.984,94.2,2100.0,13.57,94.25,100.0,88.9,14244.59,1779.91,0.0,21.7,3448.92,1.6117,0.1826,53.4,0.0335,0.0251,664208,1302626,0,0,0,0,EXP001_W001_gaming.csv
2026-08-23T11:36:03.811,189,EXP001,W001,gaming,1.0,94.2,2100.0,13.57,94.23,100.0,88.8,14234.84,1789.67,0.0,21.7,3448.92,4.75,0.207,53.4,0.0292,0.0305,664370,1302772,0,0,0,0,EXP001_W001_gaming.csv
2026-08-23T11:36:04.807,190,EXP001,W001,gaming,1.0,93.5,2100.0,14.08,93.48,100.0,89.0,14254.96,1769.54,0.0,21.7,3448.92,1.4336,0.3906,53.4,0.0288,0.0367,664551,1302931,0,0,0,0,EXP001_W001_gaming.csv
2026-08-23T11:36:05.800,191,EXP001,W001,gaming,1.0,90.8,2100.0,14.08,90.79,100.0,88.7,14212.8,1811.71,0.0,21.7,3448.92,1.7969,5.1719,53.4,0.0382,0.0358,664724,1303085,0,0,0,0,EXP001_W001_gaming.csv
2026-08-23T11:36:06.811,192,EXP001,W001,gaming,1.0,94.1,2100.0,14.08,94.16,100.0,88.7,14212.92,1811.58,0.0,21.7,3448.92,0.5,0.1016,53.4,0.0421,0.0306,664899,1303243,0,0,0,0,EXP001_W001_gaming.csv
2026-08-23T11:36:07.826,193,EXP001,W001,gaming,1.016,95.3,2100.0,14.08,95.41,100.0,89.0,14263.04,1761.47,0.0,21.7,3448.92,1.5071,2.9489,53.4,0.0265,0.0372,665085,1303403,0,0,0,0,EXP001_W001_gaming.csv
2026-08-23T11:36:08.817,194,EXP001,W001,gaming,1.0,97.2,2100.0,14.08,97.23,100.0,89.3,14305.93,1718.58,0.0,21.7,3448.92,0.7148,2.7578,53.4,0.0233,0.0349,665266,1303552,0,0,0,0,EXP001_W001_gaming.csv
2026-08-23T11:36:09.807,195,EXP001,W001,gaming,0.984,94.6,2100.0,14.63,94.57,100.0,88.7,14221.51,1803.0,0.0,21.7,3448.92,0.7265,14.8191,53.4,0.0359,0.0357,665460,1303702,0,0,0,0,EXP001_W001_gaming.csv
2026-08-23T11:36:10.803,196,EXP001,W001,gaming,1.0,94.7,2100.0,14.63,94.72,100.0,89.0,14260.35,1764.16,0.0,21.7,3448.92,2.1562,0.4531,53.4,0.026,0.0376,665644,1303858,0,0,0,0,EXP001_W001_gaming.csv
2026-08-23T11:36:11.816,197,EXP001,W001,gaming,1.016,92.9,2100.0,14.63,93.02,100.0,89.4,14324.34,1700.16,0.0,21.7,3448.92,2.3876,5.2096,53.4,0.04,0.035,665829,1304021,0,0,0,0,EXP001_W001_gaming.csv
2026-08-23T11:36:12.810,198,EXP001,W001,gaming,0.984,92.5,2100.0,14.63,92.47,100.0,89.1,14280.56,1743.95,0.0,21.7,3448.92,0.4129,0.2541,53.4,0.0327,0.037,666012,1304182,0,0,0,0,EXP001_W001_gaming.csv
2026-08-23T11:36:13.810,199,EXP001,W001,gaming,1.0,94.2,2100.0,14.63,94.17,100.0,88.8,14233.16,1791.35,0.0,21.7,3448.92,0.7891,0.2539,53.4,0.0232,0.0356,666189,1304337,0,0,0,0,EXP001_W001_gaming.csv
2026-08-23T11:36:14.808,200,EXP001,W001,gaming,1.0,93.6,2100.0,15.78,93.59,100.0,89.4,14324.57,1699.94,0.0,21.7,3448.92,0.207,0.2852,53.4,0.0175,0.0359,666372,1304466,0,0,0,0,EXP001_W001_gaming.csv
2026-08-23T11:36:15.816,201,EXP001,W001,gaming,1.016,93.0,2100.0,15.78,92.96,100.0,88.9,14238.29,1786.22,0.0,21.7,3448.92,0.6574,0.3153,53.4,0.021,0.0317,666565,1304617,0,0,0,0,EXP001_W001_gaming.csv
2026-08-23T11:36:16.803,202,EXP001,W001,gaming,0.984,91.8,2100.0,15.78,91.73,100.0,88.0,14105.24,1919.27,0.0,21.7,3448.92,6.7962,5.4029,53.4,0.0274,0.0323,666742,1304769,0,0,0,0,EXP001_W001_gaming.csv
2026-08-23T11:36:17.811,203,EXP001,W001,gaming,1.0,93.5,2100.0,15.78,93.58,100.0,88.4,14171.71,1852.79,0.0,21.7,3448.92,4.1182,2.0352,53.4,0.0205,0.035,666923,1304912,0,0,0,0,EXP001_W001_gaming.csv
2026-08-23T11:36:18.816,204,EXP001,W001,gaming,1.016,90.9,2100.0,15.78,90.84,98.5,88.6,14191.34,1833.16,0.0,21.7,3448.92,4.3292,3.6179,53.4,0.023,0.036,667126,1305049,0,0,0,0,EXP001_W001_gaming.csv
2026-08-23T11:36:19.801,205,EXP001,W001,gaming,0.984,88.6,2100.0,14.6,88.61,96.9,88.3,14143.52,1880.98,0.0,21.7,3448.92,1.1949,0.3652,53.4,0.0441,0.0311,667313,1305216,0,0,0,0,EXP001_W001_gaming.csv
2026-08-23T11:36:20.803,206,EXP001,W001,gaming,1.0,92.6,2100.0,14.6,92.6,100.0,87.9,14086.35,1938.15,0.0,21.7,3448.92,0.7852,0.1602,53.4,0.0415,0.0246,667474,1305372,0,0,0,0,EXP001_W001_gaming.csv
2026-08-23T11:36:21.801,207,EXP001,W001,gaming,1.0,81.9,2100.0,14.6,81.94,93.8,87.9,14081.2,1943.3,0.0,21.7,3448.92,0.4434,0.0,53.4,0.0238,0.0346,667641,1305527,0,0,0,0,EXP001_W001_gaming.csv
2026-08-23T11:36:22.812,208,EXP001,W001,gaming,1.0,86.3,2100.0,14.6,86.29,100.0,88.0,14107.82,1916.68,0.0,21.7,3448.92,0.625,0.207,53.4,0.0321,0.039,667831,1305689,0,0,0,0,EXP001_W001_gaming.csv
2026-08-23T11:36:23.827,209,EXP001,W001,gaming,1.016,88.1,2100.0,14.6,88.11,97.0,88.1,14119.79,1904.71,0.0,21.7,3448.92,0.4575,0.2422,53.4,0.0248,0.029,668001,1305837,0,0,0,0,EXP001_W001_gaming.csv
2026-08-23T11:36:24.817,210,EXP001,W001,gaming,1.0,91.0,2100.0,13.83,91.08,100.0,88.3,14148.88,1875.62,0.0,21.7,3448.92,2.3555,0.4375,53.4,0.032,0.0284,668165,1305990,0,0,0,0,EXP001_W001_gaming.csv
2026-08-23T11:36:25.805,211,EXP001,W001,gaming,0.984,85.8,2100.0,13.83,85.8,95.2,87.9,14079.34,1945.17,0.0,21.7,3448.92,0.5796,0.2263,53.4,0.021,0.0358,668332,1306114,0,0,0,0,EXP001_W001_gaming.csv
2026-08-23T11:36:26.820,212,EXP001,W001,gaming,1.016,87.0,2100.0,13.83,87.03,98.5,87.9,14082.46,1942.04,0.0,21.7,3448.92,5.9324,0.123,53.4,0.0189,0.037,668523,1306237,0,0,0,0,EXP001_W001_gaming.csv
2026-08-23T11:36:27.834,213,EXP001,W001,gaming,1.015,92.5,2100.0,13.83,92.57,98.5,88.1,14116.95,1907.55,0.0,21.7,3448.92,2.6324,0.5734,53.4,0.0219,0.0367,668708,1306391,0,0,0,0,EXP001_W001_gaming.csv
2026-08-23T11:36:28.818,214,EXP001,W001,gaming,0.985,89.1,2100.0,13.83,89.18,98.6,88.1,14123.66,1900.84,0.0,21.7,3448.92,6.486,0.6107,53.4,0.0287,0.037,668916,1306524,0,0,0,0,EXP001_W001_gaming.csv
2026-08-23T11:36:29.813,215,EXP001,W001,gaming,0.984,86.9,1453.0,12.89,86.82,97.0,88.4,14161.95,1862.55,0.0,21.7,3448.92,8.3722,6.8002,53.4,0.034,0.0355,669099,1306686,0,0,0,0,EXP001_W001_gaming.csv
2026-08-23T11:36:30.803,216,EXP001,W001,gaming,1.0,86.2,2100.0,12.89,86.32,98.4,88.2,14134.83,1889.68,0.0,21.7,3448.92,2.5,3.3945,53.4,0.0121,0.0281,669245,1306793,0,0,0,0,EXP001_W001_gaming.csv
2026-08-23T11:36:31.818,217,EXP001,W001,gaming,1.016,87.9,2100.0,12.89,87.89,97.0,88.2,14134.75,1889.76,0.0,21.7,3448.92,0.3037,0.1538,53.4,0.0198,0.0277,669391,1306909,0,0,0,0,EXP001_W001_gaming.csv
2026-08-23T11:36:32.816,218,EXP001,W001,gaming,1.0,87.5,2100.0,12.89,87.5,100.0,87.9,14081.15,1943.36,0.0,21.7,3448.92,3.0679,0.0781,53.4,0.0365,0.0246,669535,1307050,0,0,0,0,EXP001_W001_gaming.csv
2026-08-23T11:36:33.812,219,EXP001,W001,gaming,0.984,85.7,2100.0,12.89,85.73,97.0,88.4,14158.11,1866.39,0.0,21.7,3448.92,0.6034,0.2104,53.4,0.0322,0.0364,669716,1307208,0,0,0,0,EXP001_W001_gaming.csv
2026-08-23T11:36:34.798,220,EXP001,W001,gaming,0.985,95.4,2100.0,12.26,95.37,98.6,88.1,14112.36,1912.14,0.0,21.7,3448.92,0.6464,0.4481,53.4,0.0421,0.0437,669905,1307371,0,0,0,0,EXP001_W001_gaming.csv
2026-08-23T11:36:35.806,221,EXP001,W001,gaming,1.015,94.7,2100.0,12.26,94.77,100.0,88.1,14118.81,1905.7,0.0,21.7,3448.92,2.3014,0.0616,53.4,0.0326,0.0381,670088,1307527,0,0,0,0,EXP001_W001_gaming.csv
2026-08-23T11:36:36.811,222,EXP001,W001,gaming,1.0,93.1,2100.0,12.26,93.12,100.0,87.9,14079.88,1944.63,0.0,21.7,3448.92,0.2734,0.0,53.4,0.0327,0.0371,670272,1307686,0,0,0,0,EXP001_W001_gaming.csv
2026-08-23T11:36:37.819,223,EXP001,W001,gaming,1.016,91.5,2100.0,12.26,91.6,96.9,88.1,14122.41,1902.09,0.0,21.7,3448.92,0.4152,0.1999,53.4,0.0318,0.0377,670446,1307840,0,0,0,0,EXP001_W001_gaming.csv
2026-08-23T11:36:38.805,224,EXP001,W001,gaming,0.984,93.4,2100.0,12.26,93.42,100.0,88.6,14190.2,1834.3,0.0,21.7,3448.92,0.4803,0.127,53.4,0.0303,0.0397,670639,1307997,0,0,0,0,EXP001_W001_gaming.csv
2026-08-23T11:36:39.813,225,EXP001,W001,gaming,1.0,97.5,2100.0,11.6,97.52,100.0,88.4,14162.06,1862.44,0.0,21.7,3448.92,5.8389,0.2617,53.4,0.0343,0.0278,670801,1308154,0,0,0,0,EXP001_W001_gaming.csv
2026-08-23T11:36:40.810,226,EXP001,W001,gaming,1.0,94.1,2100.0,11.6,94.12,100.0,88.7,14209.12,1815.38,0.0,21.7,3448.92,3.5278,0.4102,53.4,0.0191,0.0215,670940,1308290,0,0,0,0,EXP001_W001_gaming.csv
2026-08-23T11:36:41.802,227,EXP001,W001,gaming,1.0,95.3,2100.0,11.6,95.28,100.0,88.4,14170.7,1853.8,0.0,21.7,3448.92,6.1934,1.1094,53.4,0.0245,0.0304,671122,1308452,0,0,0,0,EXP001_W001_gaming.csv
2026-08-23T11:36:42.805,228,EXP001,W001,gaming,1.0,92.9,2100.0,11.6,93.01,100.0,88.1,14121.07,1903.43,0.0,21.7,3448.92,1.8296,0.5078,53.4,0.0153,0.0339,671296,1308581,0,0,0,0,EXP001_W001_gaming.csv
2026-08-23T11:36:43.821,229,EXP001,W001,gaming,1.016,95.7,2100.0,11.6,95.72,100.0,88.1,14109.89,1914.62,0.0,21.7,3448.92,6.3952,0.5926,53.4,0.0384,0.0318,671471,1308746,0,0,0,0,EXP001_W001_gaming.csv
2026-08-23T11:36:44.806,230,EXP001,W001,gaming,0.984,94.2,2100.0,13.15,94.23,100.0,87.7,14055.16,1969.35,0.0,21.7,3448.92,2.7515,0.3136,53.4,0.0302,0.0261,671630,1308888,0,0,0,0,EXP001_W001_gaming.csv
2026-08-23T11:36:45.811,231,EXP001,W001,gaming,1.0,93.4,2100.0,13.15,93.47,100.0,87.7,14051.56,1972.94,0.0,21.7,3448.79,1.7881,0.4653,53.4,0.0273,0.0245,671771,1309029,0,0,0,0,EXP001_W001_gaming.csv
2026-08-23T11:36:46.816,232,EXP001,W001,gaming,1.016,90.5,2100.0,13.15,90.64,100.0,87.4,14002.36,2022.15,0.0,21.7,3448.79,3.2565,0.2384,53.4,0.0316,0.0236,671926,1309169,0,0,0,0,EXP001_W001_gaming.csv
2026-08-23T11:36:47.817,233,EXP001,W001,gaming,1.0,90.6,2100.0,13.15,90.6,98.5,87.1,13963.39,2061.11,0.0,21.7,3448.79,0.5352,0.6211,53.4,0.0236,0.0341,672107,1309325,0,0,0,0,EXP001_W001_gaming.csv
2026-08-23T11:36:48.814,234,EXP001,W001,gaming,0.984,83.1,2100.0,13.15,83.05,92.2,87.0,13948.21,2076.3,0.0,21.7,3448.79,0.5439,0.135,53.4,0.0285,0.0431,672292,1309495,0,0,0,0,EXP001_W001_gaming.csv
2026-08-23T11:36:49.810,235,EXP001,W001,gaming,1.0,77.4,2100.0,12.1,77.33,100.0,87.0,13946.23,2078.27,0.0,21.7,3448.79,0.375,0.0977,53.4,0.0316,0.0309,672456,1309657,0,0,0,0,EXP001_W001_gaming.csv
2026-08-23T11:36:50.801,236,EXP001,W001,gaming,1.0,77.0,2100.0,12.1,77.08,100.0,86.6,13880.14,2144.37,0.0,21.7,3448.79,1.6289,1.1719,53.4,0.0202,0.0186,672573,1309790,0,0,0,0,EXP001_W001_gaming.csv
2026-08-23T11:36:51.811,237,EXP001,W001,gaming,1.0,77.8,2100.0,12.1,77.73,100.0,86.6,13878.11,2146.39,0.0,21.7,3448.79,0.1719,0.0,53.4,0.0215,0.0193,672698,1309923,0,0,0,0,EXP001_W001_gaming.csv
2026-08-23T11:36:52.821,238,EXP001,W001,gaming,1.016,71.7,2100.0,12.1,71.78,100.0,86.6,13877.54,2146.96,0.0,21.7,3448.79,1.0073,0.0692,53.4,0.0278,0.0226,672830,1310063,0,0,0,0,EXP001_W001_gaming.csv
2026-08-23T11:36:53.816,239,EXP001,W001,gaming,1.0,74.8,2100.0,12.1,74.88,100.0,86.6,13876.88,2147.63,0.0,21.7,3448.79,0.3008,0.0625,53.4,0.017,0.0216,672971,1310169,0,0,0,0,EXP001_W001_gaming.csv
2026-08-23T11:36:54.822,240,EXP001,W001,gaming,1.0,83.3,2100.0,11.45,83.43,100.0,86.5,13865.68,2158.82,0.0,21.7,3446.79,0.3867,0.5156,53.4,0.008,0.0278,673128,1310246,0,0,0,0,EXP001_W001_gaming.csv
2026-08-23T11:36:55.812,241,EXP001,W001,gaming,0.984,89.8,2100.0,11.45,89.9,100.0,86.4,13850.9,2173.61,0.0,21.6,3441.8,0.8297,0.3652,53.4,0.0233,0.0204,673265,1310376,0,0,0,0,EXP001_W001_gaming.csv
2026-08-23T11:36:56.818,242,EXP001,W001,gaming,1.016,88.6,2100.0,11.45,88.62,100.0,86.5,13860.51,2163.99,0.0,21.6,3441.8,0.4921,0.1153,53.4,0.0389,0.0288,673433,1310523,0,0,0,0,EXP001_W001_gaming.csv
2026-08-23T11:36:57.816,243,EXP001,W001,gaming,1.0,80.3,2100.0,11.45,80.42,100.0,86.6,13883.47,2141.03,0.0,21.6,3441.8,0.3984,0.2305,53.4,0.0319,0.0265,673596,1310672,0,0,0,0,EXP001_W001_gaming.csv
2026-08-23T11:36:58.817,244,EXP001,W001,gaming,1.0,86.1,2100.0,11.45,86.02,100.0,86.7,13888.69,2135.82,0.0,21.6,3441.8,0.5938,0.2305,53.4,0.0318,0.0314,673766,1310826,0,0,0,0,EXP001_W001_gaming.csv
2026-08-23T11:36:59.826,245,EXP001,W001,gaming,1.0,77.5,2100.0,10.53,77.42,100.0,86.7,13900.44,2124.07,0.0,21.6,3441.8,0.3164,0.0859,53.4,0.0436,0.0356,673950,1310997,0,0,0,0,EXP001_W001_gaming.csv
2026-08-23T11:37:00.801,246,EXP001,W001,gaming,0.984,81.0,2100.0,10.53,80.96,100.0,86.9,13919.16,2105.35,0.0,21.6,3441.8,0.8892,0.2183,53.4,0.0324,0.0337,674124,1311145,0,0,0,0,EXP001_W001_gaming.csv
2026-08-23T11:37:01.814,247,EXP001,W001,gaming,1.0,80.9,2100.0,10.53,81.01,100.0,87.0,13935.63,2088.87,0.0,21.6,3441.8,0.7539,0.1875,53.4,0.0319,0.0313,674294,1311300,0,0,0,0,EXP001_W001_gaming.csv
2026-08-23T11:37:02.817,248,EXP001,W001,gaming,1.016,77.7,2100.0,10.53,77.71,100.0,86.8,13913.33,2111.17,0.0,21.6,3441.8,0.5152,0.123,53.4,0.0419,0.0275,674447,1311447,0,0,0,0,EXP001_W001_gaming.csv
2026-08-23T11:37:03.804,249,EXP001,W001,gaming,0.984,80.4,2100.0,10.53,80.43,100.0,86.7,13897.67,2126.84,0.0,21.6,3441.8,0.655,0.2382,53.4,0.0342,0.0308,674613,1311605,0,0,0,0,EXP001_W001_gaming.csv
2026-08-23T11:37:04.809,250,EXP001,W001,gaming,1.0,76.4,2100.0,9.77,76.55,93.8,86.4,13838.66,2185.85,0.0,21.6,3441.7,0.293,0.2422,53.4,0.0305,0.02,674741,1311755,0,0,0,0,EXP001_W001_gaming.csv
2026-08-23T11:37:05.807,251,EXP001,W001,gaming,1.0,77.8,2100.0,9.77,77.75,91.3,86.4,13838.98,2185.52,0.0,21.6,3441.7,0.543,0.0703,53.4,0.0319,0.0222,674894,1311906,0,0,0,0,EXP001_W001_gaming.csv
2026-08-23T11:37:06.799,252,EXP001,W001,gaming,0.985,82.9,2100.0,9.77,82.87,94.1,86.4,13839.14,2185.37,0.0,21.6,3441.7,0.6266,0.1428,53.4,0.0346,0.0359,675075,1312055,0,0,0,0,EXP001_W001_gaming.csv
2026-08-23T11:37:07.814,253,EXP001,W001,gaming,1.015,81.9,2100.0,9.77,81.8,100.0,86.5,13855.92,2168.58,0.0,21.6,3441.7,0.2502,0.1655,53.4,0.0318,0.0332,675256,1312218,0,0,0,0,EXP001_W001_gaming.csv
2026-08-23T11:37:08.825,254,EXP001,W001,gaming,1.016,78.9,2100.0,9.77,78.96,100.0,86.5,13855.08,2169.43,0.0,21.6,3441.7,0.2768,0.0692,53.4,0.0361,0.0333,675419,1312369,0,0,0,0,EXP001_W001_gaming.csv
2026-08-23T11:37:09.806,255,EXP001,W001,gaming,0.984,74.5,2100.0,9.31,74.42,92.2,86.5,13858.13,2166.38,0.0,21.6,3441.7,2.0127,0.2025,53.4,0.0378,0.0316,675578,1312532,0,0,0,0,EXP001_W001_gaming.csv
2026-08-23T11:37:10.809,256,EXP001,W001,gaming,1.0,87.6,2100.0,9.31,87.64,100.0,86.8,13903.06,2121.45,0.0,21.6,3441.7,1.5195,0.2812,53.4,0.0332,0.0284,675738,1312676,0,0,0,0,EXP001_W001_gaming.csv
2026-08-23T11:37:11.814,257,EXP001,W001,gaming,1.0,91.9,2100.0,9.31,91.93,98.5,87.0,13944.19,2080.31,0.0,21.6,3440.44,6.8555,0.4102,53.4,0.0279,0.0277,675900,1312823,0,0,0,0,EXP001_W001_gaming.csv
2026-08-23T11:37:12.814,258,EXP001,W001,gaming,1.0,91.7,2100.0,9.31,91.7,100.0,87.1,13960.59,2063.91,0.0,21.6,3440.44,8.707,0.4688,53.4,0.0356,0.0335,676076,1312975,0,0,0,0,EXP001_W001_gaming.csv
2026-08-23T11:37:13.814,259,EXP001,W001,gaming,1.0,87.7,2100.0,9.31,87.73,100.0,87.3,13991.24,2033.26,0.0,21.6,3440.44,1.4844,0.5078,53.4,0.0356,0.0293,676232,1313122,0,0,0,0,EXP001_W001_gaming.csv
2026-08-23T11:37:14.811,260,EXP001,W001,gaming,1.0,91.2,2100.0,10.24,91.19,100.0,86.9,13920.78,2103.73,0.0,21.6,3440.44,0.8008,0.2695,53.4,0.0217,0.0259,676389,1313258,0,0,0,0,EXP001_W001_gaming.csv
2026-08-23T11:37:15.807,261,EXP001,W001,gaming,1.0,87.4,2100.0,10.24,87.47,95.4,86.8,13908.98,2115.53,0.0,21.6,3440.44,0.2773,0.2422,53.4,0.0333,0.0347,676559,1313406,0,0,0,0,EXP001_W001_gaming.csv
2026-08-23T11:37:16.805,262,EXP001,W001,gaming,1.0,87.8,2100.0,10.24,87.73,100.0,86.9,13927.28,2097.23,0.0,21.6,3440.44,1.4961,0.207,53.4,0.0374,0.0359,676744,1313565,0,0,0,0,EXP001_W001_gaming.csv
2026-08-23T11:37:17.817,263,EXP001,W001,gaming,1.016,90.8,2100.0,10.24,90.83,100.0,86.9,13918.83,2105.67,0.0,21.6,3440.44,3.3795,0.2345,53.4,0.031,0.0284,676909,1313721,0,0,0,0,EXP001_W001_gaming.csv
2026-08-23T11:37:18.817,264,EXP001,W001,gaming,1.0,85.4,2100.0,10.24,85.35,100.0,86.9,13921.25,2103.25,0.0,21.6,3440.44,0.3984,0.8633,53.4,0.038,0.0236,677080,1313875,0,0,0,0,EXP001_W001_gaming.csv
2026-08-23T11:37:19.826,265,EXP001,W001,gaming,1.0,76.8,2100.0,9.43,76.81,100.0,85.5,13699.61,2324.89,0.0,21.6,3440.44,0.5898,0.1914,53.4,0.0595,0.0467,677260,1314071,0,0,0,0,EXP001_W001_gaming.csv
2026-08-23T11:37:20.811,266,EXP001,W001,gaming,0.984,77.1,2100.0,9.43,77.52,91.0,85.5,13706.77,2317.73,0.0,21.6,3440.44,10.6866,0.2064,53.4,0.0299,0.0229,677374,1314217,0,0,0,0,EXP001_W001_gaming.csv
2026-08-23T11:37:21.813,267,EXP001,W001,gaming,1.0,66.5,2100.0,9.43,66.21,96.9,85.6,13723.36,2301.14,0.0,21.6,3438.45,1.3438,0.2656,53.4,0.0311,0.0295,677521,1314377,0,0,0,0,EXP001_W001_gaming.csv
2026-08-23T11:37:22.808,268,EXP001,W001,gaming,1.0,74.6,2100.0,9.43,74.63,100.0,85.6,13718.98,2305.52,0.0,21.6,3438.32,0.1836,5.1406,53.4,0.0399,0.0224,677634,1314524,0,0,0,0,EXP001_W001_gaming.csv
2026-08-23T11:37:23.812,269,EXP001,W001,gaming,1.0,69.7,2100.0,9.43,69.78,100.0,85.6,13719.29,2305.21,0.0,21.6,3438.32,0.2148,0.0664,53.4,0.0379,0.0205,677751,1314673,0,0,0,0,EXP001_W001_gaming.csv
2026-08-23T11:37:24.796,270,EXP001,W001,gaming,0.985,66.8,2100.0,8.67,66.47,86.2,85.5,13703.84,2320.67,0.0,21.6,3438.32,0.4605,0.0833,53.4,0.0302,0.0217,677879,1314821,0,0,0,0,EXP001_W001_gaming.csv
2026-08-23T11:37:25.834,271,EXP001,W001,gaming,1.046,66.9,2100.0,8.67,67.21,97.1,85.5,13704.7,2319.81,0.0,21.6,3438.32,0.2651,0.1008,53.4,0.0306,0.0161,677993,1314960,0,0,0,0,EXP001_W001_gaming.csv
2026-08-23T11:37:26.809,272,EXP001,W001,gaming,0.969,70.2,2100.0,8.67,70.14,92.1,85.6,13719.17,2305.34,0.0,21.6,3438.32,0.129,0.0484,53.4,0.0347,0.0185,678111,1315116,0,0,0,0,EXP001_W001_gaming.csv
2026-08-23T11:37:27.793,273,EXP001,W001,gaming,0.985,78.4,2100.0,8.67,78.47,100.0,85.8,13743.95,2280.56,0.0,21.6,3438.32,0.1309,0.2578,53.4,0.0287,0.0175,678230,1315257,0,0,0,0,EXP001_W001_gaming.csv
2026-08-23T11:37:28.805,274,EXP001,W001,gaming,1.015,77.4,2100.0,8.67,77.42,100.0,85.8,13746.09,2278.42,0.0,21.6,3438.32,3.2135,0.1924,53.4,0.0591,0.0294,678402,1315452,0,0,0,0,EXP001_W001_gaming.csv
2026-08-23T11:37:29.815,275,EXP001,W001,gaming,1.0,76.6,2100.0,7.98,76.61,100.0,85.8,13755.32,2269.18,0.0,21.6,3438.32,1.0273,0.0977,53.4,0.0425,0.03,678536,1315605,0,0,0,0,EXP001_W001_gaming.csv
2026-08-23T11:37:30.824,276,EXP001,W001,gaming,1.016,75.9,2100.0,7.98,75.94,100.0,85.9,13761.55,2262.96,0.0,21.6,3438.32,1.7224,0.2153,53.4,0.0639,0.0304,678695,1315793,0,0,0,0,EXP001_W001_gaming.csv
2026-08-23T11:37:31.811,277,EXP001,W001,gaming,0.984,76.2,2100.0,7.98,76.12,100.0,86.0,13775.65,2248.86,0.0,21.6,3438.32,2.1278,0.1826,53.4,0.0297,0.0311,678841,1315948,0,0,0,0,EXP001_W001_gaming.csv
2026-08-23T11:37:32.822,278,EXP001,W001,gaming,1.016,79.2,2100.0,7.98,79.27,100.0,86.1,13793.59,2230.91,0.0,21.6,3438.32,0.0154,0.1884,53.4,0.0253,0.032,679014,1316106,0,0,0,0,EXP001_W001_gaming.csv
2026-08-23T11:37:33.804,279,EXP001,W001,gaming,0.984,74.8,2100.0,7.98,74.87,100.0,86.1,13797.8,2226.7,0.0,21.6,3438.32,0.5637,0.0834,53.4,0.0242,0.0235,679141,1316245,0,0,0,0,EXP001_W001_gaming.csv
2026-08-23T11:37:34.795,280,EXP001,W001,gaming,0.985,82.7,2100.0,7.34,82.47,97.0,86.1,13797.73,2226.78,0.0,21.6,3438.32,0.2102,0.349,53.4,0.0262,0.025,679283,1316374,0,0,0,0,EXP001_W001_gaming.csv
2026-08-23T11:37:35.804,281,EXP001,W001,gaming,1.015,76.1,2100.0,7.34,76.28,100.0,86.0,13779.2,2245.3,0.0,21.6,3438.32,9.3481,0.1193,53.4,0.0347,0.031,679435,1316532,0,0,0,0,EXP001_W001_gaming.csv
2026-08-23T11:37:36.808,282,EXP001,W001,gaming,1.0,76.0,2100.0,7.34,76.07,95.5,86.0,13785.59,2238.91,0.0,21.6,3438.32,2.7979,1.4062,53.4,0.0287,0.0239,679569,1316673,0,0,0,0,EXP001_W001_gaming.csv
2026-08-23T11:37:37.812,283,EXP001,W001,gaming,1.0,79.7,2100.0,7.34,80.08,100.0,85.6,13721.51,2302.99,0.0,21.6,3438.32,3.3203,0.7578,53.4,0.0276,0.0235,679713,1316817,0,0,0,0,EXP001_W001_gaming.csv
2026-08-23T11:37:38.809,284,EXP001,W001,gaming,1.0,71.8,2100.0,7.34,71.4,88.9,85.6,13722.81,2301.69,0.0,21.6,3438.07,0.4297,0.1484,53.4,0.0268,0.0262,679856,1316974,0,0,0,0,EXP001_W001_gaming.csv
2026-08-23T11:37:39.811,285,EXP001,W001,gaming,1.0,75.0,2100.0,6.83,74.96,100.0,85.6,13723.84,2300.66,0.0,21.6,3438.07,0.1758,0.043,53.4,0.0436,0.0305,680016,1317148,0,0,0,0,EXP001_W001_gaming.csv
2026-08-23T11:37:40.811,286,EXP001,W001,gaming,1.0,71.8,2100.0,6.83,71.97,85.9,85.7,13726.48,2298.02,0.0,21.6,3438.07,0.5,0.1406,53.4,0.0271,0.0312,680169,1317301,0,0,0,0,EXP001_W001_gaming.csv
2026-08-23T11:37:41.809,287,EXP001,W001,gaming,1.0,71.0,2100.0,6.83,70.84,87.5,85.7,13728.68,2295.82,0.0,21.6,3437.95,3.4531,0.1406,53.4,0.0321,0.023,680304,1317461,0,0,0,0,EXP001_W001_gaming.csv
2026-08-23T11:37:42.807,288,EXP001,W001,gaming,1.0,80.3,2100.0,6.83,80.3,100.0,85.8,13753.05,2271.45,0.0,21.6,3437.95,0.4961,0.1055,53.4,0.0289,0.0262,680445,1317614,0,0,0,0,EXP001_W001_gaming.csv
2026-08-23T11:37:43.814,289,EXP001,W001,gaming,1.0,80.6,2100.0,6.83,80.63,100.0,85.9,13763.5,2261.01,0.0,21.6,3437.95,1.7383,0.168,53.4,0.0361,0.0367,680611,1317773,0,0,0,0,EXP001_W001_gaming.csv
2026-08-23T11:37:44.814,290,EXP001,W001,gaming,1.0,81.1,2100.0,6.29,81.17,100.0,85.9,13758.65,2265.86,0.0,21.6,3437.94,0.4258,0.332,53.4,0.0382,0.0292,680760,1317930,0,0,0,0,EXP001_W001_gaming.csv
2026-08-23T11:37:45.817,291,EXP001,W001,gaming,1.016,74.4,2100.0,6.29,74.45,100.0,85.9,13759.09,2265.41,0.0,21.6,3437.94,0.4345,0.2115,53.4,0.0357,0.0292,680902,1318086,0,0,0,0,EXP001_W001_gaming.csv
2026-08-23T11:37:46.829,292,EXP001,W001,gaming,1.0,80.5,2100.0,6.29,80.42,100.0,85.9,13766.25,2258.26,0.0,21.6,3437.94,0.0352,0.1328,53.4,0.0341,0.0332,681069,1318237,0,0,0,0,EXP001_W001_gaming.csv
2026-08-23T11:37:47.812,293,EXP001,W001,gaming,0.984,83.5,2100.0,6.29,83.68,100.0,86.2,13806.83,2217.67,0.0,21.6,3437.94,11.7267,1.707,53.4,0.0325,0.0326,681236,1318390,0,0,0,0,EXP001_W001_gaming.csv
2026-08-23T11:37:48.805,294,EXP001,W001,gaming,1.0,82.8,2100.0,6.29,82.83,98.5,86.3,13831.16,2193.34,0.0,21.6,3437.94,0.2344,0.207,53.4,2.1033,0.0486,681532,1320192,0,0,0,0,EXP001_W001_gaming.csv
2026-08-23T11:37:49.819,295,EXP001,W001,gaming,1.016,90.1,2100.0,6.34,90.19,100.0,86.6,13882.24,2142.26,0.0,21.5,3414.75,17.805,117.349,53.4,10.5074,0.0551,682119,1329084,0,0,0,0,EXP001_W001_gaming.csv
2026-08-23T11:37:50.815,296,EXP001,W001,gaming,1.0,91.1,2100.0,6.34,91.1,100.0,86.9,13922.07,2102.43,0.0,21.5,3414.75,38.2563,119.4141,53.4,2.0816,0.0336,682349,1330487,0,0,0,0,EXP001_W001_gaming.csv
2026-08-23T11:37:51.815,297,EXP001,W001,gaming,0.984,94.0,2100.0,6.34,93.94,100.0,86.8,13912.81,2111.69,0.0,21.5,3414.75,21.3678,0.0754,53.4,0.0279,0.0278,682502,1330631,0,0,0,0,EXP001_W001_gaming.csv
2026-08-23T11:37:52.810,298,EXP001,W001,gaming,1.0,81.4,2100.0,6.34,81.49,100.0,86.5,13863.2,2161.3,0.0,21.5,3414.75,0.4219,0.0898,53.4,0.0302,0.0198,682640,1330765,0,0,0,0,EXP001_W001_gaming.csv
2026-08-23T11:37:53.812,299,EXP001,W001,gaming,1.0,82.9,2100.0,6.34,82.85,94.4,87.2,13981.09,2043.41,0.0,21.5,3414.75,4.2676,0.1875,53.4,0.027,0.023,682784,1330917,0,0,0,0,EXP001_W001_gaming.csv
2026-08-23T11:37:54.798,300,EXP001,W001,gaming,0.985,80.2,2100.0,5.84,80.25,100.0,86.9,13917.61,2106.9,0.0,21.5,3414.75,36.0946,0.4243,53.4,0.0246,0.0233,682913,1331049,0,0,0,0,EXP001_W001_gaming.csv
2026-08-23T11:56:59.823,1,EXP001,W001,network_intensive,0.0657,40.7,2000.0,0.0,44.44,100.0,78.2,12568.95,3507.92,0.0,4.5,72.82,0.0,0.0,100.0,2.5823,0.1333,2905786,4576290,0,0,0,0,EXP001_W001_network_intensive.csv
2026-08-23T11:57:00.793,2,EXP001,W001,network_intensive,0.9692,33.6,2000.0,0.0,33.38,58.7,78.2,12580.08,3496.79,0.0,4.5,72.82,0.1209,0.0927,100.0,0.3622,0.0118,2905972,4576664,0,0,0,0,EXP001_W001_network_intensive.csv
2026-08-23T11:57:01.785,3,EXP001,W001,network_intensive,0.9927,44.9,2000.0,0.0,44.61,66.7,78.5,12617.56,3459.3,0.0,4.5,72.82,0.0,0.3187,100.0,0.753,0.0313,2906386,4577444,0,0,0,0,EXP001_W001_network_intensive.csv
2026-08-23T11:57:02.788,4,EXP001,W001,network_intensive,1.0027,41.9,2000.0,0.0,41.69,67.2,78.5,12619.49,3457.38,0.0,4.5,72.82,0.4052,0.7636,100.0,1.3107,0.0476,2907090,4578592,0,0,0,0,EXP001_W001_network_intensive.csv
2026-08-23T11:57:03.796,5,EXP001,W001,network_intensive,1.008,44.9,2000.0,0.0,44.78,83.1,78.5,12620.98,3455.89,0.0,4.5,72.82,0.0,0.2519,100.0,1.3402,0.053,2907894,4579625,0,0,0,0,EXP001_W001_network_intensive.csv
2026-08-23T11:57:04.789,6,EXP001,W001,network_intensive,0.993,30.5,1520.0,0.0,30.37,66.2,78.4,12597.45,3479.42,0.0,4.5,72.82,0.0,0.2085,100.0,1.007,0.0337,2908441,4580425,0,0,0,0,EXP001_W001_network_intensive.csv
2026-08-23T11:57:05.794,7,EXP001,W001,network_intensive,1.0045,37.8,2000.0,0.0,37.24,81.2,78.5,12624.06,3452.81,0.0,4.5,72.82,2.9982,0.2605,100.0,1.4967,0.0472,2909253,4581588,0,0,0,0,EXP001_W001_network_intensive.csv
2026-08-23T11:57:06.791,8,EXP001,W001,network_intensive,0.9977,44.4,2000.0,0.0,44.06,78.8,78.7,12654.57,3422.3,0.0,4.5,72.82,0.0,0.5794,100.0,0.764,0.0271,2909659,4582183,0,0,0,0,EXP001_W001_network_intensive.csv
2026-08-23T11:57:07.786,9,EXP001,W001,network_intensive,0.995,38.0,1520.0,0.0,37.41,83.1,78.7,12653.17,3423.7,0.0,4.5,72.82,0.0,0.581,100.0,0.4917,0.0163,2909933,4582586,0,0,0,0,EXP001_W001_network_intensive.csv
2026-08-23T11:57:08.786,10,EXP001,W001,network_intensive,0.9996,35.6,2000.0,0.0,35.27,68.8,78.7,12650.55,3426.32,0.0,4.5,72.82,0.0,0.0039,100.0,0.9192,0.0331,2910473,4583420,0,0,0,0,EXP001_W001_network_intensive.csv
2026-08-23T11:57:09.795,11,EXP001,W001,network_intensive,1.0091,34.3,2000.0,0.0,33.98,67.1,78.7,12645.64,3431.23,0.0,4.5,72.82,0.0,0.1355,100.0,1.065,0.0359,2911080,4584284,0,0,0,0,EXP001_W001_network_intensive.csv
2026-08-23T11:57:10.788,12,EXP001,W001,network_intensive,0.9932,38.8,2000.0,0.0,38.66,80.0,78.7,12649.07,3427.8,0.0,4.5,72.82,0.0944,0.1573,100.0,1.3962,0.069,2911870,4585378,0,0,0,0,EXP001_W001_network_intensive.csv
2026-08-23T11:57:11.800,13,EXP001,W001,network_intensive,1.0116,56.2,2000.0,0.0,55.77,92.8,78.9,12680.14,3396.73,0.0,4.5,72.82,0.0005,0.6415,100.0,1.5504,0.1098,2912782,4586613,0,0,0,0,EXP001_W001_network_intensive.csv
2026-08-23T11:57:12.786,14,EXP001,W001,network_intensive,0.9865,42.1,2000.0,0.0,41.83,77.3,78.9,12679.51,3397.36,0.0,4.5,72.82,0.0005,0.44,100.0,1.1029,0.04,2913384,4587486,0,0,0,0,EXP001_W001_network_intensive.csv
2026-08-23T11:57:13.794,15,EXP001,W001,network_intensive,1.0072,31.4,2000.0,0.0,31.21,70.3,78.9,12677.17,3399.7,0.0,4.5,72.82,0.0,0.2831,100.0,1.1389,0.0408,2914034,4588357,0,0,0,0,EXP001_W001_network_intensive.csv
2026-08-23T11:57:14.790,16,EXP001,W001,network_intensive,0.996,32.3,1520.0,0.0,32.01,83.1,78.9,12678.25,3398.62,0.0,4.5,72.82,0.0039,0.3844,100.0,0.511,0.0193,2914294,4588865,0,0,0,0,EXP001_W001_network_intensive.csv
2026-08-23T11:57:15.791,17,EXP001,W001,network_intensive,1.0017,27.6,2000.0,0.0,27.28,82.1,78.8,12666.29,3410.58,0.0,4.5,72.82,0.0,0.1092,100.0,0.4593,0.0156,2914523,4589293,0,0,0,0,EXP001_W001_network_intensive.csv
2026-08-23T11:57:16.800,18,EXP001,W001,network_intensive,1.009,29.1,1520.0,0.0,28.77,73.1,78.9,12678.23,3398.63,0.0,4.5,72.82,0.0,0.5459,100.0,0.8683,0.0367,2914963,4590009,0,0,0,0,EXP001_W001_network_intensive.csv
2026-08-23T11:57:17.792,19,EXP001,W001,network_intensive,0.9919,23.8,1520.0,0.0,23.75,62.5,78.7,12658.57,3418.3,0.0,4.5,72.82,0.0,0.0788,100.0,0.9178,0.0253,2915398,4590771,0,0,0,0,EXP001_W001_network_intensive.csv
2026-08-23T11:57:18.798,20,EXP001,W001,network_intensive,1.0061,27.3,1520.0,0.0,26.91,78.8,78.7,12647.53,3429.34,0.0,4.5,72.82,0.594,0.594,100.0,1.6052,0.0482,2916231,4592032,0,0,0,0,EXP001_W001_network_intensive.csv
2026-08-23T11:57:19.796,21,EXP001,W001,network_intensive,0.9981,27.4,1520.0,0.0,27.22,76.9,78.7,12659.58,3417.29,0.0,4.5,72.82,1.8981,2.6496,100.0,1.8749,0.0545,2917139,4593359,0,0,0,0,EXP001_W001_network_intensive.csv
2026-08-23T11:57:20.794,22,EXP001,W001,network_intensive,0.9977,26.8,1520.0,0.0,26.35,63.6,78.6,12638.0,3438.86,0.0,4.5,72.82,0.0313,1.2098,100.0,1.798,0.0535,2918059,4594657,0,0,0,0,EXP001_W001_network_intensive.csv
2026-08-23T11:57:21.798,23,EXP001,W001,network_intensive,1.0041,40.3,2000.0,0.0,39.91,85.1,79.5,12780.19,3296.68,0.0,4.5,72.82,0.568,0.4202,100.0,1.7775,0.0543,2918931,4595857,0,0,0,0,EXP001_W001_network_intensive.csv
2026-08-23T11:57:22.789,24,EXP001,W001,network_intensive,0.9907,63.0,2000.0,0.0,62.59,100.0,81.9,13173.29,2903.58,0.0,4.5,72.7,0.4377,6.7857,100.0,1.86,0.0613,2919923,4597227,0,0,0,0,EXP001_W001_network_intensive.csv
2026-08-23T11:57:23.785,25,EXP001,W001,network_intensive,0.9961,60.5,1520.0,0.0,60.13,96.9,82.0,13189.07,2887.79,0.0,4.5,72.7,0.2196,3.3567,100.0,1.7524,0.0739,2920860,4598437,0,0,0,0,EXP001_W001_network_intensive.csv
2026-08-23T11:57:24.783,26,EXP001,W001,network_intensive,0.9983,55.1,1520.0,0.0,54.37,97.0,82.0,13190.54,2886.33,0.0,4.5,72.7,0.2191,2.0856,100.0,1.3173,0.0496,2921579,4599373,0,0,0,0,EXP001_W001_network_intensive.csv
2026-08-23T11:57:25.797,27,EXP001,W001,network_intensive,1.0137,48.8,1520.0,0.08,48.75,98.5,82.1,13193.04,2883.83,0.0,4.5,72.7,0.0539,2.3776,100.0,1.3917,0.041,2922296,4600403,0,0,0,0,EXP001_W001_network_intensive.csv
2026-08-23T11:57:26.790,28,EXP001,W001,network_intensive,0.9931,41.7,2000.0,0.08,41.75,79.4,81.8,13158.44,2918.43,0.0,4.5,72.7,0.3225,2.002,100.0,1.8028,0.0557,2923233,4601659,0,0,0,0,EXP001_W001_network_intensive.csv
2026-08-23T11:57:27.796,29,EXP001,W001,network_intensive,1.0061,21.0,2000.0,0.08,20.71,56.9,81.8,13154.02,2922.85,0.0,4.5,72.7,0.0,0.7998,100.0,1.7466,0.054,2924141,4602875,0,0,0,0,EXP001_W001_network_intensive.csv
2026-08-23T11:57:28.799,30,EXP001,W001,network_intensive,1.0033,24.1,2000.0,0.08,23.85,60.3,81.8,13157.75,2919.12,0.0,4.5,72.7,0.0,0.0818,100.0,1.9382,0.0958,2925218,4604267,0,0,0,0,EXP001_W001_network_intensive.csv
2026-08-23T11:57:29.796,31,EXP001,W001,network_intensive,0.9965,28.4,2000.0,0.08,28.02,63.6,81.9,13167.41,2909.46,0.0,4.5,72.7,0.0,0.8114,100.0,1.6839,0.0536,2926100,4605406,0,0,0,0,EXP001_W001_network_intensive.csv
2026-08-23T11:57:30.796,32,EXP001,W001,network_intensive,1.0002,31.5,2000.0,0.07,31.34,71.2,82.0,13186.71,2890.16,0.0,4.5,72.7,0.0,1.4762,100.0,1.3113,0.0395,2926771,4606354,0,0,0,0,EXP001_W001_network_intensive.csv
2026-08-23T11:57:31.790,33,EXP001,W001,network_intensive,0.9938,28.8,2000.0,0.07,28.25,72.7,82.0,13186.55,2890.31,0.0,4.5,72.7,0.0,0.6171,100.0,1.6172,0.0504,2927661,4607482,0,0,0,0,EXP001_W001_network_intensive.csv
2026-08-23T11:57:32.789,34,EXP001,W001,network_intensive,0.999,31.8,2000.0,0.07,31.4,64.1,82.0,13184.09,2892.78,0.0,4.5,72.7,0.0,0.0469,100.0,1.9963,0.0641,2928697,4608846,0,0,0,0,EXP001_W001_network_intensive.csv
2026-08-23T11:57:33.790,35,EXP001,W001,network_intensive,1.0012,25.7,2000.0,0.07,25.42,66.2,82.0,13186.18,2890.69,0.0,4.5,72.7,0.0,0.6984,100.0,1.6194,0.0502,2929558,4610000,0,0,0,0,EXP001_W001_network_intensive.csv
2026-08-23T11:57:34.790,36,EXP001,W001,network_intensive,0.9995,24.9,2000.0,0.07,24.65,60.0,82.0,13186.06,2890.81,0.0,4.5,72.7,0.0,0.7465,100.0,1.9677,0.0698,2930584,4611317,0,0,0,0,EXP001_W001_network_intensive.csv
2026-08-23T11:57:35.792,37,EXP001,W001,network_intensive,1.0027,26.3,2000.0,0.07,26.03,73.9,82.0,13182.03,2894.84,0.0,4.5,72.7,0.0,0.6038,100.0,1.1015,0.0338,2931167,4612120,0,0,0,0,EXP001_W001_network_intensive.csv
2026-08-23T11:57:36.788,38,EXP001,W001,network_intensive,0.9954,29.2,2000.0,0.07,28.66,64.6,81.9,13174.67,2902.2,0.0,4.5,72.7,0.0,0.153,100.0,1.7701,0.0629,2932151,4613406,0,0,0,0,EXP001_W001_network_intensive.csv
2026-08-23T11:57:37.792,39,EXP001,W001,network_intensive,1.004,28.6,2000.0,0.07,28.32,71.2,81.8,13149.11,2927.75,0.0,4.5,72.7,0.0,0.3541,100.0,1.9794,0.0677,2933213,4614827,0,0,0,0,EXP001_W001_network_intensive.csv
2026-08-23T11:57:38.789,40,EXP001,W001,network_intensive,0.9973,28.1,2000.0,0.07,27.91,67.7,81.6,13112.02,2964.85,0.0,4.5,72.7,0.0,0.3016,100.0,1.6962,0.0583,2934175,4616112,0,0,0,0,EXP001_W001_network_intensive.csv
2026-08-23T11:57:39.791,41,EXP001,W001,network_intensive,1.0024,33.3,1520.0,0.07,32.79,76.5,81.6,13116.63,2960.23,0.0,4.5,72.7,0.0195,0.0117,100.0,1.7066,0.0533,2935112,4617389,0,0,0,0,EXP001_W001_network_intensive.csv
2026-08-23T11:57:40.793,42,EXP001,W001,network_intensive,1.0017,37.8,2000.0,0.14,37.43,72.1,81.7,13140.63,2936.23,0.0,4.5,72.7,0.0312,0.5265,100.0,1.9936,0.0832,2936189,4618825,0,0,0,0,EXP001_W001_network_intensive.csv
2026-08-23T11:57:41.797,43,EXP001,W001,network_intensive,1.0043,37.6,2000.0,0.14,37.17,73.1,81.8,13151.67,2925.2,0.0,4.5,72.7,0.0,0.3034,100.0,1.287,0.044,2936862,4619839,0,0,0,0,EXP001_W001_network_intensive.csv
2026-08-23T11:57:42.791,44,EXP001,W001,network_intensive,0.9938,32.3,2000.0,0.14,32.08,80.3,82.0,13177.99,2898.88,0.0,4.5,72.7,0.0,0.2437,100.0,0.9971,0.0328,2937404,4620572,0,0,0,0,EXP001_W001_network_intensive.csv
2026-08-23T11:57:43.795,45,EXP001,W001,network_intensive,1.0038,34.2,2000.0,0.14,33.97,72.7,82.0,13182.0,2894.87,0.0,4.5,72.7,0.1245,0.0039,100.0,1.2457,0.0394,2938056,4621497,0,0,0,0,EXP001_W001_network_intensive.csv
2026-08-23T11:57:44.786,46,EXP001,W001,network_intensive,0.9912,37.8,2000.0,0.14,37.48,70.6,82.0,13175.28,2901.59,0.0,4.5,72.7,0.0,0.3074,100.0,0.9878,0.0318,2938559,4622226,0,0,0,0,EXP001_W001_network_intensive.csv
2026-08-23T11:57:45.792,47,EXP001,W001,network_intensive,1.0056,33.5,2000.0,0.13,33.19,67.2,82.0,13184.42,2892.45,0.0,4.5,72.7,0.0,0.6876,100.0,0.597,0.0199,2938899,4622796,0,0,0,0,EXP001_W001_network_intensive.csv
2026-08-23T11:57:46.792,48,EXP001,W001,network_intensive,0.9998,33.0,2000.0,0.13,32.56,63.9,81.9,13169.4,2907.46,0.0,4.5,72.7,0.0,0.2579,100.0,1.109,0.034,2939475,4623607,0,0,0,0,EXP001_W001_network_intensive.csv
2026-08-23T11:57:47.798,49,EXP001,W001,network_intensive,1.0061,37.4,2000.0,0.13,36.7,78.3,81.9,13170.0,2906.87,0.0,4.5,72.7,0.0311,0.0194,100.0,1.4086,0.0461,2940280,4624718,0,0,0,0,EXP001_W001_network_intensive.csv
2026-08-23T11:57:48.789,50,EXP001,W001,network_intensive,0.9909,34.0,2000.0,0.13,33.78,69.2,82.0,13183.75,2893.12,0.0,4.5,72.7,0.0,0.3193,100.0,1.3167,0.0435,2941001,4625720,0,0,0,0,EXP001_W001_network_intensive.csv
2026-08-23T11:57:49.793,51,EXP001,W001,network_intensive,1.0046,28.9,1520.0,0.13,28.67,60.9,81.9,13167.85,2909.02,0.0,4.5,72.7,0.0,0.3111,100.0,1.0651,0.0427,2941529,4626574,0,0,0,0,EXP001_W001_network_intensive.csv
2026-08-23T11:57:50.788,52,EXP001,W001,network_intensive,0.9949,38.5,2000.0,0.2,37.93,68.1,81.9,13160.8,2916.07,0.0,4.5,72.7,0.0,0.3769,100.0,1.495,0.0463,2942338,4627699,0,0,0,0,EXP001_W001_network_intensive.csv
2026-08-23T11:57:51.799,53,EXP001,W001,network_intensive,1.0114,39.2,2000.0,0.2,38.72,83.3,81.9,13160.9,2915.97,0.0,4.5,72.7,0.3013,0.1159,100.0,1.3219,0.0416,2943034,4628804,0,0,0,0,EXP001_W001_network_intensive.csv
2026-08-23T11:57:52.799,54,EXP001,W001,network_intensive,1.0,31.9,2000.0,0.2,31.68,63.1,81.9,13161.03,2915.84,0.0,4.5,72.7,0.1055,1.2968,100.0,1.4703,0.0472,2943818,4629932,0,0,0,0,EXP001_W001_network_intensive.csv
2026-08-23T11:57:53.797,55,EXP001,W001,network_intensive,0.998,27.8,2000.0,0.2,27.75,65.6,81.9,13159.84,2917.02,0.0,4.5,72.7,0.0,0.411,100.0,1.4552,0.0454,2944585,4631016,0,0,0,0,EXP001_W001_network_intensive.csv
2026-08-23T11:57:54.790,56,EXP001,W001,network_intensive,0.9926,25.1,2000.0,0.2,25.19,65.6,81.8,13144.83,2932.04,0.0,4.5,72.7,0.0,0.122,100.0,1.7169,0.0551,2945541,4632288,0,0,0,0,EXP001_W001_network_intensive.csv
2026-08-23T11:57:55.787,57,EXP001,W001,network_intensive,0.9972,32.4,2000.0,0.18,31.96,65.6,81.8,13150.98,2925.89,0.0,4.5,72.7,0.0157,0.5719,100.0,1.1795,0.0377,2946146,4633149,0,0,0,0,EXP001_W001_network_intensive.csv
2026-08-23T11:57:56.790,58,EXP001,W001,network_intensive,1.0032,31.7,2000.0,0.18,31.58,59.4,81.8,13149.34,2927.53,0.0,4.5,72.7,0.0,0.6814,100.0,1.139,0.0355,2946719,4633986,0,0,0,0,EXP001_W001_network_intensive.csv
2026-08-23T11:57:57.795,59,EXP001,W001,network_intensive,1.0044,25.9,2000.0,0.18,25.7,55.4,81.7,13130.3,2946.56,0.0,4.5,72.7,0.0817,0.6573,100.0,1.13,0.0402,2947342,4634977,0,0,0,0,EXP001_W001_network_intensive.csv
2026-08-23T11:57:58.789,60,EXP001,W001,network_intensive,0.9937,18.4,1520.0,0.18,18.07,50.0,81.5,13106.97,2969.89,0.0,4.5,72.7,0.0,0.2162,100.0,1.6574,0.052,2948230,4636242,0,0,0,0,EXP001_W001_network_intensive.csv
2026-08-23T11:57:59.792,61,EXP001,W001,network_intensive,1.0035,15.3,2000.0,0.18,15.2,43.1,81.5,13106.54,2970.33,0.0,4.5,72.7,0.0,0.4165,100.0,1.5257,0.0574,2949028,4637429,0,0,0,0,EXP001_W001_network_intensive.csv
2026-08-23T11:58:00.795,62,EXP001,W001,network_intensive,1.003,18.8,2000.0,0.17,18.39,53.5,81.6,13114.72,2962.14,0.0,4.5,72.7,0.0,0.3894,100.0,1.4016,0.0435,2949754,4638465,0,0,0,0,EXP001_W001_network_intensive.csv
2026-08-23T11:58:01.791,63,EXP001,W001,network_intensive,0.9962,17.5,1520.0,0.17,17.39,54.7,81.6,13111.93,2964.94,0.0,4.5,72.7,0.0,0.4078,100.0,0.8829,0.0259,2950191,4639177,0,0,0,0,EXP001_W001_network_intensive.csv
2026-08-23T11:58:02.789,64,EXP001,W001,network_intensive,0.9978,17.8,2000.0,0.17,17.57,50.7,81.6,13111.8,2965.07,0.0,4.5,72.7,0.0,0.0,100.0,1.1931,0.0354,2950803,4640201,0,0,0,0,EXP001_W001_network_intensive.csv
2026-08-23T11:58:03.797,65,EXP001,W001,network_intensive,1.0081,19.8,2000.0,0.17,19.32,55.1,81.4,13089.8,2987.07,0.0,5.0,81.27,0.0,8.3505,100.0,1.4165,0.0427,2951520,4641350,0,0,0,0,EXP001_W001_network_intensive.csv
2026-08-23T11:58:04.794,66,EXP001,W001,network_intensive,0.9965,20.3,2000.0,0.17,20.22,52.4,81.2,13050.98,3025.89,0.0,5.0,81.15,0.0,1.325,100.0,0.8162,0.0255,2951970,4642042,0,0,0,0,EXP001_W001_network_intensive.csv
2026-08-23T11:58:05.796,67,EXP001,W001,network_intensive,1.0024,16.1,1520.0,0.16,16.1,51.6,81.1,13041.48,3035.39,0.0,5.0,81.15,0.0,0.3585,100.0,0.9136,0.0276,2952429,4642826,0,0,0,0,EXP001_W001_network_intensive.csv
2026-08-23T11:58:06.791,68,EXP001,W001,network_intensive,0.9948,26.6,1520.0,0.16,26.25,63.2,81.1,13044.51,3032.36,0.0,5.0,81.15,0.0157,0.0118,100.0,1.2023,0.0399,2953086,4643748,0,0,0,0,EXP001_W001_network_intensive.csv
2026-08-23T11:58:07.791,69,EXP001,W001,network_intensive,0.9998,32.4,2000.0,0.16,31.93,58.3,81.0,13014.55,3062.32,0.0,4.5,72.77,0.2227,0.25,100.0,1.0044,0.0316,2953624,4644705,0,0,0,0,EXP001_W001_network_intensive.csv
2026-08-23T11:58:08.804,70,EXP001,W001,network_intensive,1.0132,28.9,2000.0,0.16,28.35,66.7,81.0,13019.47,3057.4,0.0,4.5,72.77,0.0,0.3315,100.0,1.157,0.0374,2954275,4645618,0,0,0,0,EXP001_W001_network_intensive.csv
2026-08-23T11:58:09.790,71,EXP001,W001,network_intensive,0.9861,28.9,2000.0,0.16,28.43,58.0,81.0,13026.14,3050.72,0.0,4.5,72.77,0.0,0.0,100.0,1.3536,0.0425,2954967,4646721,0,0,0,0,EXP001_W001_network_intensive.csv
2026-08-23T11:58:10.792,72,EXP001,W001,network_intensive,1.0021,25.5,1520.0,0.14,25.03,55.6,81.1,13031.15,3045.72,0.0,4.5,72.77,0.0,0.3157,100.0,1.6334,0.0519,2955862,4647939,0,0,0,0,EXP001_W001_network_intensive.csv
2026-08-23T11:58:11.786,73,EXP001,W001,network_intensive,0.9941,28.2,1520.0,0.14,27.32,59.2,81.0,13029.35,3047.52,0.0,4.5,72.77,0.0,0.4047,100.0,1.888,0.0576,2956860,4649438,0,0,0,0,EXP001_W001_network_intensive.csv
2026-08-23T11:58:12.795,74,EXP001,W001,network_intensive,1.0091,27.5,2000.0,0.14,26.73,74.2,81.0,13028.4,3048.46,0.0,4.5,72.77,0.0,0.329,100.0,1.963,0.0684,2957974,4650919,0,0,0,0,EXP001_W001_network_intensive.csv
2026-08-23T11:58:13.791,75,EXP001,W001,network_intensive,0.9958,27.1,2000.0,0.14,26.58,65.2,81.0,13024.96,3051.9,0.0,4.5,72.7,0.6002,0.0,100.0,1.3038,0.0428,2958668,4651957,0,0,0,0,EXP001_W001_network_intensive.csv
2026-08-23T11:58:14.785,76,EXP001,W001,network_intensive,0.9938,34.9,2000.0,0.14,34.31,68.5,81.1,13035.23,3041.64,0.0,4.5,72.7,0.0039,0.3184,100.0,1.2861,0.0417,2959377,4652921,0,0,0,0,EXP001_W001_network_intensive.csv
2026-08-23T11:58:15.792,77,EXP001,W001,network_intensive,1.0073,28.5,2000.0,0.13,28.2,61.2,81.1,13035.67,3041.2,0.0,4.5,72.7,0.0,0.3374,100.0,1.0952,0.0347,2959958,4653796,0,0,0,0,EXP001_W001_network_intensive.csv
2026-08-23T11:58:16.785,78,EXP001,W001,network_intensive,0.9924,32.9,2000.0,0.13,32.44,75.4,81.1,13040.84,3036.03,0.0,4.5,72.7,0.0,0.3779,100.0,1.3449,0.0428,2960704,4654938,0,0,0,0,EXP001_W001_network_intensive.csv
2026-08-23T11:58:17.791,79,EXP001,W001,network_intensive,1.0068,34.9,1520.0,0.13,34.3,70.8,81.1,13044.0,3032.87,0.0,4.5,72.7,0.0,0.0039,100.0,1.6295,0.0522,2961572,4656226,0,0,0,0,EXP001_W001_network_intensive.csv
2026-08-23T11:58:18.792,80,EXP001,W001,network_intensive,1.0008,28.5,1520.0,0.13,28.03,62.5,81.1,13043.7,3033.17,0.0,4.5,72.7,0.0,0.3474,100.0,1.1907,0.0386,2962221,4657190,0,0,0,0,EXP001_W001_network_intensive.csv
2026-08-23T11:58:19.785,81,EXP001,W001,network_intensive,0.9926,31.9,2000.0,0.13,31.41,64.8,81.1,13042.61,3034.25,0.0,4.5,72.7,0.0,0.303,100.0,1.1674,0.037,2962841,4658138,0,0,0,0,EXP001_W001_network_intensive.csv
2026-08-23T11:58:20.789,82,EXP001,W001,network_intensive,1.0043,25.8,2000.0,0.12,25.69,60.3,81.1,13037.43,3039.44,0.0,4.5,72.7,0.0428,0.1439,100.0,0.5445,0.0163,2963099,4658592,0,0,0,0,EXP001_W001_network_intensive.csv
2026-08-23T11:58:21.791,83,EXP001,W001,network_intensive,1.0017,53.6,2000.0,0.12,53.06,82.4,81.4,13086.98,2989.88,0.0,4.5,72.7,0.2379,0.1209,100.0,0.7583,0.038,2963549,4659289,0,0,0,0,EXP001_W001_network_intensive.csv
2026-08-23T11:58:22.792,84,EXP001,W001,network_intensive,1.0011,44.3,2000.0,0.12,43.94,70.6,81.4,13093.03,2983.84,0.0,4.5,72.7,0.32,0.7687,100.0,1.0487,0.0463,2964116,4660071,0,0,0,0,EXP001_W001_network_intensive.csv
2026-08-23T11:58:23.788,85,EXP001,W001,network_intensive,0.9963,36.3,2000.0,0.12,35.84,64.0,81.4,13089.43,2987.43,0.0,4.5,72.7,0.0,0.2509,100.0,1.2592,0.0386,2964772,4661072,0,0,0,0,EXP001_W001_network_intensive.csv
2026-08-23T11:58:24.787,86,EXP001,W001,network_intensive,0.9991,41.7,2000.0,0.12,41.09,74.2,81.5,13095.75,2981.12,0.0,4.5,72.7,0.0,0.735,100.0,1.6509,0.0522,2965651,4662412,0,0,0,0,EXP001_W001_network_intensive.csv
2026-08-23T11:58:25.801,87,EXP001,W001,network_intensive,1.0141,44.2,2000.0,0.19,43.59,82.6,81.3,13072.26,3004.61,0.0,4.5,72.7,0.0,0.4545,100.0,1.7165,0.0553,2966617,4663817,0,0,0,0,EXP001_W001_network_intensive.csv
2026-08-23T11:58:26.798,88,EXP001,W001,network_intensive,0.9964,41.7,1520.0,0.19,41.4,64.1,80.7,12976.81,3100.05,0.0,4.8,76.93,0.4116,4.9787,100.0,1.9571,0.0633,2967645,4665253,0,0,0,0,EXP001_W001_network_intensive.csv
2026-08-23T11:58:27.788,89,EXP001,W001,network_intensive,0.9902,26.9,2000.0,0.19,26.67,67.1,80.7,12978.5,3098.37,0.0,4.8,76.93,0.0,0.288,100.0,1.539,0.0516,2968481,4666364,0,0,0,0,EXP001_W001_network_intensive.csv
2026-08-23T11:58:28.799,90,EXP001,W001,network_intensive,1.0108,20.6,2000.0,0.19,20.52,78.5,80.7,12966.53,3110.34,0.0,4.8,76.93,0.0,0.0039,100.0,0.3335,0.0107,2968634,4666642,0,0,0,0,EXP001_W001_network_intensive.csv
2026-08-23T11:58:29.794,91,EXP001,W001,network_intensive,0.9951,28.6,2000.0,0.19,28.51,54.7,80.8,12987.01,3089.86,0.0,4.8,76.93,31.2352,0.2748,100.0,0.7566,0.0318,2969049,4667346,0,0,0,0,EXP001_W001_network_intensive.csv
2026-08-23T11:58:30.789,92,EXP001,W001,network_intensive,0.9952,29.6,2000.0,0.18,29.38,71.9,80.8,12994.55,3082.31,0.0,4.8,76.93,0.0039,0.4043,100.0,1.2527,0.0438,2969710,4668314,0,0,0,0,EXP001_W001_network_intensive.csv
2026-08-23T11:58:31.794,93,EXP001,W001,network_intensive,1.0046,27.0,2000.0,0.18,26.61,62.9,80.8,12991.28,3085.59,0.0,4.8,76.93,0.0,0.3499,100.0,1.3281,0.0415,2970406,4669308,0,0,0,0,EXP001_W001_network_intensive.csv
2026-08-23T11:58:32.796,94,EXP001,W001,network_intensive,1.0025,23.6,1520.0,0.18,23.46,55.4,80.8,12990.16,3086.71,0.0,4.8,76.93,0.0,0.7482,100.0,0.8566,0.0274,2970867,4669973,0,0,0,0,EXP001_W001_network_intensive.csv
2026-08-23T11:58:33.791,95,EXP001,W001,network_intensive,0.9949,23.4,1520.0,0.18,23.28,69.7,80.8,12996.26,3080.61,0.0,4.8,76.93,0.0,0.318,100.0,0.8804,0.0498,2971343,4670653,0,0,0,0,EXP001_W001_network_intensive.csv
2026-08-23T11:58:34.789,96,EXP001,W001,network_intensive,0.9984,26.1,1520.0,0.18,25.84,66.2,80.8,12996.76,3080.11,0.0,4.8,76.93,0.0,0.6338,100.0,0.851,0.0386,2971807,4671343,0,0,0,0,EXP001_W001_network_intensive.csv
2026-08-23T11:58:35.781,97,EXP001,W001,network_intensive,0.9913,25.4,1520.0,0.16,25.16,65.2,80.8,12991.36,3085.51,0.0,4.8,76.93,0.0,0.3468,100.0,1.0431,0.0329,2972350,4672117,0,0,0,0,EXP001_W001_network_intensive.csv
2026-08-23T11:58:36.782,98,EXP001,W001,network_intensive,1.0013,23.4,1520.0,0.16,23.07,60.0,80.8,12991.48,3085.38,0.0,4.8,76.93,0.0,0.0117,100.0,0.7312,0.0242,2972765,4672745,0,0,0,0,EXP001_W001_network_intensive.csv
2026-08-23T11:58:37.776,99,EXP001,W001,network_intensive,0.9935,26.2,2000.0,0.16,26.06,61.5,80.8,12986.48,3090.38,0.0,4.8,76.93,0.0629,0.228,100.0,1.1361,0.0354,2973351,4673645,0,0,0,0,EXP001_W001_network_intensive.csv
2026-08-23T11:58:38.796,100,EXP001,W001,network_intensive,1.02,25.3,2000.0,0.16,25.1,62.7,80.7,12977.67,3099.2,0.0,4.8,76.93,0.0,0.4519,100.0,0.8224,0.0256,2973793,4674289,0,0,0,0,EXP001_W001_network_intensive.csv
2026-08-23T11:58:39.791,101,EXP001,W001,network_intensive,0.9957,25.2,2000.0,0.16,24.81,57.8,80.7,12979.24,3097.62,0.0,4.8,76.93,0.0,0.0,100.0,1.0079,0.0318,2974315,4675107,0,0,0,0,EXP001_W001_network_intensive.csv
2026-08-23T11:58:40.786,102,EXP001,W001,network_intensive,0.9948,28.7,1520.0,0.15,28.03,71.9,80.7,12979.54,3097.33,0.0,4.8,76.93,0.0,0.2552,100.0,1.1816,0.0383,2974971,4676079,0,0,0,0,EXP001_W001_network_intensive.csv
2026-08-23T11:58:41.788,103,EXP001,W001,network_intensive,1.0022,29.1,1520.0,0.15,29.09,55.4,80.7,12977.95,3098.92,0.0,4.8,76.93,0.0,0.3508,100.0,0.9111,0.0273,2975426,4676887,0,0,0,0,EXP001_W001_network_intensive.csv
2026-08-23T11:58:42.793,104,EXP001,W001,network_intensive,1.0048,33.8,1520.0,0.15,33.24,73.1,80.7,12972.11,3104.76,0.0,4.8,76.93,0.2556,0.3265,100.0,1.1096,0.0333,2976025,4677847,0,0,0,0,EXP001_W001_network_intensive.csv
2026-08-23T11:58:43.796,105,EXP001,W001,network_intensive,1.0028,24.2,1520.0,0.15,23.95,72.7,80.7,12971.66,3105.2,0.0,4.8,76.93,0.0,0.0,100.0,1.1805,0.0373,2976636,4678753,0,0,0,0,EXP001_W001_network_intensive.csv
2026-08-23T11:58:44.789,106,EXP001,W001,network_intensive,0.9934,28.4,2000.0,0.15,27.83,66.2,80.7,12970.64,3106.23,0.0,4.8,76.93,0.0,0.3578,100.0,1.6695,0.0528,2977538,4680121,0,0,0,0,EXP001_W001_network_intensive.csv
2026-08-23T11:58:45.788,107,EXP001,W001,network_intensive,0.999,24.4,1520.0,0.14,24.21,64.1,80.7,12974.04,3102.83,0.0,4.8,76.93,0.0,0.3988,100.0,2.0512,0.0692,2978654,4681614,0,0,0,0,EXP001_W001_network_intensive.csv
2026-08-23T11:58:46.791,108,EXP001,W001,network_intensive,1.0033,25.0,2000.0,0.14,24.79,65.7,80.7,12973.8,3103.07,0.0,4.8,76.93,0.0,0.44,100.0,1.4188,0.0466,2979405,4682663,0,0,0,0,EXP001_W001_network_intensive.csv
2026-08-23T11:58:47.785,109,EXP001,W001,network_intensive,0.9935,25.1,1520.0,0.14,24.77,57.6,80.6,12962.47,3114.4,0.0,4.8,76.93,0.1052,0.0275,100.0,1.1973,0.0362,2980006,4683586,0,0,0,0,EXP001_W001_network_intensive.csv
2026-08-23T11:58:48.793,110,EXP001,W001,network_intensive,1.0078,26.3,1520.0,0.14,26.0,65.2,80.7,12966.64,3110.22,0.0,4.8,76.93,0.0969,0.5349,100.0,1.411,0.044,2980768,4684651,0,0,0,0,EXP001_W001_network_intensive.csv
2026-08-23T11:58:49.789,111,EXP001,W001,network_intensive,0.9959,24.0,1520.0,0.14,23.61,71.6,80.6,12965.09,3111.78,0.0,4.8,76.93,0.0,0.4785,100.0,1.0034,0.0327,2981328,4685472,0,0,0,0,EXP001_W001_network_intensive.csv
2026-08-23T11:58:50.800,112,EXP001,W001,network_intensive,1.0114,26.4,2000.0,0.13,25.9,66.2,80.6,12964.87,3112.0,0.0,4.8,76.93,0.0,0.4519,100.0,1.4775,0.0447,2982096,4686628,0,0,0,0,EXP001_W001_network_intensive.csv
2026-08-23T11:58:51.786,113,EXP001,W001,network_intensive,0.986,36.2,1520.0,0.13,35.65,80.6,80.7,12968.88,3107.99,0.0,4.8,76.93,0.4199,0.9231,100.0,1.5165,0.0474,2982875,4687775,0,0,0,0,EXP001_W001_network_intensive.csv
2026-08-23T11:58:52.798,114,EXP001,W001,network_intensive,1.0124,30.4,1520.0,0.13,30.3,60.3,80.8,12988.81,3088.06,0.0,4.8,76.93,0.0039,0.8411,100.0,0.8646,0.0367,2983324,4688407,0,0,0,0,EXP001_W001_network_intensive.csv
2026-08-23T11:58:53.787,115,EXP001,W001,network_intensive,0.9885,31.4,2000.0,0.13,31.08,68.2,80.8,12988.99,3087.88,0.0,4.8,76.93,0.0,0.5256,100.0,1.4288,0.0449,2984086,4689485,0,0,0,0,EXP001_W001_network_intensive.csv
2026-08-23T11:58:54.799,116,EXP001,W001,network_intensive,1.0118,30.2,1520.0,0.13,29.99,63.1,80.8,12995.98,3080.89,0.0,4.8,76.93,0.0,0.5328,100.0,1.2729,0.0425,2984804,4690450,0,0,0,0,EXP001_W001_network_intensive.csv
2026-08-23T11:58:55.796,117,EXP001,W001,network_intensive,0.9971,34.9,1520.0,0.12,34.57,80.3,80.9,13012.16,3064.7,0.0,4.8,76.93,0.0,0.0705,100.0,1.4328,0.0472,2985543,4691545,0,0,0,0,EXP001_W001_network_intensive.csv
2026-08-23T11:58:56.790,118,EXP001,W001,network_intensive,0.9945,24.3,2000.0,0.12,24.14,57.6,80.9,13011.64,3065.22,0.0,4.8,76.93,0.0,0.4203,100.0,0.8816,0.0262,2985995,4692235,0,0,0,0,EXP001_W001_network_intensive.csv
2026-08-23T11:58:57.791,119,EXP001,W001,network_intensive,1.0008,23.5,2000.0,0.12,23.37,75.4,80.9,13011.3,3065.56,0.0,4.8,76.93,0.0,0.4254,100.0,1.0315,0.0304,2986494,4693069,0,0,0,0,EXP001_W001_network_intensive.csv
2026-08-23T11:58:58.787,120,EXP001,W001,network_intensive,0.9961,25.8,2000.0,0.12,25.65,71.9,80.9,13010.89,3065.98,0.0,4.8,76.93,0.0,0.0275,100.0,0.8999,0.0316,2986998,4693823,0,0,0,0,EXP001_W001_network_intensive.csv
2026-08-23T11:58:59.789,121,EXP001,W001,network_intensive,1.0015,25.8,1520.0,0.12,25.57,64.6,80.9,13009.46,3067.41,0.0,4.8,76.93,0.0,0.5343,100.0,1.0048,0.0362,2987554,4694664,0,0,0,0,EXP001_W001_network_intensive.csv
2026-08-23T11:59:00.781,122,EXP001,W001,network_intensive,0.9922,29.6,2000.0,0.19,28.91,66.2,80.8,12984.03,3092.84,0.0,4.8,76.93,0.0,0.4055,100.0,1.131,0.0345,2988144,4695563,0,0,0,0,EXP001_W001_network_intensive.csv
2026-08-23T11:59:01.796,123,EXP001,W001,network_intensive,1.0147,35.3,2000.0,0.19,34.85,69.7,80.8,12991.51,3085.36,0.0,4.8,76.93,0.0,0.3234,100.0,1.2703,0.0396,2988843,4696681,0,0,0,0,EXP001_W001_network_intensive.csv
2026-08-23T11:59:02.790,124,EXP001,W001,network_intensive,0.9941,28.4,1520.0,0.19,27.99,58.9,80.8,12989.14,3087.72,0.0,4.8,76.93,0.0,0.0196,100.0,1.391,0.0444,2989573,4697743,0,0,0,0,EXP001_W001_network_intensive.csv
2026-08-23T11:59:03.795,125,EXP001,W001,network_intensive,1.005,36.8,2000.0,0.19,36.02,82.7,80.9,12999.12,3077.75,0.0,4.8,76.93,0.0,0.5636,100.0,0.8946,0.0262,2989999,4698566,0,0,0,0,EXP001_W001_network_intensive.csv
2026-08-23T11:59:04.785,126,EXP001,W001,network_intensive,0.9899,27.1,2000.0,0.19,26.68,64.2,80.8,12996.66,3080.21,0.0,4.8,76.93,0.0,0.4657,100.0,0.9825,0.0304,2990506,4699392,0,0,0,0,EXP001_W001_network_intensive.csv
2026-08-23T11:59:05.798,127,EXP001,W001,network_intensive,1.0133,33.0,2000.0,0.17,32.43,64.4,80.8,12997.33,3079.54,0.0,4.8,76.93,0.0,0.4317,100.0,1.4431,0.045,2991292,4700567,0,0,0,0,EXP001_W001_network_intensive.csv
2026-08-23T11:59:06.786,128,EXP001,W001,network_intensive,0.9875,29.2,1520.0,0.17,28.59,64.8,80.9,12998.28,3078.59,0.0,4.8,76.93,0.0,0.0,100.0,1.3137,0.0383,2991947,4701565,0,0,0,0,EXP001_W001_network_intensive.csv
2026-08-23T11:59:07.789,129,EXP001,W001,network_intensive,1.0032,26.2,2000.0,0.17,25.96,66.2,80.8,12987.73,3089.14,0.0,4.8,76.93,0.0,0.4011,100.0,1.6347,0.0556,2992839,4702881,0,0,0,0,EXP001_W001_network_intensive.csv
2026-08-23T11:59:08.785,130,EXP001,W001,network_intensive,0.9966,20.8,1520.0,0.17,20.46,50.7,80.8,12983.74,3093.13,0.0,4.8,76.93,0.0,0.3292,100.0,1.3035,0.0435,2993531,4703852,0,0,0,0,EXP001_W001_network_intensive.csv
2026-08-23T11:59:09.796,131,EXP001,W001,network_intensive,1.0102,23.9,2000.0,0.17,23.93,66.2,80.7,12981.53,3095.34,0.0,4.8,76.93,0.0,0.0348,100.0,1.2277,0.0378,2994176,4704948,0,0,0,0,EXP001_W001_network_intensive.csv
2026-08-23T11:59:10.788,132,EXP001,W001,network_intensive,0.9927,25.5,2000.0,0.16,25.16,64.3,80.8,12982.57,3094.3,0.0,4.8,76.93,0.0,0.8067,100.0,1.3893,0.0449,2994905,4705945,0,0,0,0,EXP001_W001_network_intensive.csv
2026-08-23T11:59:11.790,133,EXP001,W001,network_intensive,1.0014,26.5,2000.0,0.16,26.2,59.7,80.8,12997.78,3079.09,0.0,4.8,76.93,0.0,0.4291,100.0,1.1099,0.0342,2995473,4706880,0,0,0,0,EXP001_W001_network_intensive.csv
2026-08-23T11:59:12.785,134,EXP001,W001,network_intensive,0.9955,26.4,2000.0,0.16,26.0,65.6,80.8,12996.35,3080.52,0.0,4.8,76.93,0.0,0.4434,100.0,1.2966,0.0411,2996177,4707962,0,0,0,0,EXP001_W001_network_intensive.csv
2026-08-23T11:59:13.788,135,EXP001,W001,network_intensive,1.0032,26.8,2000.0,0.16,26.8,63.1,80.8,12988.76,3088.11,0.0,4.8,76.93,0.0,0.0117,100.0,1.6816,0.0497,2997000,4709279,0,0,0,0,EXP001_W001_network_intensive.csv
2026-08-23T11:59:14.788,136,EXP001,W001,network_intensive,0.9997,25.1,2000.0,0.16,24.94,58.5,80.8,12985.83,3091.04,0.0,4.8,76.93,0.0,0.4103,100.0,1.4559,0.0443,2997758,4710476,0,0,0,0,EXP001_W001_network_intensive.csv
2026-08-23T11:59:15.788,137,EXP001,W001,network_intensive,1.0005,25.5,2000.0,0.15,25.03,62.1,80.8,12983.05,3093.82,0.0,4.8,76.93,0.0,0.3631,100.0,1.4249,0.0437,2998505,4711580,0,0,0,0,EXP001_W001_network_intensive.csv
2026-08-23T11:59:16.795,138,EXP001,W001,network_intensive,1.0061,25.2,1520.0,0.15,24.73,60.9,80.7,12970.56,3106.31,0.0,4.8,76.93,0.0,0.3766,100.0,1.4315,0.0471,2999324,4712640,0,0,0,0,EXP001_W001_network_intensive.csv
2026-08-23T11:59:17.789,139,EXP001,W001,network_intensive,0.9948,24.1,1520.0,0.15,23.87,67.7,80.7,12972.79,3104.08,0.0,4.8,76.93,0.0039,0.0157,100.0,1.8307,0.0555,3000242,4713961,0,0,0,0,EXP001_W001_network_intensive.csv
2026-08-23T11:59:18.776,140,EXP001,W001,network_intensive,0.9863,27.5,2000.0,0.15,27.28,56.2,80.8,12986.89,3089.98,0.0,4.8,76.93,0.0,0.4634,100.0,1.7314,0.0521,3001109,4715207,0,0,0,0,EXP001_W001_network_intensive.csv
2026-08-23T11:59:19.793,141,EXP001,W001,network_intensive,1.0173,31.6,2000.0,0.15,31.28,71.2,80.8,12987.77,3089.1,0.0,4.8,76.93,0.0,0.6643,100.0,1.2526,0.0352,3001754,4716251,0,0,0,0,EXP001_W001_network_intensive.csv
2026-08-23T11:59:20.787,142,EXP001,W001,network_intensive,0.9941,26.0,2000.0,0.13,25.88,64.6,80.8,12993.83,3083.04,0.0,4.8,76.93,0.0,0.554,100.0,1.1275,0.0381,3002364,4717028,0,0,0,0,EXP001_W001_network_intensive.csv
2026-08-23T11:59:21.787,143,EXP001,W001,network_intensive,1.0002,36.9,1520.0,0.13,36.62,74.2,80.8,12996.54,3080.33,0.0,4.8,76.93,0.3046,0.1445,100.0,1.5055,0.0431,3003098,4718133,0,0,0,0,EXP001_W001_network_intensive.csv
2026-08-23T11:59:22.785,144,EXP001,W001,network_intensive,0.9974,32.4,2000.0,0.13,31.68,71.1,80.8,12996.27,3080.6,0.0,4.8,76.93,0.047,1.1553,100.0,1.9051,0.0563,3004046,4719423,0,0,0,0,EXP001_W001_network_intensive.csv
2026-08-23T11:59:23.793,145,EXP001,W001,network_intensive,1.0084,28.4,2000.0,0.13,28.18,63.2,80.8,12984.8,3092.07,0.0,4.8,76.93,0.0,0.8251,100.0,1.3983,0.0432,3004761,4720531,0,0,0,0,EXP001_W001_network_intensive.csv
2026-08-23T11:59:24.790,146,EXP001,W001,network_intensive,0.9972,26.5,2000.0,0.13,26.24,66.2,80.8,12982.91,3093.95,0.0,4.8,76.93,0.0039,0.4818,100.0,1.5372,0.0485,3005569,4721603,0,0,0,0,EXP001_W001_network_intensive.csv
2026-08-23T11:59:25.791,147,EXP001,W001,network_intensive,1.0009,28.2,2000.0,0.2,27.89,67.7,80.7,12977.15,3099.71,0.0,4.8,76.93,0.0,0.6752,100.0,1.3805,0.0407,3006267,4722666,0,0,0,0,EXP001_W001_network_intensive.csv
2026-08-23T11:59:26.785,148,EXP001,W001,network_intensive,0.9941,24.0,1520.0,0.2,23.65,67.7,80.8,12992.01,3084.86,0.0,4.8,76.93,0.0,0.6248,100.0,0.8686,0.0258,3006707,4723285,0,0,0,0,EXP001_W001_network_intensive.csv
2026-08-23T11:59:27.796,149,EXP001,W001,network_intensive,1.0112,24.5,2000.0,0.2,24.62,73.8,80.8,12989.17,3087.7,0.0,4.8,76.93,0.0,0.5485,100.0,1.0761,0.0297,3007213,4724139,0,0,0,0,EXP001_W001_network_intensive.csv
2026-08-23T11:59:28.788,150,EXP001,W001,network_intensive,0.9917,24.7,2000.0,0.2,24.49,73.4,80.7,12977.5,3099.37,0.0,4.8,76.93,0.0,0.0039,100.0,1.6132,0.0498,3008082,4725292,0,0,0,0,EXP001_W001_network_intensive.csv
2026-08-23T11:59:29.788,151,EXP001,W001,network_intensive,0.9997,23.9,2000.0,0.2,23.49,58.5,80.8,12988.7,3088.17,0.0,4.8,76.93,0.0,0.6252,100.0,1.6884,0.0521,3008953,4726541,0,0,0,0,EXP001_W001_network_intensive.csv
2026-08-23T11:59:30.788,152,EXP001,W001,network_intensive,1.0004,26.5,1520.0,0.19,26.05,68.1,80.7,12980.73,3096.14,0.0,4.8,76.93,0.0,0.7224,100.0,1.7155,0.0578,3009844,4727768,0,0,0,0,EXP001_W001_network_intensive.csv
2026-08-23T11:59:31.790,153,EXP001,W001,network_intensive,1.0019,26.3,1520.0,0.19,26.18,63.1,80.6,12965.98,3110.89,0.0,4.8,76.93,0.0,0.6745,100.0,1.2902,0.0357,3010453,4728743,0,0,0,0,EXP001_W001_network_intensive.csv
2026-08-23T11:59:32.792,154,EXP001,W001,network_intensive,1.0022,23.7,1520.0,0.19,23.48,67.7,80.7,12979.09,3097.78,0.0,4.8,76.93,0.0,0.0,100.0,1.2573,0.0401,3011114,4729644,0,0,0,0,EXP001_W001_network_intensive.csv
2026-08-23T11:59:33.786,155,EXP001,W001,network_intensive,0.9941,26.5,2000.0,0.19,26.0,68.2,80.7,12974.33,3102.54,0.0,4.8,76.93,0.0,0.6877,100.0,1.1894,0.0353,3011710,4730588,0,0,0,0,EXP001_W001_network_intensive.csv
2026-08-23T11:59:34.784,156,EXP001,W001,network_intensive,0.9973,26.0,1520.0,0.19,25.45,66.7,80.8,12984.57,3092.3,0.0,4.8,76.93,0.0,0.6894,100.0,1.2147,0.046,3012377,4731494,0,0,0,0,EXP001_W001_network_intensive.csv
2026-08-23T11:59:35.791,157,EXP001,W001,network_intensive,1.0072,30.4,1520.0,0.17,29.91,71.2,80.7,12978.02,3098.85,0.0,4.8,76.93,0.0,0.6555,100.0,1.3389,0.0413,3013078,4732547,0,0,0,0,EXP001_W001_network_intensive.csv
2026-08-23T11:59:36.781,158,EXP001,W001,network_intensive,0.9901,44.1,2000.0,0.17,43.42,76.4,81.3,13064.21,3012.66,0.0,4.8,76.93,0.0,0.0079,100.0,1.3984,0.0401,3013751,4733529,0,0,0,0,EXP001_W001_network_intensive.csv
2026-08-23T11:59:37.791,159,EXP001,W001,network_intensive,1.0104,37.0,2000.0,0.17,36.67,64.4,81.2,13060.93,3015.94,0.0,4.8,76.93,0.0,0.634,100.0,1.9792,0.0625,3014796,4735069,0,0,0,0,EXP001_W001_network_intensive.csv
2026-08-23T11:59:38.775,160,EXP001,W001,network_intensive,0.984,26.2,2000.0,0.17,25.38,70.3,81.2,13059.86,3017.01,0.0,4.8,76.93,0.004,0.4962,100.0,1.3711,0.0455,3015530,4736055,0,0,0,0,EXP001_W001_network_intensive.csv
2026-08-23T11:59:39.796,161,EXP001,W001,network_intensive,1.0209,21.6,2000.0,0.17,21.41,68.2,81.2,13057.47,3019.4,0.0,4.8,76.93,0.0,0.5089,100.0,1.5122,0.0478,3016332,4737348,0,0,0,0,EXP001_W001_network_intensive.csv
2026-08-23T11:59:40.782,162,EXP001,W001,network_intensive,0.9854,25.8,2000.0,0.16,25.7,75.0,81.2,13061.13,3015.74,0.0,4.8,76.93,0.0,0.0198,100.0,1.1804,0.0371,3016941,4738307,0,0,0,0,EXP001_W001_network_intensive.csv
2026-08-23T11:59:41.790,163,EXP001,W001,network_intensive,1.0085,28.4,2000.0,0.16,28.34,70.8,81.2,13059.92,3016.95,0.0,4.8,76.93,0.0,0.5771,100.0,1.4945,0.0443,3017697,4739425,0,0,0,0,EXP001_W001_network_intensive.csv
2026-08-23T11:59:42.776,164,EXP001,W001,network_intensive,0.9859,24.7,2000.0,0.16,23.99,70.8,81.2,13051.91,3024.96,0.0,4.8,76.93,0.0,0.5785,100.0,1.3934,0.0436,3018428,4740380,0,0,0,0,EXP001_W001_network_intensive.csv
2026-08-23T11:59:43.775,165,EXP001,W001,network_intensive,0.9993,17.2,2000.0,0.16,17.2,56.7,81.1,13034.57,3042.29,0.0,4.8,76.93,0.0,0.0235,100.0,1.441,0.0425,3019167,4741484,0,0,0,0,EXP001_W001_network_intensive.csv
2026-08-23T11:59:44.798,166,EXP001,W001,network_intensive,1.023,21.9,2000.0,0.16,21.63,68.6,81.0,13024.15,3052.72,0.0,4.8,76.93,0.0,0.6147,100.0,1.6332,0.0513,3020047,4742705,0,0,0,0,EXP001_W001_network_intensive.csv
2026-08-23T11:59:45.794,167,EXP001,W001,network_intensive,0.9958,32.3,2000.0,0.23,32.23,69.8,80.9,13003.45,3073.42,0.0,4.8,76.93,0.0,0.5688,100.0,1.486,0.0451,3020789,4743918,0,0,0,0,EXP001_W001_network_intensive.csv
2026-08-23T11:59:46.786,168,EXP001,W001,network_intensive,0.9914,24.2,2000.0,0.23,23.97,75.8,80.8,12993.76,3083.11,0.0,4.8,76.93,0.0,0.6029,100.0,1.1829,0.0338,3021372,4744764,0,0,0,0,EXP001_W001_network_intensive.csv
2026-08-23T11:59:47.776,169,EXP001,W001,network_intensive,0.9902,23.2,2000.0,0.23,22.91,59.4,80.8,12991.39,3085.47,0.0,4.8,76.93,0.0,0.0,100.0,1.1837,0.0345,3021954,4745750,0,0,0,0,EXP001_W001_network_intensive.csv
2026-08-23T11:59:48.776,170,EXP001,W001,network_intensive,0.9998,14.6,2000.0,0.23,14.12,51.5,80.7,12975.34,3101.53,0.0,4.8,76.93,0.0,0.7384,100.0,1.331,0.039,3022620,4746706,0,0,0,0,EXP001_W001_network_intensive.csv
2026-08-23T11:59:49.792,171,EXP001,W001,network_intensive,1.0168,21.2,2000.0,0.23,21.14,52.3,80.7,12972.88,3103.99,0.0,4.8,76.93,0.0,0.6493,100.0,1.328,0.0381,3023294,4747738,0,0,0,0,EXP001_W001_network_intensive.csv
2026-08-23T11:59:50.793,172,EXP001,W001,network_intensive,1.0002,23.7,1520.0,0.21,23.38,71.2,80.7,12980.55,3096.32,0.0,4.8,76.93,0.0,1.9136,100.0,1.1736,0.0391,3023929,4748587,0,0,0,0,EXP001_W001_network_intensive.csv
2026-08-23T11:59:51.789,173,EXP001,W001,network_intensive,0.9964,34.5,2000.0,0.21,34.25,66.2,80.7,12980.75,3096.12,0.0,4.8,76.93,0.3724,2.0464,100.0,0.6798,0.022,3024287,4749313,0,0,0,0,EXP001_W001_network_intensive.csv
2026-08-23T11:59:52.776,174,EXP001,W001,network_intensive,0.9866,31.6,2000.0,0.21,31.28,61.9,80.6,12958.72,3118.15,0.0,4.8,76.93,0.1029,0.4157,100.0,1.0773,0.0348,3024872,4750146,0,0,0,0,EXP001_W001_network_intensive.csv
2026-08-23T11:59:53.776,175,EXP001,W001,network_intensive,1.0001,16.6,2000.0,0.21,16.43,58.2,80.6,12961.57,3115.3,0.0,4.8,76.93,0.0,0.3984,100.0,0.8279,0.0268,3025312,4750875,0,0,0,0,EXP001_W001_network_intensive.csv
2026-08-23T11:59:54.790,176,EXP001,W001,network_intensive,1.0146,18.3,2000.0,0.21,18.22,63.6,80.6,12963.54,3113.32,0.0,4.8,76.93,0.0,0.9779,100.0,0.894,0.028,3025791,4751568,0,0,0,0,EXP001_W001_network_intensive.csv
2026-08-23T11:59:55.795,177,EXP001,W001,network_intensive,1.0047,25.1,2000.0,0.19,24.89,75.8,80.6,12955.22,3121.64,0.0,4.8,76.93,0.0,0.0,100.0,1.218,0.0371,3026436,4752469,0,0,0,0,EXP001_W001_network_intensive.csv
2026-08-23T11:59:56.791,178,EXP001,W001,network_intensive,0.9964,22.5,1520.0,0.19,22.15,67.7,80.6,12954.47,3122.4,0.0,4.8,76.93,0.0,0.3881,100.0,1.3698,0.0451,3027190,4753433,0,0,0,0,EXP001_W001_network_intensive.csv
2026-08-23T11:59:57.776,179,EXP001,W001,network_intensive,0.9845,23.1,2000.0,0.19,22.75,65.1,80.6,12957.23,3119.64,0.0,4.8,76.93,0.0541,0.4127,100.0,0.8334,0.0263,3027625,4754175,0,0,0,0,EXP001_W001_network_intensive.csv
2026-08-23T11:59:58.776,180,EXP001,W001,network_intensive,1.0,13.6,2000.0,0.19,13.39,71.2,80.6,12955.18,3121.69,0.0,4.8,76.93,0.0,0.0234,100.0,1.366,0.0406,3028332,4755149,0,0,0,0,EXP001_W001_network_intensive.csv
2026-08-23T11:59:59.785,181,EXP001,W001,network_intensive,1.0089,21.6,2000.0,0.19,21.31,55.1,80.6,12952.43,3124.44,0.0,4.8,76.93,0.0,0.3872,100.0,2.057,0.0687,3029491,4756666,0,0,0,0,EXP001_W001_network_intensive.csv
2026-08-23T12:00:00.786,182,EXP001,W001,network_intensive,1.0009,27.6,2000.0,0.18,27.5,73.8,80.5,12943.78,3133.09,0.0,4.8,76.93,0.0,0.562,100.0,1.3218,0.0451,3030218,4757664,0,0,0,0,EXP001_W001_network_intensive.csv
2026-08-23T12:00:01.789,183,EXP001,W001,network_intensive,1.0037,26.2,2000.0,0.18,25.7,69.7,80.5,12947.73,3129.14,0.0,4.8,76.93,0.0817,0.2218,100.0,0.9233,0.0285,3030699,4758526,0,0,0,0,EXP001_W001_network_intensive.csv
2026-08-23T12:00:02.776,184,EXP001,W001,network_intensive,0.9862,23.3,1520.0,0.18,23.29,63.2,80.6,12950.13,3126.73,0.0,4.8,76.93,0.0,0.0,100.0,0.7487,0.023,3031083,4759155,0,0,0,0,EXP001_W001_network_intensive.csv
2026-08-23T12:00:03.776,185,EXP001,W001,network_intensive,1.0002,14.4,2000.0,0.18,14.17,60.9,80.5,12945.95,3130.92,0.0,4.8,76.93,0.0,0.2929,100.0,1.2738,0.0383,3031735,4760211,0,0,0,0,EXP001_W001_network_intensive.csv
2026-08-23T12:00:04.785,186,EXP001,W001,network_intensive,1.0095,19.8,2000.0,0.18,19.7,63.2,80.5,12943.22,3133.64,0.0,4.8,76.93,0.0,0.3599,100.0,1.2314,0.038,3032390,4761140,0,0,0,0,EXP001_W001_network_intensive.csv
2026-08-23T12:00:05.790,187,EXP001,W001,network_intensive,1.0043,44.4,2000.0,0.16,43.93,80.0,80.9,12998.8,3078.06,0.0,4.8,76.93,0.0627,16.7646,100.0,1.1407,0.0388,3032997,4762092,0,0,0,0,EXP001_W001_network_intensive.csv
2026-08-23T12:00:06.790,188,EXP001,W001,network_intensive,1.0001,43.3,2000.0,0.16,43.13,87.7,80.9,13007.99,3068.88,0.0,4.8,76.93,0.1059,26.0299,100.0,1.0961,0.0348,3033588,4762883,0,0,0,0,EXP001_W001_network_intensive.csv
2026-08-23T12:00:07.789,189,EXP001,W001,network_intensive,0.9997,41.9,2000.0,0.16,41.39,73.4,80.9,13010.93,3065.94,0.0,4.8,76.93,0.4108,24.145,100.0,1.2487,0.0428,3034256,4763773,0,0,0,0,EXP001_W001_network_intensive.csv
2026-08-23T12:00:08.775,190,EXP001,W001,network_intensive,0.9861,35.6,1520.0,0.16,35.13,79.4,81.0,13028.64,3048.23,0.0,4.8,76.93,0.0634,24.446,100.0,0.8416,0.0264,3034689,4764383,0,0,0,0,EXP001_W001_network_intensive.csv
2026-08-23T12:00:09.797,191,EXP001,W001,network_intensive,1.0215,34.0,1520.0,0.16,33.83,67.6,81.1,13034.33,3042.54,0.0,4.8,76.93,0.0038,4.6502,100.0,1.1158,0.0441,3035322,4765310,0,0,0,0,EXP001_W001_network_intensive.csv
2026-08-23T12:00:10.788,192,EXP001,W001,network_intensive,0.9917,41.9,1520.0,0.23,41.4,83.8,81.0,13017.21,3059.65,0.0,4.8,76.93,0.0133,16.1084,100.0,1.4713,0.0543,3036120,4766349,0,0,0,0,EXP001_W001_network_intensive.csv
2026-08-23T12:00:11.792,193,EXP001,W001,network_intensive,1.0036,25.8,1520.0,0.23,25.71,70.3,80.9,13013.83,3063.04,0.0,4.8,76.93,0.0078,6.6053,100.0,0.9986,0.0312,3036638,4767126,0,0,0,0,EXP001_W001_network_intensive.csv
2026-08-23T12:00:12.793,194,EXP001,W001,network_intensive,1.0014,22.3,1520.0,0.23,22.32,81.2,80.9,13011.77,3065.1,0.0,4.8,76.93,0.0,0.1911,100.0,0.946,0.0332,3037190,4767849,0,0,0,0,EXP001_W001_network_intensive.csv
2026-08-23T12:00:13.775,195,EXP001,W001,network_intensive,0.9819,20.7,1520.0,0.23,20.1,48.4,81.0,13021.97,3054.89,0.0,4.8,76.93,0.0,6.5683,100.0,1.506,0.0482,3037990,4769020,0,0,0,0,EXP001_W001_network_intensive.csv
2026-08-23T12:00:14.787,196,EXP001,W001,network_intensive,1.0113,23.6,2000.0,0.23,23.89,62.1,80.9,13011.46,3065.4,0.0,4.8,76.93,0.0,9.3904,100.0,1.4585,0.0424,3038716,4770019,0,0,0,0,EXP001_W001_network_intensive.csv
2026-08-23T12:00:15.798,197,EXP001,W001,network_intensive,1.0117,27.2,2000.0,0.21,26.67,73.8,81.0,13020.71,3056.15,0.0,4.8,76.93,0.0,0.3861,100.0,1.332,0.0441,3039466,4771078,0,0,0,0,EXP001_W001_network_intensive.csv
2026-08-23T12:00:16.784,198,EXP001,W001,network_intensive,0.9856,21.7,2000.0,0.21,21.55,66.7,80.9,13008.41,3068.46,0.0,4.8,76.93,0.0,0.3131,100.0,0.5963,0.0196,3039787,4771556,0,0,0,0,EXP001_W001_network_intensive.csv
2026-08-23T12:00:17.776,199,EXP001,W001,network_intensive,0.9916,20.1,2000.0,0.21,19.77,60.0,80.9,13012.34,3064.53,0.0,4.8,76.93,0.0,0.0,100.0,1.2578,0.0388,3040451,4772621,0,0,0,0,EXP001_W001_network_intensive.csv
2026-08-23T12:00:18.776,200,EXP001,W001,network_intensive,1.0002,13.9,2000.0,0.21,13.92,51.5,80.9,13000.96,3075.91,0.0,4.8,76.93,0.0,0.3554,100.0,1.3362,0.0427,3041131,4773659,0,0,0,0,EXP001_W001_network_intensive.csv
2026-08-23T12:00:19.786,201,EXP001,W001,network_intensive,1.0107,21.7,2000.0,0.21,21.51,67.1,80.9,13004.75,3072.12,0.0,4.8,76.93,0.0,0.4561,100.0,1.0622,0.0332,3041703,4774501,0,0,0,0,EXP001_W001_network_intensive.csv
2026-08-23T12:00:20.796,202,EXP001,W001,network_intensive,1.0095,24.1,2000.0,0.19,23.88,65.2,80.4,12919.18,3157.69,0.0,4.8,76.93,0.0,0.4488,100.0,0.9738,0.0315,3042243,4775201,0,0,0,0,EXP001_W001_network_intensive.csv
2026-08-23T12:00:21.796,203,EXP001,W001,network_intensive,0.9998,31.7,2000.0,0.19,31.38,70.3,80.4,12919.35,3157.52,0.0,4.8,76.93,0.3477,0.0586,100.0,1.0763,0.0325,3042797,4776056,0,0,0,0,EXP001_W001_network_intensive.csv
2026-08-23T12:00:22.776,204,EXP001,W001,network_intensive,0.9799,24.7,1520.0,0.19,24.42,63.5,80.3,12917.5,3159.36,0.0,4.8,76.93,0.0319,0.5621,100.0,0.8339,0.0263,3043257,4776670,0,0,0,0,EXP001_W001_network_intensive.csv
2026-08-23T12:00:23.775,205,EXP001,W001,network_intensive,0.9996,22.4,1520.0,0.19,22.4,62.1,80.7,12978.36,3098.51,0.0,4.8,76.93,17.8626,0.3947,100.0,0.9077,0.0356,3043724,4777399,0,0,0,0,EXP001_W001_network_intensive.csv
2026-08-23T12:00:24.788,206,EXP001,W001,network_intensive,1.0128,30.9,2000.0,0.19,30.68,58.5,80.7,12966.48,3110.39,0.0,4.8,76.93,0.256,1.1031,100.0,0.9075,0.0322,3044220,4778108,0,0,0,0,EXP001_W001_network_intensive.csv
2026-08-23T12:00:25.793,207,EXP001,W001,network_intensive,1.005,24.4,1520.0,0.26,24.28,81.2,80.6,12962.98,3113.88,0.0,4.8,76.93,0.0,0.3148,100.0,1.0467,0.0329,3044773,4779046,0,0,0,0,EXP001_W001_network_intensive.csv
2026-08-23T12:00:26.786,208,EXP001,W001,network_intensive,0.9932,24.4,2000.0,0.26,24.03,78.8,80.6,12959.45,3117.41,0.0,4.8,76.93,0.0,0.3146,100.0,1.1336,0.0374,3045400,4779906,0,0,0,0,EXP001_W001_network_intensive.csv
2026-08-23T12:00:27.776,209,EXP001,W001,network_intensive,0.9893,21.8,2000.0,0.26,21.21,57.8,80.5,12943.94,3132.93,0.0,4.8,76.93,0.0,0.2724,100.0,1.2704,0.041,3046090,4780847,0,0,0,0,EXP001_W001_network_intensive.csv
2026-08-23T12:00:28.775,210,EXP001,W001,network_intensive,0.9996,15.3,2000.0,0.26,15.12,70.1,80.5,12941.73,3135.13,0.0,4.8,76.93,0.0,0.0313,100.0,1.1924,0.0371,3046717,4781743,0,0,0,0,EXP001_W001_network_intensive.csv
2026-08-23T12:00:29.787,211,EXP001,W001,network_intensive,1.0118,38.1,2000.0,0.26,37.78,69.2,80.6,12955.94,3120.93,0.0,4.8,76.93,0.0,19.9993,100.0,1.6607,0.0496,3047562,4783013,0,0,0,0,EXP001_W001_network_intensive.csv
2026-08-23T12:00:30.790,212,EXP001,W001,network_intensive,1.0025,34.5,2000.0,0.24,34.23,73.4,80.5,12936.0,3140.86,0.0,4.8,76.93,0.0,8.4362,100.0,1.4035,0.0477,3048385,4784050,0,0,0,0,EXP001_W001_network_intensive.csv
2026-08-23T12:00:31.800,213,EXP001,W001,network_intensive,1.01,22.3,2000.0,0.24,22.1,72.3,80.5,12941.02,3135.85,0.0,4.8,76.93,0.0,0.3597,100.0,1.1387,0.0365,3049010,4784967,0,0,0,0,EXP001_W001_network_intensive.csv
2026-08-23T12:00:32.775,214,EXP001,W001,network_intensive,0.9757,21.6,1520.0,0.24,21.35,61.3,80.5,12945.63,3131.23,0.0,4.8,76.93,0.0,0.2602,100.0,1.5912,0.0508,3049849,4786032,0,0,0,0,EXP001_W001_network_intensive.csv
2026-08-23T12:00:33.776,215,EXP001,W001,network_intensive,1.0004,13.0,2000.0,0.24,12.74,60.3,80.5,12942.3,3134.57,0.0,4.8,76.93,0.0,0.781,100.0,1.3545,0.0441,3050561,4786977,0,0,0,0,EXP001_W001_network_intensive.csv
2026-08-23T12:00:34.791,216,EXP001,W001,network_intensive,1.0156,22.0,2000.0,0.24,21.78,58.2,80.5,12943.5,3133.37,0.0,4.8,76.93,0.0,0.6346,100.0,1.028,0.0654,3051112,4787721,0,0,0,0,EXP001_W001_network_intensive.csv
2026-08-23T12:00:35.784,217,EXP001,W001,network_intensive,0.9927,24.3,2000.0,0.22,24.18,67.2,80.5,12934.92,3141.95,0.0,4.8,76.93,0.0,0.8027,100.0,0.9535,0.0288,3051604,4788456,0,0,0,0,EXP001_W001_network_intensive.csv
2026-08-23T12:00:36.793,218,EXP001,W001,network_intensive,1.0091,23.6,2000.0,0.22,23.53,73.8,80.4,12933.43,3143.44,0.0,4.8,76.93,0.0,0.1239,100.0,0.9177,0.0305,3052117,4789117,0,0,0,0,EXP001_W001_network_intensive.csv
2026-08-23T12:00:37.775,219,EXP001,W001,network_intensive,0.9823,20.6,1520.0,0.22,20.33,69.7,80.5,12935.49,3141.38,0.0,4.8,76.93,0.0,0.6045,100.0,0.9701,0.0294,3052604,4789854,0,0,0,0,EXP001_W001_network_intensive.csv
2026-08-23T12:00:38.776,220,EXP001,W001,network_intensive,1.0006,15.3,2000.0,0.22,15.0,64.6,80.3,12915.45,3161.42,0.0,4.8,76.93,0.0,0.4255,100.0,1.0184,0.0329,3053151,4790677,0,0,0,0,EXP001_W001_network_intensive.csv
2026-08-23T12:00:39.798,221,EXP001,W001,network_intensive,1.0222,18.9,1520.0,0.22,18.87,58.0,80.4,12919.97,3156.9,0.0,4.8,76.93,0.0,0.5999,100.0,1.0135,0.0314,3053706,4791423,0,0,0,0,EXP001_W001_network_intensive.csv
2026-08-23T12:00:40.791,222,EXP001,W001,network_intensive,0.9931,24.4,2000.0,0.28,24.35,66.2,80.4,12922.49,3154.38,0.0,4.8,76.93,0.0,0.2675,100.0,1.4747,0.0466,3054489,4792506,0,0,0,0,EXP001_W001_network_intensive.csv
2026-08-23T12:00:41.798,223,EXP001,W001,network_intensive,1.0069,24.3,1520.0,0.28,23.71,78.8,80.4,12928.04,3148.83,0.0,4.8,76.93,0.1241,0.5548,100.0,1.7802,0.0545,3055432,4793795,0,0,0,0,EXP001_W001_network_intensive.csv
2026-08-23T12:00:42.776,224,EXP001,W001,network_intensive,0.9777,22.5,2000.0,0.28,22.17,65.6,80.4,12928.46,3148.41,0.0,4.8,76.93,0.0,0.5314,100.0,1.7303,0.0558,3056352,4794975,0,0,0,0,EXP001_W001_network_intensive.csv
2026-08-23T12:00:43.776,225,EXP001,W001,network_intensive,0.9999,13.8,2000.0,0.28,13.66,67.7,80.4,12928.01,3148.86,0.0,4.8,76.93,0.0,0.0859,100.0,0.9485,0.0305,3056843,4795705,0,0,0,0,EXP001_W001_network_intensive.csv
2026-08-23T12:00:44.788,226,EXP001,W001,network_intensive,1.0121,21.9,2000.0,0.28,21.57,65.7,80.4,12931.64,3145.23,0.0,4.8,76.93,0.0,0.4323,100.0,1.0887,0.0347,3057438,4796664,0,0,0,0,EXP001_W001_network_intensive.csv
2026-08-23T12:00:45.793,227,EXP001,W001,network_intensive,1.0049,40.2,2000.0,0.26,40.13,71.9,80.9,13008.27,3068.6,0.0,4.8,76.93,0.001,0.5948,100.0,1.0986,0.0378,3057998,4797630,0,0,0,0,EXP001_W001_network_intensive.csv
2026-08-23T12:00:46.788,228,EXP001,W001,network_intensive,0.9958,40.1,2000.0,0.26,39.87,75.4,81.0,13018.35,3058.52,0.0,4.8,76.93,0.0,0.2903,100.0,0.7521,0.0221,3058381,4798192,0,0,0,0,EXP001_W001_network_intensive.csv
2026-08-23T12:00:47.791,229,EXP001,W001,network_intensive,1.0021,43.6,1520.0,0.26,42.93,77.8,81.0,13017.15,3059.72,0.0,4.8,76.93,0.0,0.0663,100.0,0.5738,0.0176,3058665,4798613,0,0,0,0,EXP001_W001_network_intensive.csv
2026-08-23T12:00:48.776,230,EXP001,W001,network_intensive,0.985,36.6,2000.0,0.26,36.17,64.2,80.9,13014.21,3062.66,0.0,4.8,76.93,0.0595,0.2221,100.0,1.0752,0.0359,3059274,4799405,0,0,0,0,EXP001_W001_network_intensive.csv
2026-08-23T12:00:49.792,231,EXP001,W001,network_intensive,1.0162,36.4,2000.0,0.26,36.33,72.3,81.0,13018.27,3058.6,0.0,4.8,76.93,0.2806,0.2998,100.0,1.5944,0.0514,3060153,4800646,0,0,0,0,EXP001_W001_network_intensive.csv
2026-08-23T12:00:50.789,232,EXP001,W001,network_intensive,0.9975,34.1,1520.0,0.24,33.84,70.8,81.0,13017.41,3059.45,0.0,4.8,76.93,0.0,0.4073,100.0,1.2794,0.0436,3060890,4801608,0,0,0,0,EXP001_W001_network_intensive.csv
2026-08-23T12:00:51.790,233,EXP001,W001,network_intensive,1.0009,47.3,2000.0,0.24,47.15,62.5,81.1,13038.88,3037.99,0.0,4.8,76.93,0.1405,0.1171,100.0,0.9886,0.0326,3061405,4802363,0,0,0,0,EXP001_W001_network_intensive.csv
2026-08-23T12:00:52.784,234,EXP001,W001,network_intensive,0.9936,39.1,1520.0,0.24,38.76,69.7,81.2,13061.71,3015.16,0.0,4.8,76.93,0.0039,0.6133,100.0,0.6992,0.0224,3061777,4802963,0,0,0,0,EXP001_W001_network_intensive.csv
2026-08-23T12:00:53.776,235,EXP001,W001,network_intensive,0.9918,24.6,2000.0,0.24,24.08,66.2,81.2,13058.18,3018.69,0.0,4.8,76.93,0.0,0.4726,100.0,0.8428,0.0371,3062256,4803644,0,0,0,0,EXP001_W001_network_intensive.csv
2026-08-23T12:00:54.801,236,EXP001,W001,network_intensive,1.0258,19.5,2000.0,0.24,19.25,69.9,81.2,13050.97,3025.89,0.0,4.8,76.93,0.0,0.2323,100.0,0.9541,0.0301,3062787,4804401,0,0,0,0,EXP001_W001_network_intensive.csv
2026-08-23T12:00:55.791,237,EXP001,W001,network_intensive,0.9897,25.2,2000.0,0.22,24.92,68.8,81.2,13049.98,3026.89,0.0,4.8,76.93,0.0,0.0592,100.0,1.2224,0.0431,3063475,4805430,0,0,0,0,EXP001_W001_network_intensive.csv
2026-08-23T12:00:56.789,238,EXP001,W001,network_intensive,0.998,27.5,2000.0,0.22,27.21,73.8,81.2,13047.63,3029.23,0.0,4.8,76.93,0.0626,0.5636,100.0,1.7253,0.0579,3064410,4806678,0,0,0,0,EXP001_W001_network_intensive.csv
2026-08-23T12:00:57.776,239,EXP001,W001,network_intensive,0.9865,26.4,2000.0,0.22,25.83,76.6,81.1,13037.84,3039.03,0.0,4.8,76.93,0.095,0.2732,100.0,0.9125,0.0291,3064893,4807404,0,0,0,0,EXP001_W001_network_intensive.csv
2026-08-23T12:00:58.776,240,EXP001,W001,network_intensive,1.0,13.5,2000.0,0.22,13.4,57.8,81.0,13025.71,3051.16,0.0,4.8,76.93,0.0005,7.0356,100.0,0.7752,0.0307,3065321,4808007,0,0,0,0,EXP001_W001_network_intensive.csv
2026-08-23T12:00:59.796,241,EXP001,W001,network_intensive,1.0203,24.2,2000.0,0.22,23.92,65.7,80.8,12984.31,3092.56,0.0,4.8,76.93,0.0,0.3369,100.0,1.0732,0.0338,3065910,4808894,0,0,0,0,EXP001_W001_network_intensive.csv
2026-08-23T12:01:00.797,242,EXP001,W001,network_intensive,1.001,25.5,2000.0,0.2,25.09,71.2,80.7,12971.33,3105.54,0.0,4.8,76.93,0.0,0.3785,100.0,1.7452,0.0568,3066877,4810193,0,0,0,0,EXP001_W001_network_intensive.csv
2026-08-23T12:01:01.786,243,EXP001,W001,network_intensive,0.9891,24.3,2000.0,0.2,24.26,73.0,80.7,12970.49,3106.38,0.0,4.8,76.93,0.0,0.2093,100.0,1.9875,0.0678,3067965,4811667,0,0,0,0,EXP001_W001_network_intensive.csv
2026-08-23T12:01:02.776,244,EXP001,W001,network_intensive,0.9897,20.5,2000.0,0.2,19.98,65.1,80.6,12965.11,3111.76,0.0,4.8,76.93,0.0,0.0632,100.0,1.2002,0.0389,3068617,4812627,0,0,0,0,EXP001_W001_network_intensive.csv
2026-08-23T12:01:03.776,245,EXP001,W001,network_intensive,1.0,15.8,2000.0,0.2,15.59,66.7,80.5,12948.14,3128.72,0.0,4.8,76.93,0.0,0.332,100.0,1.1754,0.0361,3069232,4813531,0,0,0,0,EXP001_W001_network_intensive.csv
2026-08-23T12:01:04.792,246,EXP001,W001,network_intensive,1.0166,18.5,2000.0,0.2,18.51,58.2,80.5,12938.91,3137.96,0.0,4.8,76.93,0.0,0.7301,100.0,1.2626,0.0401,3069926,4814486,0,0,0,0,EXP001_W001_network_intensive.csv
2026-08-23T12:01:05.784,247,EXP001,W001,network_intensive,0.9923,28.3,2000.0,0.19,27.78,61.5,80.4,12920.47,3156.4,0.0,4.8,76.93,0.0,0.6495,100.0,1.7016,0.0641,3070840,4815718,0,0,0,0,EXP001_W001_network_intensive.csv
2026-08-23T12:01:06.792,248,EXP001,W001,network_intensive,1.008,23.5,2000.0,0.19,23.51,69.2,80.3,12908.33,3168.54,0.0,4.8,76.93,0.0,0.155,100.0,1.2293,0.0404,3071491,4816561,0,0,0,0,EXP001_W001_network_intensive.csv
2026-08-23T12:01:07.776,249,EXP001,W001,network_intensive,0.9832,21.6,2000.0,0.19,21.2,67.7,80.3,12907.14,3169.73,0.0,4.8,76.93,0.0,0.433,100.0,0.6872,0.0201,3071828,4817097,0,0,0,0,EXP001_W001_network_intensive.csv
2026-08-23T12:01:08.775,250,EXP001,W001,network_intensive,0.9997,12.5,2000.0,0.19,12.11,58.2,80.3,12906.22,3170.64,0.0,4.8,76.93,0.0,0.3478,100.0,0.5763,0.0176,3072119,4817501,0,0,0,0,EXP001_W001_network_intensive.csv
2026-08-23T12:01:09.799,251,EXP001,W001,network_intensive,1.0235,18.3,2000.0,0.19,18.28,56.5,80.3,12916.55,3160.32,0.0,4.8,76.93,0.0,0.2099,100.0,0.9769,0.0306,3072658,4818246,0,0,0,0,EXP001_W001_network_intensive.csv
2026-08-23T12:01:10.785,252,EXP001,W001,network_intensive,0.9863,27.4,2000.0,0.25,27.07,77.3,80.3,12917.27,3159.6,0.0,4.8,76.93,0.0,0.0554,100.0,1.4852,0.0491,3073467,4819358,0,0,0,0,EXP001_W001_network_intensive.csv
2026-08-23T12:01:11.786,253,EXP001,W001,network_intensive,1.0007,24.8,2000.0,0.25,24.4,75.4,80.3,12917.08,3159.79,0.0,4.8,76.93,0.0,0.16,100.0,1.4805,0.0492,3074294,4820466,0,0,0,0,EXP001_W001_network_intensive.csv
2026-08-23T12:01:12.776,254,EXP001,W001,network_intensive,0.9897,19.4,2000.0,0.25,19.04,63.5,80.3,12913.8,3163.06,0.0,4.8,76.93,0.0,0.1776,100.0,1.1359,0.0375,3074912,4821309,0,0,0,0,EXP001_W001_network_intensive.csv
2026-08-23T12:01:13.775,255,EXP001,W001,network_intensive,0.9999,13.7,2000.0,0.25,13.17,80.0,80.3,12911.77,3165.09,0.0,4.8,76.93,0.0,0.0,100.0,1.413,0.0449,3075681,4822424,0,0,0,0,EXP001_W001_network_intensive.csv
2026-08-23T12:01:14.796,256,EXP001,W001,network_intensive,1.0209,18.0,2000.0,0.25,17.94,59.1,80.3,12912.97,3163.9,0.0,4.8,76.93,0.0,0.1875,100.0,1.129,0.0378,3076323,4823300,0,0,0,0,EXP001_W001_network_intensive.csv
2026-08-23T12:01:15.788,257,EXP001,W001,network_intensive,0.9913,37.5,2000.0,0.23,37.11,76.1,80.3,12906.38,3170.49,0.0,4.8,76.93,0.0,0.2246,100.0,1.2191,0.0397,3076995,4824198,0,0,0,0,EXP001_W001_network_intensive.csv
2026-08-23T12:01:16.788,258,EXP001,W001,network_intensive,1.0007,24.3,2000.0,0.23,24.04,71.9,80.3,12905.31,3171.56,0.0,4.8,76.93,0.0,0.2342,100.0,1.2365,0.041,3077679,4825154,0,0,0,0,EXP001_W001_network_intensive.csv
2026-08-23T12:01:17.776,259,EXP001,W001,network_intensive,0.9873,26.1,2000.0,0.23,25.63,65.6,80.3,12906.47,3170.4,0.0,4.8,76.93,0.0,0.1068,100.0,1.22,0.0394,3078320,4826142,0,0,0,0,EXP001_W001_network_intensive.csv
2026-08-23T12:01:18.776,260,EXP001,W001,network_intensive,1.0001,15.6,2000.0,0.23,15.16,54.4,80.3,12902.61,3174.25,0.0,4.8,76.93,0.0391,0.2773,100.0,0.9816,0.0313,3078844,4826899,0,0,0,0,EXP001_W001_network_intensive.csv
2026-08-23T12:01:19.792,261,EXP001,W001,network_intensive,1.0167,19.8,2000.0,0.23,19.99,60.0,80.3,12902.24,3174.63,0.0,4.8,76.93,0.0,0.2651,100.0,1.1825,0.0385,3079500,4827924,0,0,0,0,EXP001_W001_network_intensive.csv
2026-08-23T12:01:20.786,262,EXP001,W001,network_intensive,0.9931,23.6,2000.0,0.21,23.32,75.0,80.3,12904.39,3172.48,0.0,4.8,76.93,0.0,0.2753,100.0,0.9496,0.0301,3080003,4828612,0,0,0,0,EXP001_W001_network_intensive.csv
2026-08-23T12:01:21.790,263,EXP001,W001,network_intensive,1.0049,29.5,2000.0,0.21,29.27,77.3,80.3,12906.0,3170.86,0.0,4.8,76.93,0.1827,0.0972,100.0,0.7585,0.0239,3080398,4829185,0,0,0,0,EXP001_W001_network_intensive.csv
2026-08-23T12:01:22.775,264,EXP001,W001,network_intensive,0.9849,26.8,2000.0,0.21,26.47,60.9,80.3,12904.9,3171.97,0.0,4.8,76.93,0.0317,0.6742,100.0,1.3274,0.041,3081087,4830166,0,0,0,0,EXP001_W001_network_intensive.csv
2026-08-23T12:01:23.776,265,EXP001,W001,network_intensive,1.0001,13.2,2000.0,0.21,13.16,61.5,80.3,12904.95,3171.91,0.0,4.8,76.93,0.0,0.2539,100.0,0.7793,0.0261,3081512,4830823,0,0,0,0,EXP001_W001_network_intensive.csv
2026-08-23T12:01:24.791,266,EXP001,W001,network_intensive,1.0153,17.7,2000.0,0.21,17.65,72.7,80.3,12906.09,3170.77,0.0,4.8,76.93,0.0,0.3809,100.0,0.8282,0.0265,3081960,4831555,0,0,0,0,EXP001_W001_network_intensive.csv
2026-08-23T12:01:25.799,267,EXP001,W001,network_intensive,1.0082,22.3,2000.0,0.19,22.12,69.7,80.3,12903.23,3173.64,0.0,4.8,76.93,0.0,0.031,100.0,0.8379,0.0262,3082407,4832265,0,0,0,0,EXP001_W001_network_intensive.csv
2026-08-23T12:01:26.792,268,EXP001,W001,network_intensive,0.9927,22.3,2000.0,0.19,22.15,71.9,80.3,12902.4,3174.47,0.0,4.8,76.93,0.0,0.2164,100.0,0.7841,0.0251,3082823,4832945,0,0,0,0,EXP001_W001_network_intensive.csv
2026-08-23T12:01:27.776,269,EXP001,W001,network_intensive,0.984,21.3,2000.0,0.19,21.01,67.7,80.3,12903.24,3173.63,0.0,4.8,76.93,0.0,0.1667,100.0,0.9847,0.0329,3083389,4833725,0,0,0,0,EXP001_W001_network_intensive.csv
2026-08-23T12:01:28.776,270,EXP001,W001,network_intensive,0.9999,12.2,2000.0,0.19,12.23,75.4,80.2,12900.05,3176.82,0.0,4.8,76.93,0.0,0.0625,100.0,1.1557,0.0367,3083993,4834554,0,0,0,0,EXP001_W001_network_intensive.csv
2026-08-23T12:01:29.787,271,EXP001,W001,network_intensive,1.0116,17.0,2000.0,0.19,17.07,56.9,80.3,12901.77,3175.09,0.0,4.8,76.93,0.0,0.2858,100.0,1.3138,0.0435,3084742,4835513,0,0,0,0,EXP001_W001_network_intensive.csv
2026-08-23T12:01:30.785,272,EXP001,W001,network_intensive,0.9976,25.0,2000.0,0.18,24.56,76.1,80.2,12901.52,3175.35,0.0,4.8,76.93,0.0,0.1958,100.0,1.1667,0.0399,3085396,4836439,0,0,0,0,EXP001_W001_network_intensive.csv
2026-08-23T12:01:31.796,273,EXP001,W001,network_intensive,1.0109,24.1,2000.0,0.18,23.68,68.2,80.2,12901.4,3175.47,0.0,4.8,76.93,0.0,0.2241,100.0,1.2187,0.0392,3086071,4837380,0,0,0,0,EXP001_W001_network_intensive.csv
2026-08-23T12:01:32.776,274,EXP001,W001,network_intensive,0.9798,20.6,2000.0,0.18,20.33,61.9,80.3,12903.26,3173.61,0.0,4.8,76.93,0.0,0.008,100.0,1.0935,0.0355,3086655,4838183,0,0,0,0,EXP001_W001_network_intensive.csv
2026-08-23T12:01:33.776,275,EXP001,W001,network_intensive,1.0001,12.9,2000.0,0.18,12.63,55.9,80.2,12900.68,3176.18,0.0,4.8,76.93,0.0,0.2304,100.0,0.8584,0.0279,3087126,4838798,0,0,0,0,EXP001_W001_network_intensive.csv
2026-08-23T12:01:34.785,276,EXP001,W001,network_intensive,1.0095,22.1,2000.0,0.18,21.98,57.6,80.3,12905.98,3170.89,0.0,4.8,76.93,0.0,0.2631,100.0,1.0996,0.0416,3087720,4839738,0,0,0,0,EXP001_W001_network_intensive.csv
2026-08-23T12:01:35.794,277,EXP001,W001,network_intensive,1.0084,27.0,2000.0,0.17,26.82,63.6,79.9,12847.28,3229.59,0.0,4.8,76.93,0.0,0.3602,100.0,1.7383,0.0556,3088690,4841006,0,0,0,0,EXP001_W001_network_intensive.csv
2026-08-23T12:01:36.784,278,EXP001,W001,network_intensive,0.9909,26.2,2000.0,0.17,25.62,69.2,79.7,12812.98,3263.89,0.0,4.8,76.93,0.0,0.0473,100.0,1.7155,0.0592,3089628,4842253,0,0,0,0,EXP001_W001_network_intensive.csv
2026-08-23T12:01:37.775,279,EXP001,W001,network_intensive,0.991,23.3,2000.0,0.17,22.86,64.2,79.7,12809.79,3267.07,0.0,4.8,76.93,0.0,0.3272,100.0,1.5735,0.0499,3090466,4843444,0,0,0,0,EXP001_W001_network_intensive.csv
2026-08-23T12:01:38.775,280,EXP001,W001,network_intensive,1.0,12.9,2000.0,0.17,12.75,64.2,79.7,12813.37,3263.5,0.0,4.8,76.93,0.0,0.4102,100.0,1.065,0.0332,3091018,4844232,0,0,0,0,EXP001_W001_network_intensive.csv
2026-08-23T12:01:39.786,281,EXP001,W001,network_intensive,1.0104,17.4,2000.0,0.17,17.38,51.5,79.7,12806.63,3270.23,0.0,4.8,76.93,0.0,0.2822,100.0,0.7661,0.0238,3091424,4844806,0,0,0,0,EXP001_W001_network_intensive.csv
2026-08-23T12:01:40.783,282,EXP001,W001,network_intensive,0.9976,24.4,2000.0,0.15,23.9,63.1,79.7,12812.11,3264.76,0.0,4.8,76.93,0.0,0.0078,100.0,0.8712,0.0288,3091917,4845498,0,0,0,0,EXP001_W001_network_intensive.csv
2026-08-23T12:01:41.799,283,EXP001,W001,network_intensive,1.0159,23.7,2000.0,0.15,23.45,67.7,79.7,12811.02,3265.85,0.0,4.8,76.93,0.0,0.6691,100.0,1.3502,0.0478,3092668,4846495,0,0,0,0,EXP001_W001_network_intensive.csv
2026-08-23T12:01:42.776,284,EXP001,W001,network_intensive,0.9765,25.1,2000.0,0.15,24.9,61.9,79.7,12811.45,3265.42,0.0,4.8,76.93,0.0,0.376,100.0,1.3377,0.0424,3093374,4847517,0,0,0,0,EXP001_W001_network_intensive.csv
2026-08-23T12:01:43.776,285,EXP001,W001,network_intensive,1.0,14.2,2000.0,0.15,13.85,68.2,79.7,12809.36,3267.51,0.0,4.8,76.93,0.0,0.0,100.0,1.3592,0.0407,3094047,4848578,0,0,0,0,EXP001_W001_network_intensive.csv
2026-08-23T12:01:44.797,286,EXP001,W001,network_intensive,1.0208,20.0,2000.0,0.15,19.88,64.8,79.7,12812.04,3264.82,0.0,4.8,76.93,0.0038,0.3559,100.0,1.2796,0.0415,3094760,4849566,0,0,0,0,EXP001_W001_network_intensive.csv
2026-08-23T12:01:45.785,287,EXP001,W001,network_intensive,0.9881,23.8,2000.0,0.14,23.58,60.6,79.7,12810.8,3266.07,0.0,4.8,76.93,0.0,0.3202,100.0,0.639,0.0193,3095088,4850153,0,0,0,0,EXP001_W001_network_intensive.csv
2026-08-23T12:01:46.795,288,EXP001,W001,network_intensive,1.0108,23.8,2000.0,0.14,23.78,66.2,79.7,12812.22,3264.64,0.0,4.8,76.93,0.0,0.3478,100.0,1.0596,0.0334,3095679,4850966,0,0,0,0,EXP001_W001_network_intensive.csv
2026-08-23T12:01:47.776,289,EXP001,W001,network_intensive,0.9804,20.7,1520.0,0.14,20.18,61.9,79.7,12809.48,3267.39,0.0,4.8,76.93,0.0,0.012,100.0,1.0146,0.0314,3096172,4851781,0,0,0,0,EXP001_W001_network_intensive.csv
2026-08-23T12:01:48.776,290,EXP001,W001,network_intensive,0.9998,14.4,2000.0,0.14,14.19,56.9,79.7,12806.98,3269.89,0.0,4.8,76.93,0.0,0.3321,100.0,1.0028,0.0317,3096704,4852553,0,0,0,0,EXP001_W001_network_intensive.csv
2026-08-23T12:01:49.785,291,EXP001,W001,network_intensive,1.0097,19.0,1520.0,0.14,19.12,66.7,79.7,12812.93,3263.94,0.0,4.8,76.93,0.0,0.3946,100.0,1.2147,0.0362,3097328,4853460,0,0,0,0,EXP001_W001_network_intensive.csv
2026-08-23T12:01:50.794,292,EXP001,W001,network_intensive,1.0091,24.8,2000.0,0.13,24.44,65.6,79.7,12812.63,3264.23,0.0,4.8,76.93,0.0,0.36,100.0,1.2214,0.0413,3098030,4854422,0,0,0,0,EXP001_W001_network_intensive.csv
2026-08-23T12:01:51.790,293,EXP001,W001,network_intensive,0.9958,34.8,2000.0,0.13,34.26,70.8,79.7,12812.2,3264.66,0.0,4.8,76.93,0.0902,0.0745,100.0,1.5216,0.0479,3098848,4855596,0,0,0,0,EXP001_W001_network_intensive.csv
2026-08-23T12:01:52.775,294,EXP001,W001,network_intensive,0.9852,25.8,2000.0,0.13,25.59,51.6,79.7,12815.12,3261.74,0.0,4.8,76.93,0.0317,1.2172,100.0,1.7686,0.0567,3099794,4856931,0,0,0,0,EXP001_W001_network_intensive.csv
2026-08-23T12:01:53.776,295,EXP001,W001,network_intensive,1.0003,17.5,1520.0,0.13,17.28,56.9,79.7,12812.46,3264.41,0.0,4.8,76.93,0.0,0.4061,100.0,1.52,0.0467,3100582,4858156,0,0,0,0,EXP001_W001_network_intensive.csv
2026-08-23T12:01:54.783,296,EXP001,W001,network_intensive,1.0069,22.2,1520.0,0.13,21.84,73.9,79.7,12812.84,3264.02,0.0,4.8,76.93,0.0,0.547,100.0,1.8368,0.0586,3101575,4859456,0,0,0,0,EXP001_W001_network_intensive.csv
2026-08-23T12:01:55.788,297,EXP001,W001,network_intensive,1.0052,22.5,2000.0,0.12,22.45,75.0,79.7,12814.23,3262.64,0.0,4.8,76.93,0.0,0.0311,100.0,0.8378,0.0269,3102026,4860127,0,0,0,0,EXP001_W001_network_intensive.csv
2026-08-23T12:01:56.791,298,EXP001,W001,network_intensive,1.0027,23.6,2000.0,0.12,23.25,72.3,79.7,12809.55,3267.32,0.0,4.8,76.93,0.0,0.3311,100.0,1.2234,0.0389,3102683,4861039,0,0,0,0,EXP001_W001_network_intensive.csv
2026-08-23T12:01:57.776,299,EXP001,W001,network_intensive,0.9851,22.0,2000.0,0.12,21.48,57.1,79.7,12811.89,3264.98,0.0,4.8,76.93,0.0,0.4877,100.0,1.2398,0.037,3103308,4862034,0,0,0,0,EXP001_W001_network_intensive.csv
2026-08-23T12:01:58.776,300,EXP001,W001,network_intensive,0.9998,14.9,2000.0,0.12,14.74,71.6,79.7,12810.03,3266.84,0.0,4.8,76.93,0.0,0.0,100.0,1.1944,0.0363,3103930,4862921,0,0,0,0,EXP001_W001_network_intensive.csv
2026-08-23T11:26:29.540,1,EXP001,W001,normal,0.0633,40.0,1200.0,0.0,40.62,100.0,89.3,7053.6,849.46,0.0,9.0,711.54,0.8023,0.0,88.9,0.0836,0.0155,64800,143051,0,0,0,0,EXP001_W001_normal.csv
2026-08-23T11:26:30.495,2,EXP001,W001,normal,0.9549,38.2,1200.0,0.0,38.17,58.7,89.0,7030.25,872.8,0.0,9.0,711.54,0.2945,0.0,88.9,0.007,0.0037,64819,143083,0,0,0,0,EXP001_W001_normal.csv
2026-08-23T11:26:31.505,3,EXP001,W001,normal,1.0098,47.6,1200.0,0.0,47.46,71.6,89.2,7049.62,853.44,0.0,9.0,711.54,0.1663,0.0851,88.9,0.0219,0.0121,64848,143183,0,0,0,0,EXP001_W001_normal.csv
2026-08-23T11:26:32.494,4,EXP001,W001,normal,0.989,40.3,1200.0,0.0,40.12,64.6,89.4,7068.99,834.07,0.0,9.0,711.54,0.233,0.3831,88.9,0.0187,0.0091,64877,143250,0,0,0,0,EXP001_W001_normal.csv
2026-08-23T11:26:33.485,5,EXP001,W001,normal,0.9918,64.4,1200.0,0.0,64.26,71.2,90.6,7157.42,745.63,0.0,9.0,711.54,14.7151,0.0473,88.9,0.0169,0.0131,64918,143323,0,0,0,0,EXP001_W001_normal.csv
2026-08-23T11:26:34.485,6,EXP001,W001,normal,1.0,77.2,1200.0,0.0,77.17,82.6,91.0,7194.76,708.29,0.0,8.9,707.16,3.9339,0.3242,88.9,0.0161,0.0098,64947,143393,0,0,0,0,EXP001_W001_normal.csv
2026-08-23T11:26:35.503,7,EXP001,W001,normal,1.0179,85.0,1200.0,0.56,85.1,97.0,91.6,7237.56,665.5,0.0,8.9,706.41,7.8695,0.5708,88.9,0.1862,0.0353,65102,143654,0,0,0,0,EXP001_W001_normal.csv
2026-08-23T11:26:36.507,8,EXP001,W001,normal,1.0032,82.3,1200.0,0.56,82.67,95.4,90.5,7156.17,746.88,0.0,8.9,706.41,2.1246,0.4205,88.9,1.0105,0.0361,65303,144555,0,0,0,0,EXP001_W001_normal.csv
2026-08-23T11:26:37.497,9,EXP001,W001,normal,0.9901,56.7,1200.0,0.56,56.69,66.2,89.6,7082.9,820.15,0.0,10.1,805.24,2.1364,99.838,88.9,1.2056,0.0468,65491,145647,0,0,0,0,EXP001_W001_normal.csv
2026-08-23T11:26:38.506,10,EXP001,W001,normal,1.0094,46.2,1200.0,0.56,46.08,59.2,89.9,7105.77,797.28,0.0,10.1,805.24,0.416,0.4257,88.9,0.2287,0.0089,65545,145884,0,0,0,0,EXP001_W001_normal.csv
2026-08-23T11:26:39.504,11,EXP001,W001,normal,0.9977,50.5,1200.0,0.56,50.3,70.4,89.7,7088.09,814.96,0.0,10.1,805.24,1.4173,0.6147,88.9,0.0357,0.0172,65594,145997,0,0,0,0,EXP001_W001_normal.csv
2026-08-23T11:26:40.504,12,EXP001,W001,normal,1.0007,66.6,1200.0,0.51,66.6,80.0,89.9,7101.62,801.44,0.0,10.1,804.87,2.7525,0.5621,88.9,2.8718,0.0474,65924,148474,0,0,0,0,EXP001_W001_normal.csv
2026-08-23T11:26:41.508,13,EXP001,W001,normal,1.0039,70.6,1200.0,0.51,70.69,81.8,90.2,7132.2,770.86,0.0,10.1,804.87,6.9279,0.0272,88.9,0.0901,0.0065,65959,148610,0,0,0,0,EXP001_W001_normal.csv
2026-08-23T11:26:42.499,14,EXP001,W001,normal,0.991,63.8,1200.0,0.51,63.8,75.8,90.7,7171.04,732.02,0.0,10.1,804.87,4.1703,0.3942,88.9,0.0572,0.0256,66054,148763,0,0,0,0,EXP001_W001_normal.csv
2026-08-23T11:26:43.506,15,EXP001,W001,normal,1.0071,80.8,1200.0,0.51,80.75,90.4,91.3,7216.94,686.12,0.0,10.1,804.87,9.1767,1.1142,88.9,1.5167,0.0682,66366,150135,0,0,0,0,EXP001_W001_normal.csv
2026-08-23T11:26:44.500,16,EXP001,W001,normal,0.9935,60.9,1200.0,0.51,60.88,82.1,91.3,7218.57,684.48,0.0,10.1,804.87,1.0901,0.461,88.9,0.0511,0.0317,66438,150281,0,0,0,0,EXP001_W001_normal.csv
2026-08-23T11:26:45.495,17,EXP001,W001,normal,0.9953,62.6,1200.0,0.47,62.48,77.3,91.3,7218.34,684.71,0.0,10.1,804.87,0.3037,0.0039,88.9,0.0216,0.006,66468,150372,0,0,0,0,EXP001_W001_normal.csv
2026-08-23T11:26:46.508,18,EXP001,W001,normal,1.0128,63.8,1200.0,0.47,63.93,74.2,91.5,7229.39,673.66,0.0,10.1,804.87,1.4165,0.5786,88.9,0.0158,0.0047,66494,150442,0,0,0,0,EXP001_W001_normal.csv
2026-08-23T11:26:47.500,19,EXP001,W001,normal,0.9919,60.0,1200.0,0.47,59.98,69.8,91.6,7241.78,661.27,0.0,10.1,804.75,0.4647,0.1339,88.9,0.0156,0.0032,66517,150507,0,0,0,0,EXP001_W001_normal.csv
2026-08-23T11:26:48.507,20,EXP001,W001,normal,1.0069,60.5,1200.0,0.47,60.49,70.8,91.6,7236.16,666.89,0.0,10.1,804.75,0.3065,0.0543,88.9,3.6398,0.0509,66919,153576,0,0,0,0,EXP001_W001_normal.csv
2026-08-23T11:26:49.500,21,EXP001,W001,normal,0.9932,54.7,1200.0,0.47,54.56,72.3,91.2,7207.88,695.18,0.0,10.1,804.75,0.2242,0.0039,88.9,0.0153,0.0078,66949,153642,0,0,0,0,EXP001_W001_normal.csv
2026-08-23T11:26:50.510,22,EXP001,W001,normal,1.0098,75.0,1200.0,0.44,74.96,83.6,91.1,7198.53,704.52,0.0,10.1,804.75,3.0289,0.0193,88.9,0.0784,0.0111,66993,153797,0,0,0,0,EXP001_W001_normal.csv
2026-08-23T11:26:51.507,23,EXP001,W001,normal,0.9972,69.5,1200.0,0.44,69.84,80.9,91.3,7213.82,689.23,0.0,10.1,804.75,10.0546,0.376,88.9,0.0289,0.0404,67259,154938,0,0,0,0,EXP001_W001_normal.csv
2026-08-23T11:26:52.508,24,EXP001,W001,normal,1.0009,81.2,1200.0,0.44,81.05,89.6,91.4,7219.7,683.36,0.0,10.1,804.75,0.7239,0.1795,88.9,6.366,0.1071,68014,159286,0,0,0,0,EXP001_W001_normal.csv
2026-08-23T11:26:53.494,25,EXP001,W001,normal,0.9859,52.2,1200.0,0.44,52.11,62.1,91.4,7220.53,682.53,0.0,10.1,804.75,0.004,1.0302,88.9,0.1967,0.0095,68056,159470,0,0,0,0,EXP001_W001_normal.csv
2026-08-23T11:26:54.506,26,EXP001,W001,normal,1.0122,53.6,1200.0,0.44,53.36,65.2,91.4,7222.1,680.95,0.0,10.1,804.75,0.0,0.521,88.9,0.0154,0.0035,68083,159542,0,0,0,0,EXP001_W001_normal.csv
2026-08-23T11:26:55.508,27,EXP001,W001,normal,1.002,34.3,1200.0,0.4,34.2,47.0,91.4,7221.83,681.23,0.0,10.1,804.75,0.0,0.2066,88.9,0.0028,0.0015,68098,159566,0,0,0,0,EXP001_W001_normal.csv
2026-08-23T11:26:56.494,28,EXP001,W001,normal,0.986,39.6,1200.0,0.4,39.34,60.3,91.4,7219.86,683.2,0.0,10.1,804.75,0.1347,0.004,88.9,0.0147,0.0024,68120,159630,0,0,0,0,EXP001_W001_normal.csv
2026-08-23T11:26:57.505,29,EXP001,W001,normal,1.0107,47.5,1200.0,0.4,47.45,62.9,91.3,7214.78,688.27,0.0,10.1,804.75,0.1198,0.2319,88.9,5.4188,0.0657,68804,164315,0,0,0,0,EXP001_W001_normal.csv
2026-08-23T11:26:58.500,30,EXP001,W001,normal,0.9954,44.0,1200.0,0.4,43.51,61.4,91.2,7204.21,698.84,0.0,10.1,804.75,0.3022,0.6514,88.9,0.9769,0.0317,68962,165002,0,0,0,0,EXP001_W001_normal.csv
2026-08-23T11:26:59.503,31,EXP001,W001,normal,1.0035,33.5,1200.0,0.4,33.5,53.1,91.1,7198.24,704.82,0.0,10.1,804.75,0.0311,0.0311,88.9,0.017,0.0018,68986,165094,0,0,0,0,EXP001_W001_normal.csv
2026-08-23T11:27:00.505,32,EXP001,W001,normal,1.0017,52.7,1200.0,0.37,52.55,71.2,88.9,7024.72,878.33,0.0,10.1,804.75,0.1209,0.0039,88.9,0.0191,0.0041,69006,165161,0,0,0,0,EXP001_W001_normal.csv
2026-08-23T11:27:01.493,33,EXP001,W001,normal,0.9879,32.2,1200.0,0.37,31.79,63.6,88.8,7018.52,884.53,0.0,10.1,804.75,0.2491,0.3321,88.9,0.0111,0.0019,69026,165215,0,0,0,0,EXP001_W001_normal.csv
2026-08-23T11:27:02.506,34,EXP001,W001,normal,1.0126,39.6,1200.0,0.37,39.49,61.5,88.5,6991.96,911.1,0.0,10.1,804.75,0.0656,0.1775,88.9,0.0158,0.0107,69061,165292,0,0,0,0,EXP001_W001_normal.csv
2026-08-23T11:27:03.505,35,EXP001,W001,normal,0.9989,42.4,1200.0,0.37,42.16,59.1,88.4,6988.65,914.4,0.0,10.1,804.75,0.0469,0.3363,88.9,0.0181,0.0024,69082,165368,0,0,0,0,EXP001_W001_normal.csv
2026-08-23T11:27:04.502,36,EXP001,W001,normal,0.9979,32.5,1200.0,0.37,32.35,56.1,88.2,6972.55,930.51,0.0,10.1,804.75,0.6224,0.8612,88.9,0.0022,0.0016,69099,165389,0,0,0,0,EXP001_W001_normal.csv
2026-08-23T11:27:05.504,37,EXP001,W001,normal,1.0012,27.3,1200.0,0.34,27.11,54.5,88.3,6976.02,927.03,0.0,10.1,804.75,0.1873,0.4721,88.9,0.0085,0.0018,69116,165430,0,0,0,0,EXP001_W001_normal.csv
2026-08-23T11:27:06.497,38,EXP001,W001,normal,0.9937,32.7,1200.0,0.34,32.29,66.7,88.3,6980.45,922.61,0.0,10.1,804.75,0.2673,0.401,88.9,0.0073,0.0018,69135,165467,0,0,0,0,EXP001_W001_normal.csv
2026-08-23T11:27:07.496,39,EXP001,W001,normal,0.9988,43.0,1200.0,0.34,42.41,66.2,88.4,6982.63,920.43,0.0,10.1,804.75,0.1877,0.0156,88.9,0.0093,0.0019,69153,165520,0,0,0,0,EXP001_W001_normal.csv
2026-08-23T11:27:08.514,40,EXP001,W001,normal,1.0175,56.5,1200.0,0.34,56.25,78.6,88.4,6984.84,918.21,0.0,10.1,804.75,0.3954,0.4223,88.9,0.015,0.0181,69234,165608,0,0,0,0,EXP001_W001_normal.csv
2026-08-23T11:27:09.502,41,EXP001,W001,normal,0.9888,36.9,1200.0,0.34,36.94,55.6,88.4,6988.41,914.64,0.0,10.1,804.75,0.241,0.3555,88.9,0.0051,0.0151,69303,165649,0,0,0,0,EXP001_W001_normal.csv
2026-08-23T11:27:10.501,42,EXP001,W001,normal,0.9985,38.9,1200.0,0.31,38.8,66.2,88.4,6989.85,913.21,0.0,10.1,804.75,0.2973,0.3404,88.9,0.0063,0.0153,69372,165691,0,0,0,0,EXP001_W001_normal.csv
2026-08-23T11:27:11.502,43,EXP001,W001,normal,1.0011,30.8,1200.0,0.31,30.66,54.4,88.4,6984.62,918.43,0.0,10.1,804.75,0.199,0.0039,88.9,0.0049,0.0111,69427,165734,0,0,0,0,EXP001_W001_normal.csv
2026-08-23T11:27:12.503,44,EXP001,W001,normal,1.0007,53.4,1200.0,0.31,53.46,73.8,88.4,6987.92,915.13,0.0,10.1,804.75,0.202,0.2264,88.9,1.755,0.0567,69737,167262,0,0,0,0,EXP001_W001_normal.csv
2026-08-23T11:27:13.501,45,EXP001,W001,normal,0.998,58.5,1200.0,0.31,58.44,66.7,88.9,7023.89,879.17,0.0,10.1,804.75,1.1252,0.5969,88.9,0.0713,0.0349,69866,167395,0,0,0,0,EXP001_W001_normal.csv
2026-08-23T11:27:14.567,46,EXP001,W001,normal,1.0659,57.6,1200.0,0.31,57.48,72.2,88.8,7015.07,887.99,0.0,10.1,804.75,0.0,0.2052,88.9,0.0111,0.0196,69948,167468,0,0,0,0,EXP001_W001_normal.csv
2026-08-23T11:27:15.509,47,EXP001,W001,normal,0.9422,58.7,1200.0,1.57,58.67,70.5,88.5,6991.14,911.91,0.0,10.1,804.75,0.0663,0.029,88.9,0.0167,0.006,69984,167540,0,0,0,0,EXP001_W001_normal.csv
2026-08-23T11:27:16.505,48,EXP001,W001,normal,0.9967,42.3,1200.0,1.57,42.0,59.4,88.4,6984.8,918.25,0.0,10.1,804.75,0.0627,0.0941,88.9,0.0207,0.0037,70016,167634,0,0,0,0,EXP001_W001_normal.csv
2026-08-23T11:27:17.503,49,EXP001,W001,normal,0.9975,37.4,1200.0,1.57,37.12,62.1,88.2,6974.29,928.77,0.0,10.1,804.75,0.0783,0.5326,88.9,0.0151,0.0031,70046,167702,0,0,0,0,EXP001_W001_normal.csv
2026-08-23T11:27:18.504,50,EXP001,W001,normal,1.0005,35.2,1200.0,1.57,34.8,56.5,88.3,6981.65,921.4,0.0,10.1,804.75,0.0703,0.0429,88.9,0.0161,0.0035,70081,167774,0,0,0,0,EXP001_W001_normal.csv
2026-08-23T11:27:19.512,51,EXP001,W001,normal,1.008,44.2,1200.0,1.57,43.71,67.1,88.3,6975.14,927.91,0.0,10.1,804.75,0.093,0.0039,88.9,0.0167,0.0058,70112,167848,0,0,0,0,EXP001_W001_normal.csv
2026-08-23T11:27:20.491,52,EXP001,W001,normal,0.9796,64.4,1200.0,1.44,64.25,75.7,88.2,6971.76,931.29,0.0,10.1,804.75,0.2393,0.008,88.9,0.0134,0.0065,70147,167914,0,0,0,0,EXP001_W001_normal.csv
2026-08-23T11:27:21.510,53,EXP001,W001,normal,1.0187,59.0,1200.0,1.44,58.5,74.3,88.2,6968.29,934.76,0.0,10.1,804.75,4.2028,0.046,88.9,0.0039,0.0077,70193,167947,0,0,0,0,EXP001_W001_normal.csv
2026-08-23T11:27:22.503,54,EXP001,W001,normal,0.993,57.1,1200.0,1.44,57.12,66.2,88.6,6999.75,903.31,0.0,10.1,804.75,0.5468,0.2439,88.9,0.0036,0.0043,70219,167977,0,0,0,0,EXP001_W001_normal.csv
2026-08-23T11:27:23.538,55,EXP001,W001,normal,1.035,79.3,1200.0,1.44,79.28,88.4,89.1,7044.67,858.39,0.0,10.1,804.75,0.1396,0.6189,88.9,0.0132,0.0121,70260,168050,0,0,0,0,EXP001_W001_normal.csv
2026-08-23T11:27:24.505,56,EXP001,W001,normal,0.9667,70.7,1200.0,1.44,70.81,81.8,89.2,7050.95,852.11,0.0,10.1,804.75,49.8898,5.7057,88.9,0.0152,0.0032,70287,168120,0,0,0,0,EXP001_W001_normal.csv
2026-08-23T11:27:25.492,57,EXP001,W001,normal,0.9875,78.9,1200.0,1.33,78.91,88.9,90.0,7112.86,790.2,0.0,10.1,804.75,19.6306,0.4114,88.9,0.1696,0.0035,70321,168304,0,0,0,0,EXP001_W001_normal.csv
2026-08-23T11:27:26.510,58,EXP001,W001,normal,1.0181,64.8,1200.0,1.33,64.69,75.0,89.9,7107.78,795.28,0.0,10.1,804.75,23.3747,0.0038,88.9,0.0142,0.0019,70342,168366,0,0,0,0,EXP001_W001_normal.csv
2026-08-23T11:27:27.497,59,EXP001,W001,normal,0.9871,53.6,1200.0,1.33,53.69,65.2,89.9,7102.46,800.59,0.0,10.1,804.75,4.3693,0.0989,88.9,0.0127,0.0026,70367,168424,0,0,0,0,EXP001_W001_normal.csv
2026-08-23T11:27:28.510,60,EXP001,W001,normal,1.0126,60.7,1200.0,1.33,60.7,79.1,89.9,7108.34,794.71,0.0,10.1,804.75,4.3175,0.3819,88.9,1.3607,0.0197,70547,169663,0,0,0,0,EXP001_W001_normal.csv
2026-08-23T11:27:29.510,61,EXP001,W001,normal,1.0,43.8,1200.0,1.33,43.71,68.8,88.9,7028.9,874.15,0.0,10.1,804.75,0.664,0.2305,88.9,0.1159,0.0025,70562,169680,0,0,0,0,EXP001_W001_normal.csv
2026-08-23T11:27:30.503,62,EXP001,W001,normal,0.9935,30.3,1200.0,1.22,30.11,47.6,89.0,7032.68,870.38,0.0,10.1,804.75,0.0629,0.0039,88.9,0.0051,0.0064,70583,169708,0,0,0,0,EXP001_W001_normal.csv
2026-08-23T11:27:31.500,63,EXP001,W001,normal,0.9966,29.9,1200.0,1.22,29.71,53.7,88.9,7028.63,874.42,0.0,10.1,804.75,0.0,0.0274,88.9,0.0128,0.0019,70603,169776,0,0,0,0,EXP001_W001_normal.csv
2026-08-23T11:27:32.493,64,EXP001,W001,normal,0.9929,59.1,1200.0,1.22,58.94,73.8,89.2,7051.57,851.49,0.0,10.1,802.5,4.3945,0.0079,88.9,0.0148,0.0025,70626,169839,0,0,0,0,EXP001_W001_normal.csv
2026-08-23T11:27:33.499,65,EXP001,W001,normal,1.0064,71.8,1200.0,1.22,72.15,93.8,90.0,7109.38,793.67,0.0,9.5,751.93,28.047,0.0116,88.9,1.607,0.0208,70840,171374,0,0,0,0,EXP001_W001_normal.csv
2026-08-23T11:27:34.516,66,EXP001,W001,normal,1.0167,59.1,1200.0,1.22,59.11,70.6,90.0,7110.28,792.77,0.0,9.2,734.05,10.3046,0.0038,88.9,0.955,0.0158,70950,172054,0,0,0,0,EXP001_W001_normal.csv
2026-08-23T11:27:35.505,67,EXP001,W001,normal,0.9896,53.1,1200.0,1.36,52.96,70.8,89.9,7103.12,799.94,0.0,9.2,734.05,0.6276,0.0039,88.9,0.0046,0.0015,70964,172084,0,0,0,0,EXP001_W001_normal.csv
2026-08-23T11:27:36.506,68,EXP001,W001,normal,1.0002,53.6,1200.0,1.36,53.41,70.6,90.3,7138.69,764.36,0.0,9.2,734.05,0.0947,0.0234,88.9,0.0105,0.0027,70992,172140,0,0,0,0,EXP001_W001_normal.csv
2026-08-23T11:27:37.500,69,EXP001,W001,normal,0.9942,74.5,1200.0,1.36,74.38,81.8,90.5,7148.61,754.45,0.0,9.2,734.05,0.717,0.0039,88.9,4.2527,0.0415,71395,175656,0,0,0,0,EXP001_W001_normal.csv
2026-08-23T11:27:38.506,70,EXP001,W001,normal,1.0064,60.2,1200.0,1.36,59.9,74.2,90.9,7183.29,719.77,0.0,9.2,734.05,0.0621,0.4425,88.9,2.4203,0.0328,71639,177721,0,0,0,0,EXP001_W001_normal.csv
2026-08-23T11:27:39.503,71,EXP001,W001,normal,0.9971,54.0,1200.0,1.36,53.96,72.1,91.1,7198.86,704.19,0.0,9.2,734.05,0.0343,1.8334,88.9,0.0089,0.0095,71669,177769,0,0,0,0,EXP001_W001_normal.csv
2026-08-23T11:27:40.502,72,EXP001,W001,normal,0.9986,47.5,1200.0,1.25,47.29,63.4,91.0,7189.5,713.56,0.0,9.2,734.05,0.0313,0.0274,88.9,0.0207,0.0131,71706,177865,0,0,0,0,EXP001_W001_normal.csv
2026-08-23T11:27:41.514,73,EXP001,W001,normal,1.0117,58.1,1200.0,1.25,57.69,72.8,91.2,7210.94,692.12,0.0,9.2,734.05,0.6216,0.0039,88.9,0.0218,0.0076,71748,177962,0,0,0,0,EXP001_W001_normal.csv
2026-08-23T11:27:42.499,74,EXP001,W001,normal,0.9854,52.9,1200.0,1.25,52.55,74.3,91.2,7209.15,693.91,0.0,9.2,734.05,0.0634,0.0159,88.9,0.0173,0.0024,71772,178040,0,0,0,0,EXP001_W001_normal.csv
2026-08-23T11:27:43.512,75,EXP001,W001,normal,1.0134,54.1,1200.0,1.25,54.0,67.7,91.0,7190.92,712.14,0.0,9.2,734.05,0.0,0.0578,88.9,1.6815,0.0214,71990,179672,0,0,0,0,EXP001_W001_normal.csv
2026-08-23T11:27:44.504,76,EXP001,W001,normal,0.9911,44.8,1200.0,1.25,44.71,56.2,91.1,7199.52,703.54,0.0,9.2,734.05,0.0,0.0473,88.9,0.6761,0.0136,72065,180089,0,0,0,0,EXP001_W001_normal.csv
2026-08-23T11:27:45.507,77,EXP001,W001,normal,1.0031,52.8,1200.0,1.15,52.64,63.2,90.7,7170.77,732.29,0.0,9.2,734.05,0.1869,0.0039,88.9,0.0143,0.0021,72087,180151,0,0,0,0,EXP001_W001_normal.csv
2026-08-23T11:27:46.496,78,EXP001,W001,normal,0.9896,37.0,1200.0,1.15,36.7,54.3,90.7,7168.57,734.49,0.0,9.2,734.05,0.0158,0.1697,88.9,0.011,0.002,72106,180200,0,0,0,0,EXP001_W001_normal.csv
2026-08-23T11:27:47.493,79,EXP001,W001,normal,0.9964,50.7,1200.0,1.15,50.4,66.7,90.6,7163.09,739.96,0.0,9.2,734.05,0.047,0.1686,88.9,1.8868,0.0267,72359,181925,0,0,0,0,EXP001_W001_normal.csv
2026-08-23T11:27:48.496,80,EXP001,W001,normal,1.0032,47.3,1200.0,1.15,47.12,66.2,90.6,7161.09,741.96,0.0,9.2,734.05,0.0623,0.0156,88.9,0.2091,0.0068,72389,181983,0,0,0,0,EXP001_W001_normal.csv
2026-08-23T11:27:49.509,81,EXP001,W001,normal,1.013,42.3,1200.0,1.15,42.01,58.8,90.3,7136.6,766.45,0.0,9.2,734.05,0.0,0.0231,88.9,0.0197,0.0023,72409,182057,0,0,0,0,EXP001_W001_normal.csv
2026-08-23T11:27:50.512,82,EXP001,W001,normal,1.0033,33.7,1200.0,1.06,33.56,54.5,90.3,7137.36,765.7,0.0,9.2,734.05,0.1869,0.0,88.9,0.0126,0.0039,72437,182121,0,0,0,0,EXP001_W001_normal.csv
2026-08-23T11:27:51.498,83,EXP001,W001,normal,0.9861,44.7,1200.0,1.06,44.44,61.1,90.1,7116.75,786.3,0.0,9.2,734.05,0.4991,0.0634,88.9,0.0153,0.0025,72457,182181,0,0,0,0,EXP001_W001_normal.csv
2026-08-23T11:27:52.496,84,EXP001,W001,normal,0.9977,40.6,1200.0,1.06,40.35,64.8,90.1,7122.61,780.45,0.0,9.2,734.05,0.0313,0.0039,88.9,0.021,0.0103,72497,182285,0,0,0,0,EXP001_W001_normal.csv
2026-08-23T11:27:53.506,85,EXP001,W001,normal,1.0096,48.0,1200.0,1.06,47.89,65.6,90.3,7136.87,766.19,0.0,9.2,734.05,0.0,0.1509,88.9,0.3949,0.0095,72571,182703,0,0,0,0,EXP001_W001_normal.csv
2026-08-23T11:27:54.500,86,EXP001,W001,normal,0.9942,71.9,1200.0,1.06,72.0,81.5,90.6,7158.12,744.94,0.0,9.2,734.05,0.0864,0.0943,88.9,1.5897,0.0194,72761,184018,0,0,0,0,EXP001_W001_normal.csv
2026-08-23T11:27:55.495,87,EXP001,W001,normal,0.9953,49.3,1200.0,0.98,49.17,60.9,90.4,7145.1,757.96,0.0,9.2,734.05,0.0628,0.2512,88.9,0.0168,0.0022,72782,184096,0,0,0,0,EXP001_W001_normal.csv
2026-08-23T11:27:56.503,88,EXP001,W001,normal,1.0079,48.4,1200.0,0.98,48.16,65.3,90.5,7154.76,748.3,0.0,9.2,734.05,0.1434,0.031,88.9,0.0197,0.0021,72803,184180,0,0,0,0,EXP001_W001_normal.csv
2026-08-23T11:27:57.493,89,EXP001,W001,normal,0.9897,44.5,1200.0,0.98,44.36,62.1,90.5,7154.96,748.09,0.0,9.2,734.05,0.0,0.0276,88.9,1.6562,0.0222,73004,185593,0,0,0,0,EXP001_W001_normal.csv
2026-08-23T11:27:58.507,90,EXP001,W001,normal,1.0143,53.5,1200.0,0.98,53.59,63.1,90.6,7161.52,741.53,0.0,9.2,734.05,11.4493,0.2465,88.9,0.0158,0.0028,73035,185669,0,0,0,0,EXP001_W001_normal.csv
2026-08-23T11:27:59.499,91,EXP001,W001,normal,0.9922,38.2,1200.0,0.98,37.6,70.4,90.7,7164.26,738.8,0.0,9.2,734.05,0.0315,0.0984,88.9,0.0181,0.0023,73055,185748,0,0,0,0,EXP001_W001_normal.csv
2026-08-23T11:28:00.497,92,EXP001,W001,normal,0.9973,37.5,1200.0,0.9,36.75,76.7,90.7,7164.31,738.75,0.0,9.2,734.05,0.0,0.0039,88.9,0.0193,0.003,73078,185828,0,0,0,0,EXP001_W001_normal.csv
2026-08-23T11:28:01.506,93,EXP001,W001,normal,1.0095,36.8,1200.0,0.9,36.6,65.7,90.7,7165.68,737.38,0.0,9.2,734.05,0.2593,0.031,88.9,0.0183,0.0024,73100,185912,0,0,0,0,EXP001_W001_normal.csv
2026-08-23T11:28:02.501,94,EXP001,W001,normal,0.9945,32.8,1200.0,0.9,32.42,65.7,90.7,7165.26,737.79,0.0,9.2,734.05,0.0,0.0,88.9,0.0153,0.0022,73121,185975,0,0,0,0,EXP001_W001_normal.csv
2026-08-23T11:28:03.508,95,EXP001,W001,normal,1.007,54.9,1200.0,0.9,54.83,65.2,90.9,7186.79,716.27,0.0,9.2,734.05,0.0078,0.0931,88.9,1.0942,0.0185,73286,187102,0,0,0,0,EXP001_W001_normal.csv
2026-08-23T11:28:04.505,96,EXP001,W001,normal,0.997,52.1,1200.0,0.9,51.85,66.7,90.9,7187.06,715.99,0.0,9.2,734.05,0.094,0.239,88.9,0.5818,0.0077,73346,187458,0,0,0,0,EXP001_W001_normal.csv
2026-08-23T11:28:05.510,97,EXP001,W001,normal,1.0054,59.7,1200.0,0.83,59.75,66.7,90.8,7176.95,726.11,0.0,9.2,734.05,0.2681,0.0194,88.9,0.0194,0.0025,73369,187533,0,0,0,0,EXP001_W001_normal.csv
2026-08-23T11:28:06.501,98,EXP001,W001,normal,0.9909,43.7,1200.0,0.83,43.69,59.4,90.8,7173.02,730.03,0.0,9.2,734.05,0.2089,0.0039,88.9,0.0159,0.0021,73391,187609,0,0,0,0,EXP001_W001_normal.csv
2026-08-23T11:28:07.501,99,EXP001,W001,normal,1.0003,45.4,1200.0,0.83,45.1,59.2,90.8,7173.22,729.84,0.0,9.2,734.05,0.0,0.0273,88.9,1.2647,0.0178,73553,188706,0,0,0,0,EXP001_W001_normal.csv
2026-08-23T11:28:08.495,100,EXP001,W001,normal,0.9941,48.5,1200.0,0.83,48.33,59.7,90.8,7175.46,727.6,0.0,9.2,734.05,0.0472,0.1336,88.9,0.6598,0.0087,73643,189281,0,0,0,0,EXP001_W001_normal.csv
2026-08-23T11:28:09.545,101,EXP001,W001,normal,1.0493,47.2,1200.0,0.83,47.05,61.1,90.9,7184.16,718.89,0.0,9.2,734.05,0.0037,0.0112,88.9,0.0171,0.0025,73668,189363,0,0,0,0,EXP001_W001_normal.csv
2026-08-23T11:28:10.505,102,EXP001,W001,normal,0.9605,53.2,1200.0,0.76,53.19,65.1,89.9,7103.66,799.4,0.0,9.2,734.05,0.0081,0.1912,88.9,0.0244,0.0036,73695,189460,0,0,0,0,EXP001_W001_normal.csv
2026-08-23T11:28:11.496,103,EXP001,W001,normal,0.9909,50.3,1200.0,0.76,50.35,56.2,90.3,7135.41,767.64,0.0,9.2,733.93,0.2523,0.0039,88.9,0.0175,0.0021,73713,189535,0,0,0,0,EXP001_W001_normal.csv
2026-08-23T11:28:12.508,104,EXP001,W001,normal,1.0117,48.0,1200.0,0.76,47.8,71.4,90.4,7145.48,757.57,0.0,9.2,733.93,0.0,0.0348,88.9,0.0158,0.0022,73737,189602,0,0,0,0,EXP001_W001_normal.csv
2026-08-23T11:28:13.503,105,EXP001,W001,normal,0.9956,49.3,1200.0,0.76,49.21,69.1,90.2,7126.13,776.92,0.0,9.2,733.93,0.0,0.0157,88.9,0.821,0.0207,73888,190505,0,0,0,0,EXP001_W001_normal.csv
2026-08-23T11:28:14.496,106,EXP001,W001,normal,0.9923,61.2,1200.0,0.76,60.94,72.7,90.1,7123.49,779.56,0.0,9.2,733.93,0.2519,0.1653,88.9,1.1577,0.0198,74015,191319,0,0,0,0,EXP001_W001_normal.csv
2026-08-23T11:28:15.508,107,EXP001,W001,normal,1.0121,58.9,1200.0,0.7,58.86,65.2,91.1,7197.09,705.97,0.0,9.2,733.93,0.5095,0.0039,88.9,0.0171,0.0029,74041,191392,0,0,0,0,EXP001_W001_normal.csv
2026-08-23T11:28:16.514,108,EXP001,W001,normal,1.0067,47.6,1200.0,0.7,47.51,61.4,91.6,7236.08,666.98,0.0,9.2,733.93,0.7179,0.031,88.9,0.0217,0.0093,74085,191472,0,0,0,0,EXP001_W001_normal.csv
2026-08-23T11:28:17.505,109,EXP001,W001,normal,0.9909,63.3,1200.0,0.7,63.11,78.6,92.3,7292.28,610.77,0.0,9.2,732.8,9.0751,0.1183,88.9,1.7753,0.0241,74320,193167,0,0,0,0,EXP001_W001_normal.csv
2026-08-23T11:28:18.500,110,EXP001,W001,normal,0.9952,54.1,1200.0,0.7,54.0,62.9,92.2,7289.32,613.73,0.0,9.2,732.8,0.0628,0.0353,88.9,0.2699,0.0047,74343,193237,0,0,0,0,EXP001_W001_normal.csv
2026-08-23T11:28:19.494,111,EXP001,W001,normal,0.9939,53.9,1200.0,0.7,53.75,67.2,92.3,7296.69,606.36,0.0,9.2,732.8,0.2515,0.0314,88.9,0.0151,0.0026,74369,193304,0,0,0,0,EXP001_W001_normal.csv
2026-08-23T11:28:20.504,112,EXP001,W001,normal,1.0097,46.6,1200.0,0.64,46.26,69.0,92.4,7301.36,601.7,0.0,9.2,732.8,0.0,0.0,88.9,0.0159,0.0038,74394,193372,0,0,0,0,EXP001_W001_normal.csv
2026-08-23T11:28:21.508,113,EXP001,W001,normal,1.0035,48.1,1200.0,0.64,47.74,67.6,92.4,7299.65,603.4,0.0,9.2,732.8,0.2024,0.0117,88.9,0.0152,0.0057,74423,193434,0,0,0,0,EXP001_W001_normal.csv
2026-08-23T11:28:22.502,114,EXP001,W001,normal,0.9942,36.0,1200.0,0.64,35.44,66.2,92.4,7302.2,600.86,0.0,9.2,732.8,0.0039,0.0039,88.9,0.0121,0.0028,74450,193490,0,0,0,0,EXP001_W001_normal.csv
2026-08-23T11:28:23.518,115,EXP001,W001,normal,1.0163,45.3,1200.0,0.64,45.05,68.1,91.8,7257.57,645.48,0.0,9.2,732.18,17.7655,0.05,88.9,1.4906,0.0214,74634,194771,0,0,0,0,EXP001_W001_normal.csv
2026-08-23T11:28:24.510,116,EXP001,W001,normal,0.9921,40.1,1200.0,0.64,39.62,61.6,91.4,7219.68,683.37,0.0,9.2,732.18,0.063,0.0039,88.9,0.0144,0.0022,74654,194831,0,0,0,0,EXP001_W001_normal.csv
2026-08-23T11:28:25.503,117,EXP001,W001,normal,0.9931,39.0,1200.0,0.59,38.55,69.0,91.0,7193.71,709.34,0.0,9.2,732.18,0.0,0.0079,88.9,0.0136,0.0047,74679,194888,0,0,0,0,EXP001_W001_normal.csv
2026-08-23T11:28:26.494,118,EXP001,W001,normal,0.9907,34.4,1200.0,0.59,33.96,63.8,91.0,7190.86,712.2,0.0,9.2,732.18,0.0,0.0039,88.9,0.0073,0.0013,74693,194926,0,0,0,0,EXP001_W001_normal.csv
2026-08-23T11:28:27.499,119,EXP001,W001,normal,1.0053,42.3,1200.0,0.59,41.98,67.1,90.9,7183.91,719.14,0.0,9.2,732.18,0.9403,0.0155,88.9,0.0029,0.0013,74705,194943,0,0,0,0,EXP001_W001_normal.csv
2026-08-23T11:28:28.496,120,EXP001,W001,normal,0.997,43.7,1200.0,0.59,43.36,59.7,90.8,7178.62,724.43,0.0,9.2,732.18,0.1528,0.3252,88.9,1.6008,0.021,74899,196290,0,0,0,0,EXP001_W001_normal.csv
2026-08-23T11:28:29.497,121,EXP001,W001,normal,1.0005,35.7,1200.0,0.59,35.42,57.7,90.8,7173.52,729.54,0.0,9.2,732.18,0.1718,0.4373,88.9,0.0092,0.0021,74917,196333,0,0,0,0,EXP001_W001_normal.csv
2026-08-23T11:28:30.496,122,EXP001,W001,normal,0.9987,31.1,1200.0,0.54,30.6,52.8,90.7,7166.19,736.86,0.0,9.2,732.18,0.0,0.0078,88.9,0.0083,0.0081,74943,196361,0,0,0,0,EXP001_W001_normal.csv
2026-08-23T11:28:31.511,123,EXP001,W001,normal,1.0154,36.7,1200.0,0.54,36.36,53.6,90.6,7161.37,741.69,0.0,9.2,732.18,0.4309,1.9659,88.9,0.0025,0.0012,74956,196377,0,0,0,0,EXP001_W001_normal.csv
2026-08-23T11:28:32.510,124,EXP001,W001,normal,0.9995,28.6,1200.0,0.54,28.38,47.1,90.6,7160.97,742.08,0.0,9.2,732.18,0.0,0.0039,88.9,0.1301,0.0071,75013,196681,0,0,0,0,EXP001_W001_normal.csv
2026-08-23T11:28:33.504,125,EXP001,W001,normal,0.9934,28.5,1200.0,0.54,27.89,65.8,90.6,7158.45,744.6,0.0,9.2,732.18,0.0,0.1298,88.9,1.479,0.0157,75158,197705,0,0,0,0,EXP001_W001_normal.csv
2026-08-23T11:28:34.501,126,EXP001,W001,normal,0.9975,28.5,1200.0,0.54,28.02,50.7,90.5,7155.45,747.61,0.0,9.2,732.18,0.0627,0.0313,88.9,0.0018,0.0025,75174,197722,0,0,0,0,EXP001_W001_normal.csv
2026-08-23T11:28:35.499,127,EXP001,W001,normal,0.9976,33.4,1200.0,0.5,32.83,58.7,90.5,7150.67,752.38,0.0,9.2,732.18,0.1488,0.0,88.9,0.0071,0.0017,75192,197763,0,0,0,0,EXP001_W001_normal.csv
2026-08-23T11:28:36.496,128,EXP001,W001,normal,0.9972,38.5,1200.0,0.5,37.99,62.0,90.6,7156.6,746.45,0.0,9.2,732.18,0.0,0.0039,88.9,0.0079,0.0043,75214,197803,0,0,0,0,EXP001_W001_normal.csv
2026-08-23T11:28:37.494,129,EXP001,W001,normal,0.9982,41.1,1200.0,0.5,40.8,65.3,90.6,7156.69,746.36,0.0,9.2,732.18,1.9918,0.0039,88.9,1.5916,0.0213,75409,199168,0,0,0,0,EXP001_W001_normal.csv
2026-08-23T11:28:38.497,130,EXP001,W001,normal,1.0021,37.9,1200.0,0.5,37.67,56.7,90.5,7155.3,747.76,0.0,9.2,732.18,0.0312,0.1403,88.9,0.0139,0.002,75430,199231,0,0,0,0,EXP001_W001_normal.csv
2026-08-23T11:28:39.507,131,EXP001,W001,normal,1.0103,41.9,1200.0,0.5,41.27,59.7,90.6,7159.65,743.41,0.0,9.2,732.18,0.0,0.0348,88.9,0.0121,0.0024,75454,199288,0,0,0,0,EXP001_W001_normal.csv
2026-08-23T11:28:40.506,132,EXP001,W001,normal,0.9988,40.1,1200.0,0.54,39.9,56.2,90.4,7147.42,755.63,0.0,9.2,732.18,0.0,0.0039,88.9,0.0044,0.0012,75466,199315,0,0,0,0,EXP001_W001_normal.csv
2026-08-23T11:28:41.496,133,EXP001,W001,normal,0.9908,45.1,1200.0,0.54,44.71,67.6,90.4,7140.78,762.28,0.0,9.2,732.18,0.0789,0.2405,88.9,0.014,0.002,75486,199373,0,0,0,0,EXP001_W001_normal.csv
2026-08-23T11:28:42.505,134,EXP001,W001,normal,1.0085,32.1,1200.0,0.54,32.07,52.3,90.4,7141.59,761.47,0.0,9.2,732.18,0.0,0.0813,88.9,0.0138,0.0025,75511,199433,0,0,0,0,EXP001_W001_normal.csv
2026-08-23T11:28:43.497,135,EXP001,W001,normal,0.9925,40.3,1200.0,0.54,39.75,62.2,90.4,7146.23,756.82,0.0,9.2,732.18,0.0433,0.122,88.9,0.0152,0.0037,75540,199496,0,0,0,0,EXP001_W001_normal.csv
2026-08-23T11:28:44.506,136,EXP001,W001,normal,1.0083,39.7,1200.0,0.54,39.52,60.9,90.3,7139.94,763.11,0.0,9.2,732.18,0.0,0.1743,88.9,0.0138,0.0021,75561,199556,0,0,0,0,EXP001_W001_normal.csv
2026-08-23T11:28:45.509,137,EXP001,W001,normal,1.003,46.6,1200.0,0.58,46.39,59.1,90.6,7159.25,743.8,0.0,9.2,732.18,0.9357,0.0039,88.9,0.0185,0.0087,75594,199626,0,0,0,0,EXP001_W001_normal.csv
2026-08-23T11:28:46.492,138,EXP001,W001,normal,0.9834,60.5,1200.0,0.58,60.04,68.2,91.0,7193.16,709.9,0.0,9.2,732.18,0.711,0.6872,88.9,0.8818,0.0138,75708,200423,0,0,0,0,EXP001_W001_normal.csv
2026-08-23T11:28:47.485,139,EXP001,W001,normal,0.9932,33.7,1200.0,0.58,33.46,67.1,90.7,7166.59,736.47,0.0,9.2,732.18,0.0669,0.3736,88.9,1.772,0.0272,75909,201900,0,0,0,0,EXP001_W001_normal.csv
2026-08-23T11:28:48.498,140,EXP001,W001,normal,1.0128,21.8,1200.0,0.58,21.57,52.1,90.7,7167.85,735.21,0.0,9.2,732.18,0.1119,0.0309,88.9,0.0201,0.0023,75932,201995,0,0,0,0,EXP001_W001_normal.csv
2026-08-23T11:28:49.493,141,EXP001,W001,normal,0.9953,35.9,1200.0,0.58,35.4,62.1,90.8,7172.59,730.46,0.0,9.2,732.18,0.1884,0.5691,88.9,0.0157,0.0022,75954,202065,0,0,0,0,EXP001_W001_normal.csv
2026-08-23T11:28:50.633,142,EXP001,W001,normal,1.1397,65.5,1200.0,0.69,65.45,75.0,91.4,7223.71,679.35,0.0,9.2,732.18,0.5449,0.3016,88.9,0.0272,0.0046,75984,202199,0,0,0,0,EXP001_W001_normal.csv
2026-08-23T11:28:51.500,143,EXP001,W001,normal,0.8671,44.7,1200.0,0.69,44.45,59.6,91.2,7205.82,697.23,0.0,9.2,732.18,0.1982,0.4955,88.9,0.0183,0.0024,76005,202268,0,0,0,0,EXP001_W001_normal.csv
2026-08-23T11:28:52.486,144,EXP001,W001,normal,0.9856,36.7,1200.0,0.69,36.05,68.6,91.4,7226.51,676.55,0.0,9.2,732.18,0.1466,0.2259,88.9,0.0196,0.0026,76028,202353,0,0,0,0,EXP001_W001_normal.csv
2026-08-23T11:28:53.494,145,EXP001,W001,normal,1.0082,59.8,1200.0,0.69,59.3,78.6,91.6,7238.97,664.08,0.0,9.2,732.18,0.1758,0.5114,88.9,0.112,0.0103,76095,202529,0,0,0,0,EXP001_W001_normal.csv
2026-08-23T11:28:54.508,146,EXP001,W001,normal,1.0138,74.0,1200.0,0.69,73.69,82.4,91.9,7263.17,639.88,0.0,9.2,732.18,0.7865,0.5746,88.9,0.0354,0.0082,76131,202649,0,0,0,0,EXP001_W001_normal.csv
2026-08-23T11:28:55.491,147,EXP001,W001,normal,0.9831,76.6,1200.0,1.2,76.72,90.9,91.9,7263.31,639.74,0.0,9.2,726.68,0.7261,0.2881,88.9,0.0363,0.004,76165,202745,0,0,0,0,EXP001_W001_normal.csv
2026-08-23T11:28:56.508,148,EXP001,W001,normal,1.0168,57.6,1200.0,1.2,57.41,75.0,91.7,7244.34,658.72,0.0,9.2,726.68,0.0509,0.2382,88.9,0.0081,0.0019,76186,202787,0,0,0,0,EXP001_W001_normal.csv
2026-08-23T11:28:57.500,149,EXP001,W001,normal,0.9927,56.7,1200.0,1.2,56.58,72.1,91.4,7223.77,679.29,0.0,9.2,726.68,0.0,0.1653,88.9,0.0117,0.0048,76211,202850,0,0,0,0,EXP001_W001_normal.csv
2026-08-23T11:28:58.494,150,EXP001,W001,normal,0.994,51.8,1200.0,1.2,51.59,71.0,91.5,7231.23,671.82,0.0,9.2,726.68,0.0,0.1611,88.9,0.016,0.0021,76232,202925,0,0,0,0,EXP001_W001_normal.csv
2026-08-23T11:28:59.510,151,EXP001,W001,normal,1.0158,45.7,1200.0,1.2,45.42,59.2,91.4,7225.28,677.78,0.0,9.2,726.68,0.0154,0.2692,88.9,0.0132,0.0022,76255,202992,0,0,0,0,EXP001_W001_normal.csv
2026-08-23T11:29:00.499,152,EXP001,W001,normal,0.9888,50.0,1200.0,1.74,49.99,74.6,91.5,7231.99,671.07,0.0,9.2,726.68,0.1067,0.0277,88.9,0.0142,0.0031,76276,203052,0,0,0,0,EXP001_W001_normal.csv
2026-08-23T11:29:01.497,153,EXP001,W001,normal,0.9986,37.6,1200.0,1.74,37.16,59.4,91.5,7229.3,673.75,0.0,9.2,726.68,0.0469,0.1486,88.9,0.0161,0.0021,76297,203122,0,0,0,0,EXP001_W001_normal.csv
2026-08-23T11:29:02.506,154,EXP001,W001,normal,1.0082,44.0,1200.0,1.74,44.29,67.1,91.4,7227.32,675.74,0.0,9.2,726.68,0.0155,0.0697,88.9,3.6148,0.038,76712,206456,0,0,0,0,EXP001_W001_normal.csv
2026-08-23T11:29:03.509,155,EXP001,W001,normal,1.003,51.7,1200.0,1.74,51.31,66.7,91.5,7233.7,669.36,0.0,9.2,726.68,0.0,0.0117,88.9,0.3833,0.0048,76726,206474,0,0,0,0,EXP001_W001_normal.csv
2026-08-23T11:29:04.496,156,EXP001,W001,normal,0.9868,52.9,1200.0,1.74,52.79,66.2,91.5,7234.45,668.61,0.0,9.2,726.68,0.0,0.0198,88.9,0.0026,0.0011,76738,206496,0,0,0,0,EXP001_W001_normal.csv
2026-08-23T11:29:05.506,157,EXP001,W001,normal,1.0103,37.7,1200.0,1.6,37.5,55.2,91.5,7231.83,671.22,0.0,9.2,726.68,0.0,0.0,88.9,0.0113,0.0079,76762,206541,0,0,0,0,EXP001_W001_normal.csv
2026-08-23T11:29:06.493,158,EXP001,W001,normal,0.9873,41.6,1200.0,1.6,41.35,58.0,91.5,7234.44,668.62,0.0,9.2,726.68,0.0,0.0317,88.9,0.0147,0.0021,76782,206600,0,0,0,0,EXP001_W001_normal.csv
2026-08-23T11:29:07.498,159,EXP001,W001,normal,1.0047,48.7,1200.0,1.6,48.02,78.4,91.6,7237.52,665.54,0.0,9.2,726.68,0.7776,0.0039,88.9,0.0149,0.002,76802,206665,0,0,0,0,EXP001_W001_normal.csv
2026-08-23T11:29:08.507,160,EXP001,W001,normal,1.0091,48.0,1200.0,1.6,47.69,67.1,91.5,7234.53,668.52,0.0,9.2,726.68,0.4994,0.0929,88.9,0.0139,0.0052,76836,206734,0,0,0,0,EXP001_W001_normal.csv
2026-08-23T11:29:09.497,161,EXP001,W001,normal,0.9902,47.6,1200.0,1.6,47.38,63.2,91.6,7239.72,663.34,0.0,9.2,726.68,0.1262,0.1262,88.9,0.0147,0.0021,76859,206800,0,0,0,0,EXP001_W001_normal.csv
2026-08-23T11:29:10.504,162,EXP001,W001,normal,1.0072,42.4,1200.0,1.55,41.88,69.0,91.7,7245.68,657.38,0.0,9.2,726.68,0.1086,0.159,88.9,0.0191,0.0034,76881,206879,0,0,0,0,EXP001_W001_normal.csv
2026-08-23T11:29:11.513,163,EXP001,W001,normal,1.0089,41.4,1200.0,1.55,40.89,65.3,91.7,7249.64,653.42,0.0,9.2,726.68,0.1975,0.0039,88.9,0.01,0.0019,76901,206928,0,0,0,0,EXP001_W001_normal.csv
2026-08-23T11:29:12.508,164,EXP001,W001,normal,0.9945,46.9,1200.0,1.55,46.65,69.0,90.5,7152.86,750.2,0.0,9.2,726.68,0.0786,0.0039,88.9,0.0075,0.0015,76916,206969,0,0,0,0,EXP001_W001_normal.csv
2026-08-23T11:29:13.508,165,EXP001,W001,normal,1.0002,35.6,1200.0,1.55,35.05,71.8,90.5,7151.22,751.83,0.0,9.2,726.68,2.0581,0.1054,88.9,0.0114,0.0034,76941,207026,0,0,0,0,EXP001_W001_normal.csv
2026-08-23T11:29:14.485,166,EXP001,W001,normal,0.9775,36.5,1200.0,1.55,35.71,69.4,90.5,7155.23,747.82,0.0,9.2,726.68,0.016,0.016,88.9,0.0048,0.0031,76965,207061,0,0,0,0,EXP001_W001_normal.csv
2026-08-23T11:29:15.494,167,EXP001,W001,normal,1.0083,34.4,1200.0,1.43,34.05,55.9,90.5,7150.91,752.15,0.0,9.2,726.68,0.0155,0.2596,88.9,0.0039,0.0012,76977,207089,0,0,0,0,EXP001_W001_normal.csv
2026-08-23T11:29:16.492,168,EXP001,W001,normal,0.9987,38.7,1200.0,1.43,37.92,70.7,90.5,7149.96,753.1,0.0,9.2,726.68,0.0,0.0078,88.9,0.0053,0.0019,76994,207118,0,0,0,0,EXP001_W001_normal.csv
2026-08-23T11:29:17.508,169,EXP001,W001,normal,1.0154,31.9,1200.0,1.43,31.43,63.4,90.4,7145.37,757.68,0.0,9.2,726.68,0.0308,0.3578,88.9,0.0024,0.001,77006,207139,0,0,0,0,EXP001_W001_normal.csv
2026-08-23T11:29:18.498,170,EXP001,W001,normal,0.9906,29.6,1200.0,1.43,29.34,55.9,90.4,7143.66,759.4,0.0,9.2,726.68,0.0,0.0039,88.9,0.0097,0.0019,77024,207195,0,0,0,0,EXP001_W001_normal.csv
2026-08-23T11:29:19.485,171,EXP001,W001,normal,0.9871,29.9,1200.0,1.43,29.06,57.4,90.4,7146.07,756.98,0.0,9.2,726.68,0.1266,0.1583,88.9,0.0095,0.004,77045,207245,0,0,0,0,EXP001_W001_normal.csv
2026-08-23T11:29:20.499,172,EXP001,W001,normal,1.0141,30.2,1200.0,1.31,30.18,54.8,90.4,7144.96,758.1,0.0,9.2,726.68,0.0616,0.0,88.9,0.0036,0.0031,77065,207273,0,0,0,0,EXP001_W001_normal.csv
2026-08-23T11:29:21.499,173,EXP001,W001,normal,0.9999,43.9,1200.0,1.31,43.49,61.4,90.6,7156.97,746.09,0.0,9.2,726.68,0.0,0.0547,88.9,0.0011,0.001,77075,207283,0,0,0,0,EXP001_W001_normal.csv
2026-08-23T11:29:22.493,174,EXP001,W001,normal,0.9939,51.8,1200.0,1.31,51.3,72.1,90.7,7169.1,733.95,0.0,9.2,726.68,0.17,0.0039,88.9,0.0065,0.0036,77111,207341,0,0,0,0,EXP001_W001_normal.csv
2026-08-23T11:29:23.504,175,EXP001,W001,normal,1.0112,43.1,1200.0,1.31,43.05,58.2,90.9,7183.98,719.07,0.0,9.2,726.68,0.0,0.0618,88.9,0.2161,0.0151,77166,207522,0,0,0,0,EXP001_W001_normal.csv
2026-08-23T11:29:24.485,176,EXP001,W001,normal,0.9807,48.7,1200.0,1.31,47.89,72.0,91.1,7197.71,705.35,0.0,9.2,726.68,0.1275,0.3863,88.9,4.8155,0.051,77625,211383,0,0,0,0,EXP001_W001_normal.csv
2026-08-23T11:29:25.499,177,EXP001,W001,normal,1.014,44.3,1200.0,1.21,43.55,76.0,91.0,7190.27,712.79,0.0,9.2,726.68,0.0154,0.0616,88.9,0.0181,0.0121,77660,211419,0,0,0,0,EXP001_W001_normal.csv
2026-08-23T11:29:26.516,178,EXP001,W001,normal,1.017,45.9,1200.0,1.21,45.6,72.5,91.0,7191.95,711.11,0.0,9.2,726.68,0.6184,0.0038,88.9,0.0049,0.0018,77673,211437,0,0,0,0,EXP001_W001_normal.csv
2026-08-23T11:29:27.504,179,EXP001,W001,normal,0.988,53.0,1200.0,1.21,52.77,74.6,91.0,7190.62,712.43,0.0,9.2,726.68,0.0,0.0593,88.9,0.0011,0.0012,77683,211447,0,0,0,0,EXP001_W001_normal.csv
2026-08-23T11:29:28.507,180,EXP001,W001,normal,1.0025,36.5,1200.0,1.21,36.29,70.1,91.1,7200.01,703.05,0.0,9.2,726.68,0.0156,0.152,88.9,0.0009,0.0008,77693,211456,0,0,0,0,EXP001_W001_normal.csv
2026-08-23T11:29:29.500,181,EXP001,W001,normal,0.9938,44.7,1200.0,1.21,44.27,73.0,91.1,7201.39,701.67,0.0,9.2,726.68,0.0717,0.1258,88.9,0.0068,0.0071,77712,211476,0,0,0,0,EXP001_W001_normal.csv
2026-08-23T11:29:30.504,182,EXP001,W001,normal,1.0036,47.3,1200.0,1.11,47.11,73.5,91.2,7209.46,693.6,0.0,9.2,726.68,0.1829,0.0234,88.9,0.0025,0.0071,77738,211501,0,0,0,0,EXP001_W001_normal.csv
2026-08-23T11:29:31.502,183,EXP001,W001,normal,0.9983,44.9,1200.0,1.11,44.88,63.1,91.4,7220.75,682.3,0.0,9.2,726.68,0.0626,0.09,88.9,1.849,0.0221,77943,213009,0,0,0,0,EXP001_W001_normal.csv
2026-08-23T11:29:32.502,184,EXP001,W001,normal,0.9999,35.9,1200.0,1.11,35.69,59.2,91.4,7223.05,680.01,0.0,9.2,726.68,0.0,0.043,88.9,0.003,0.0028,77958,213023,0,0,0,0,EXP001_W001_normal.csv
2026-08-23T11:29:33.496,185,EXP001,W001,normal,0.9942,37.8,1200.0,1.11,37.2,60.9,91.2,7209.63,693.42,0.0,9.2,726.68,0.0,0.0039,88.9,0.0007,0.0007,77966,213030,0,0,0,0,EXP001_W001_normal.csv
2026-08-23T11:29:34.495,186,EXP001,W001,normal,0.9982,34.4,1200.0,1.11,34.21,50.0,91.2,7208.03,695.03,0.0,9.2,726.68,0.0,0.0157,88.9,0.0016,0.0009,77977,213039,0,0,0,0,EXP001_W001_normal.csv
2026-08-23T11:29:35.509,187,EXP001,W001,normal,1.0148,26.9,1200.0,1.02,26.49,48.6,91.2,7209.89,693.16,0.0,9.2,726.68,0.0616,0.0269,88.9,0.0008,0.0008,77983,213046,0,0,0,0,EXP001_W001_normal.csv
2026-08-23T11:29:36.505,188,EXP001,W001,normal,0.9957,33.5,1200.0,1.02,33.11,60.6,91.1,7202.34,700.71,0.0,9.2,726.68,0.0,0.0,88.9,0.0008,0.0008,77992,213053,0,0,0,0,EXP001_W001_normal.csv
2026-08-23T11:29:37.503,189,EXP001,W001,normal,0.9981,29.2,1200.0,1.02,28.89,50.0,91.1,7201.78,701.28,0.0,9.2,726.68,0.0,0.0078,88.9,0.0012,0.0011,78003,213063,0,0,0,0,EXP001_W001_normal.csv
2026-08-23T11:29:38.496,190,EXP001,W001,normal,0.9929,42.3,1200.0,1.02,41.42,66.2,91.1,7198.98,704.07,0.0,9.2,726.68,0.0,0.0039,88.9,1.5732,0.0194,78178,214341,0,0,0,0,EXP001_W001_normal.csv
2026-08-23T11:29:39.509,191,EXP001,W001,normal,1.0129,37.2,1200.0,1.02,36.84,60.0,91.1,7203.6,699.45,0.0,9.2,726.68,0.3317,0.0733,88.9,0.001,0.0007,78186,214349,0,0,0,0,EXP001_W001_normal.csv
2026-08-23T11:29:40.504,192,EXP001,W001,normal,0.9949,35.9,1200.0,1.02,35.39,60.0,91.1,7200.73,702.32,0.0,9.2,726.68,0.0667,0.0039,88.9,0.0018,0.0034,78200,214362,0,0,0,0,EXP001_W001_normal.csv
2026-08-23T11:29:41.504,193,EXP001,W001,normal,1.0006,28.7,1200.0,1.02,28.46,55.4,91.1,7202.67,700.39,0.0,9.2,726.68,0.0,0.0312,88.9,0.0006,0.0006,78207,214367,0,0,0,0,EXP001_W001_normal.csv
2026-08-23T11:29:42.502,194,EXP001,W001,normal,0.998,36.9,1200.0,1.02,36.52,62.3,90.9,7182.9,720.15,0.0,9.2,726.68,0.0,0.0078,88.9,0.0029,0.001,78219,214386,0,0,0,0,EXP001_W001_normal.csv
2026-08-23T11:29:43.505,195,EXP001,W001,normal,1.0028,26.3,1200.0,1.02,26.27,39.4,90.9,7180.68,722.38,0.0,9.2,726.68,0.0,0.0,88.9,0.0022,0.0022,78232,214399,0,0,0,0,EXP001_W001_normal.csv
2026-08-23T11:29:44.485,196,EXP001,W001,normal,0.9801,24.8,1200.0,1.02,24.55,39.4,90.8,7174.98,728.07,0.0,9.2,726.68,0.1913,0.0239,88.9,0.0011,0.001,78243,214410,0,0,0,0,EXP001_W001_normal.csv
2026-08-23T11:29:45.505,197,EXP001,W001,normal,1.0193,20.9,1200.0,0.94,20.71,47.1,90.7,7171.58,731.48,0.0,9.2,726.68,0.0,0.0268,88.9,0.001,0.0008,78253,214419,0,0,0,0,EXP001_W001_normal.csv
2026-08-23T11:29:46.492,198,EXP001,W001,normal,0.9877,41.2,1200.0,0.94,40.88,54.5,90.9,7183.09,719.96,0.0,9.2,726.68,0.3164,0.7831,88.9,1.4573,0.0187,78417,215596,0,0,0,0,EXP001_W001_normal.csv
2026-08-23T11:29:47.497,199,EXP001,W001,normal,1.0044,36.0,1200.0,0.94,35.59,57.4,90.9,7183.24,719.82,0.0,9.2,726.68,1.3262,0.0,88.9,0.0067,0.0061,78434,215615,0,0,0,0,EXP001_W001_normal.csv
2026-08-23T11:29:48.492,200,EXP001,W001,normal,0.9958,37.4,1200.0,0.94,36.8,62.7,90.9,7181.84,721.22,0.0,9.2,726.68,0.9807,0.0353,88.9,0.0009,0.0009,78442,215621,0,0,0,0,EXP001_W001_normal.csv
2026-08-23T11:29:49.510,201,EXP001,W001,normal,1.0179,32.8,1200.0,0.94,32.44,58.3,90.9,7184.57,718.48,0.0,9.2,726.68,0.5872,0.3454,88.9,0.001,0.0006,78450,215631,0,0,0,0,EXP001_W001_normal.csv
2026-08-23T11:29:50.504,202,EXP001,W001,normal,0.9941,30.9,1200.0,0.94,30.5,58.8,90.9,7184.59,718.46,0.0,9.2,726.68,0.0314,0.1336,88.9,0.0053,0.0022,78463,215651,0,0,0,0,EXP001_W001_normal.csv
2026-08-23T11:29:51.502,203,EXP001,W001,normal,0.9975,36.7,1200.0,0.94,36.41,57.1,91.0,7192.55,710.51,0.0,9.2,726.68,0.0627,0.0,88.9,0.0017,0.003,78475,215665,0,0,0,0,EXP001_W001_normal.csv
2026-08-23T11:29:52.499,204,EXP001,W001,normal,0.9968,26.6,1200.0,0.94,26.4,44.1,91.0,7191.37,711.69,0.0,9.2,726.68,1.1286,0.0039,88.9,0.0075,0.0023,78496,215702,0,0,0,0,EXP001_W001_normal.csv
2026-08-23T11:29:53.512,205,EXP001,W001,normal,1.0133,42.6,1200.0,0.94,42.45,56.7,90.6,7159.44,743.62,0.0,9.2,726.68,0.0,0.32,88.9,1.3109,0.0169,78647,216789,0,0,0,0,EXP001_W001_normal.csv
2026-08-23T11:29:54.501,206,EXP001,W001,normal,0.989,30.1,1200.0,0.94,30.06,44.6,90.5,7156.12,746.93,0.0,9.2,726.68,1.335,0.0869,88.9,0.0014,0.0023,78661,216802,0,0,0,0,EXP001_W001_normal.csv
2026-08-23T11:29:55.493,207,EXP001,W001,normal,0.9922,52.2,1200.0,1.11,52.14,81.2,90.5,7154.39,748.67,0.0,9.2,726.68,0.2323,0.0039,88.9,0.0009,0.0007,78668,216810,0,0,0,0,EXP001_W001_normal.csv
2026-08-23T11:29:56.493,208,EXP001,W001,normal,0.9996,44.5,1200.0,1.11,43.9,67.1,90.4,7146.16,756.89,0.0,9.2,726.68,0.0,0.0274,88.9,0.0007,0.0007,78676,216816,0,0,0,0,EXP001_W001_normal.csv
2026-08-23T11:29:57.510,209,EXP001,W001,normal,1.017,35.1,1200.0,1.11,34.77,55.2,90.4,7145.26,757.79,0.0,9.2,726.68,0.2766,0.0038,88.9,0.0034,0.001,78688,216838,0,0,0,0,EXP001_W001_normal.csv
2026-08-23T11:29:58.509,210,EXP001,W001,normal,0.9994,36.8,1200.0,1.11,36.3,64.8,89.6,7083.25,819.8,0.0,9.2,726.68,0.0743,0.0625,88.9,0.0052,0.0013,78700,216866,0,0,0,0,EXP001_W001_normal.csv
2026-08-23T11:29:59.506,211,EXP001,W001,normal,0.9969,34.0,1200.0,1.11,33.83,56.5,89.6,7082.53,820.53,0.0,9.2,726.68,0.0,0.1567,88.9,0.0029,0.0014,78715,216887,0,0,0,0,EXP001_W001_normal.csv
2026-08-23T11:30:00.497,212,EXP001,W001,normal,0.9912,35.7,1200.0,1.02,35.46,62.3,89.7,7085.94,817.12,0.0,9.2,726.68,0.0631,0.0591,88.9,1.1207,0.0152,78844,217799,0,0,0,0,EXP001_W001_normal.csv
2026-08-23T11:30:01.497,213,EXP001,W001,normal,1.0,34.2,1200.0,1.02,33.84,61.4,90.0,7109.39,793.66,0.0,9.2,726.68,1.9648,0.0039,88.9,0.0016,0.0021,78855,217808,0,0,0,0,EXP001_W001_normal.csv
2026-08-23T11:30:02.495,214,EXP001,W001,normal,0.9982,52.4,1200.0,1.02,52.11,62.5,90.4,7146.52,756.54,0.0,9.2,726.55,6.0662,0.3679,88.9,0.0019,0.0032,78870,217821,0,0,0,0,EXP001_W001_normal.csv
2026-08-23T11:30:03.496,215,EXP001,W001,normal,1.0001,33.9,1200.0,1.02,33.4,60.0,90.5,7152.82,750.23,0.0,9.2,726.55,0.7714,0.0039,88.9,0.0005,0.0005,78874,217826,0,0,0,0,EXP001_W001_normal.csv
2026-08-23T11:30:04.485,216,EXP001,W001,normal,0.9898,22.5,1200.0,1.02,21.26,58.3,90.5,7151.14,751.91,0.0,9.2,726.55,0.0158,0.1381,88.9,0.9632,0.0138,78988,218611,0,0,0,0,EXP001_W001_normal.csv
2026-08-23T11:30:05.506,217,EXP001,W001,normal,1.0211,37.1,1200.0,0.94,36.79,69.4,91.1,7198.6,704.46,0.0,9.2,726.55,0.2142,0.0077,88.9,0.0011,0.001,78998,218620,0,0,0,0,EXP001_W001_normal.csv
2026-08-23T11:30:06.501,218,EXP001,W001,normal,0.9946,22.4,1200.0,0.94,22.07,67.6,90.9,7182.81,720.25,0.0,9.2,726.55,0.0314,0.0039,88.9,0.0008,0.0008,79007,218627,0,0,0,0,EXP001_W001_normal.csv
2026-08-23T11:30:07.486,219,EXP001,W001,normal,0.9848,22.8,1200.0,0.94,22.59,45.5,90.9,7180.84,722.22,0.0,9.2,726.43,0.1825,0.1111,88.9,0.001,0.0009,79016,218636,0,0,0,0,EXP001_W001_normal.csv
2026-08-23T11:30:08.485,220,EXP001,W001,normal,0.9997,22.2,1200.0,0.94,22.3,41.5,91.2,7207.22,695.84,0.0,9.2,726.43,1.4614,0.0313,88.9,0.0012,0.0008,79025,218647,0,0,0,0,EXP001_W001_normal.csv
2026-08-23T11:30:09.485,221,EXP001,W001,normal,0.9998,29.3,1200.0,0.94,28.61,64.7,91.2,7211.07,691.99,0.0,9.2,726.43,0.0,0.1055,88.9,0.0008,0.0007,79033,218655,0,0,0,0,EXP001_W001_normal.csv
2026-08-23T11:30:10.505,222,EXP001,W001,normal,1.0202,63.5,1200.0,0.86,63.3,78.4,91.5,7234.18,668.88,0.0,9.2,726.43,0.2451,0.0115,88.9,1.2785,0.0239,79209,219812,0,0,0,0,EXP001_W001_normal.csv
2026-08-23T11:30:11.506,223,EXP001,W001,normal,1.001,54.6,1200.0,0.86,54.6,62.7,91.5,7227.44,675.62,0.0,9.2,726.43,0.1522,0.0429,88.9,0.8386,0.0122,79299,220446,0,0,0,0,EXP001_W001_normal.csv
2026-08-23T11:30:12.500,224,EXP001,W001,normal,0.9935,44.9,1200.0,0.86,44.76,58.3,91.4,7225.8,677.25,0.0,9.2,726.43,0.0,0.1062,88.9,0.0012,0.0011,79311,220459,0,0,0,0,EXP001_W001_normal.csv
2026-08-23T11:30:13.501,225,EXP001,W001,normal,1.0008,42.7,1200.0,0.86,42.6,50.0,91.4,7224.71,678.34,0.0,9.2,726.43,0.0625,0.1171,88.9,0.0026,0.003,79323,220477,0,0,0,0,EXP001_W001_normal.csv
2026-08-23T11:30:14.500,226,EXP001,W001,normal,0.9998,35.8,1200.0,0.86,35.06,62.7,90.9,7186.25,716.8,0.0,9.2,726.43,0.0,0.1914,88.9,0.0008,0.0005,79332,220488,0,0,0,0,EXP001_W001_normal.csv
2026-08-23T11:30:15.497,227,EXP001,W001,normal,0.9964,35.1,1200.0,0.79,33.86,66.7,90.7,7168.69,734.36,0.0,9.2,726.43,0.0941,0.4822,88.9,0.0011,0.0009,79339,220497,0,0,0,0,EXP001_W001_normal.csv
2026-08-23T11:30:16.502,228,EXP001,W001,normal,1.0049,40.7,1200.0,0.79,40.27,63.1,91.0,7189.07,713.99,0.0,9.2,726.43,4.5604,0.0428,88.9,0.001,0.0009,79348,220508,0,0,0,0,EXP001_W001_normal.csv
2026-08-23T11:30:17.495,229,EXP001,W001,normal,0.9931,47.2,1200.0,0.79,46.52,77.3,91.1,7200.31,702.74,0.0,9.2,726.43,0.6294,0.9283,88.9,0.0009,0.0007,79357,220520,0,0,0,0,EXP001_W001_normal.csv
2026-08-23T11:30:18.508,230,EXP001,W001,normal,1.0131,45.3,1200.0,0.79,45.21,58.8,90.9,7181.0,722.05,0.0,9.2,726.43,0.4935,0.0154,88.9,1.4259,0.0184,79522,221707,0,0,0,0,EXP001_W001_normal.csv
2026-08-23T11:30:19.504,231,EXP001,W001,normal,0.9962,36.4,1200.0,0.79,36.04,50.0,90.9,7186.65,716.4,0.0,9.2,726.43,0.1255,0.3529,88.9,0.0026,0.0013,79536,221724,0,0,0,0,EXP001_W001_normal.csv
2026-08-23T11:30:20.497,232,EXP001,W001,normal,0.9932,39.6,1200.0,0.73,39.35,53.8,90.9,7182.36,720.69,0.0,9.2,726.43,0.232,0.173,88.9,0.0014,0.0032,79549,221738,0,0,0,0,EXP001_W001_normal.csv
2026-08-23T11:30:21.500,233,EXP001,W001,normal,1.0021,49.3,1200.0,0.73,49.01,68.1,91.1,7199.64,703.41,0.0,9.2,726.43,0.0,0.0117,88.9,0.0021,0.001,79558,221754,0,0,0,0,EXP001_W001_normal.csv
2026-08-23T11:30:22.493,234,EXP001,W001,normal,0.9939,37.2,1200.0,0.73,36.85,63.8,90.9,7184.15,718.9,0.0,9.2,726.43,0.0,0.0039,88.9,0.0019,0.0016,79572,221767,0,0,0,0,EXP001_W001_normal.csv
2026-08-23T11:30:23.509,235,EXP001,W001,normal,1.0157,54.0,1200.0,0.73,53.8,65.7,91.1,7201.21,701.84,0.0,9.2,726.43,1.6114,0.0308,88.9,0.9561,0.0137,79708,222709,0,0,0,0,EXP001_W001_normal.csv
2026-08-23T11:30:24.503,236,EXP001,W001,normal,0.9943,39.7,1200.0,0.73,39.21,72.2,91.2,7204.93,698.12,0.0,9.2,726.43,0.0,0.0196,88.9,1.7309,0.0204,79887,223980,0,0,0,0,EXP001_W001_normal.csv
2026-08-23T11:30:25.499,237,EXP001,W001,normal,0.9961,52.8,1200.0,0.67,52.4,72.6,91.0,7191.56,711.5,0.0,9.2,726.43,0.0,0.0039,88.9,0.001,0.0007,79895,223990,0,0,0,0,EXP001_W001_normal.csv
2026-08-23T11:30:26.499,238,EXP001,W001,normal,1.0,31.6,1200.0,0.67,31.32,54.3,90.9,7183.23,719.82,0.0,9.2,726.43,0.0,0.0234,88.9,0.0038,0.0014,79908,224014,0,0,0,0,EXP001_W001_normal.csv
2026-08-23T11:30:27.494,239,EXP001,W001,normal,0.9943,39.0,1200.0,0.67,38.35,69.0,90.9,7185.63,717.42,0.0,9.2,726.43,0.0,0.0354,88.9,0.0009,0.001,79919,224024,0,0,0,0,EXP001_W001_normal.csv
2026-08-23T11:30:28.505,240,EXP001,W001,normal,1.0108,36.6,1200.0,0.67,36.3,66.2,90.9,7181.86,721.19,0.0,9.2,726.43,1.7376,0.0696,88.9,0.0012,0.0007,79928,224037,0,0,0,0,EXP001_W001_normal.csv
2026-08-23T11:30:29.505,241,EXP001,W001,normal,1.0006,30.4,1200.0,0.67,29.88,60.3,90.8,7177.66,725.39,0.0,9.2,726.43,0.1249,0.2498,88.9,0.0014,0.0011,79940,224051,0,0,0,0,EXP001_W001_normal.csv
2026-08-23T11:30:30.499,242,EXP001,W001,normal,0.9941,25.0,1200.0,0.62,24.71,58.0,90.8,7178.17,724.88,0.0,9.2,726.43,0.0,0.0039,88.9,0.0029,0.0021,79960,224077,0,0,0,0,EXP001_W001_normal.csv
2026-08-23T11:30:31.497,243,EXP001,W001,normal,0.9978,32.7,1200.0,0.62,32.14,58.3,90.8,7172.38,730.68,0.0,9.2,726.43,0.0,0.0587,88.9,0.0078,0.0058,79968,224093,0,0,0,0,EXP001_W001_normal.csv
2026-08-23T11:30:32.502,244,EXP001,W001,normal,1.0054,24.2,1200.0,0.62,23.99,47.1,90.7,7167.33,735.73,0.0,9.2,726.43,0.0,0.0039,88.9,0.002,0.002,79980,224106,0,0,0,0,EXP001_W001_normal.csv
2026-08-23T11:30:33.513,245,EXP001,W001,normal,1.0104,28.4,1200.0,0.62,27.77,50.7,90.7,7168.61,734.45,0.0,9.2,726.43,0.0,0.0039,88.9,0.0008,0.0006,79987,224114,0,0,0,0,EXP001_W001_normal.csv
2026-08-23T11:30:34.506,246,EXP001,W001,normal,0.9934,35.7,1200.0,0.62,35.31,59.7,90.6,7157.66,745.39,0.0,9.2,726.43,0.0,0.0157,88.9,1.9922,0.0237,80225,225990,0,0,0,0,EXP001_W001_normal.csv
2026-08-23T11:30:35.504,247,EXP001,W001,normal,0.9976,27.3,1200.0,0.57,26.8,57.7,90.4,7145.68,757.37,0.0,9.2,726.43,0.0,0.1331,88.9,0.832,0.0166,80304,226437,0,0,0,0,EXP001_W001_normal.csv
2026-08-23T11:30:36.504,248,EXP001,W001,normal,1.0008,28.6,1200.0,0.57,28.5,45.5,90.3,7139.8,763.25,0.0,9.2,726.43,0.0,0.0,88.9,0.0007,0.0007,80313,226445,0,0,0,0,EXP001_W001_normal.csv
2026-08-23T11:30:37.500,249,EXP001,W001,normal,0.9958,33.8,1200.0,0.57,33.29,59.2,90.3,7140.15,762.9,0.0,9.2,726.43,0.0,0.0039,88.9,0.0012,0.0009,80321,226454,0,0,0,0,EXP001_W001_normal.csv
2026-08-23T11:30:38.506,250,EXP001,W001,normal,1.0053,29.6,1200.0,0.57,29.38,55.9,90.3,7139.49,763.56,0.0,9.2,726.43,0.0,0.0078,88.9,0.0008,0.0007,80329,226462,0,0,0,0,EXP001_W001_normal.csv
2026-08-23T11:30:39.498,251,EXP001,W001,normal,0.9926,34.3,1200.0,0.57,33.73,54.1,90.3,7140.27,762.79,0.0,9.2,726.43,0.0,0.0826,88.9,0.0008,0.0008,80338,226472,0,0,0,0,EXP001_W001_normal.csv
2026-08-23T11:30:40.501,252,EXP001,W001,normal,1.0028,30.1,1200.0,0.52,29.74,57.7,90.3,7138.13,764.92,0.0,9.2,726.43,0.4402,0.1208,88.9,0.0011,0.0011,80349,226480,0,0,0,0,EXP001_W001_normal.csv
2026-08-23T11:30:41.510,253,EXP001,W001,normal,1.0088,32.8,1200.0,0.52,32.35,50.7,90.3,7139.29,763.77,0.0,9.2,726.43,0.0,0.0271,88.9,0.0007,0.0006,80356,226486,0,0,0,0,EXP001_W001_normal.csv
2026-08-23T11:30:42.508,254,EXP001,W001,normal,0.9982,29.6,1200.0,0.52,29.24,54.2,90.3,7139.25,763.81,0.0,9.2,726.43,0.0939,0.0039,88.9,0.0012,0.0006,80363,226497,0,0,0,0,EXP001_W001_normal.csv
2026-08-23T11:30:43.504,255,EXP001,W001,normal,0.9959,28.7,1200.0,0.52,28.51,50.0,90.3,7139.09,763.96,0.0,9.2,726.43,0.0,0.0,88.9,0.0011,0.001,80374,226506,0,0,0,0,EXP001_W001_normal.csv
2026-08-23T11:30:44.508,256,EXP001,W001,normal,1.004,42.3,1200.0,0.52,41.81,57.3,90.3,7134.11,768.95,0.0,9.2,726.43,0.0,0.0272,88.9,0.0012,0.0007,80383,226517,0,0,0,0,EXP001_W001_normal.csv
2026-08-23T11:30:45.506,257,EXP001,W001,normal,0.9982,26.3,1200.0,0.48,26.11,44.9,90.3,7134.58,768.48,0.0,9.2,726.43,0.0,0.0196,88.9,0.002,0.0031,80396,226530,0,0,0,0,EXP001_W001_normal.csv
2026-08-23T11:30:46.508,258,EXP001,W001,normal,1.0012,30.1,1200.0,0.48,29.45,58.4,90.2,7132.3,770.76,0.0,9.2,726.43,0.0,0.0273,88.9,0.0028,0.0011,80408,226547,0,0,0,0,EXP001_W001_normal.csv
2026-08-23T11:30:47.500,259,EXP001,W001,normal,0.992,29.0,1200.0,0.48,28.43,57.7,90.3,7137.14,765.91,0.0,9.2,726.43,0.063,0.0039,88.9,0.0007,0.0008,80416,226553,0,0,0,0,EXP001_W001_normal.csv
2026-08-23T11:30:48.502,260,EXP001,W001,normal,1.002,30.4,1200.0,0.48,30.04,50.0,90.3,7136.77,766.29,0.0,9.2,726.18,0.0,0.0039,88.9,0.0009,0.0009,80425,226561,0,0,0,0,EXP001_W001_normal.csv
2026-08-23T11:30:49.498,261,EXP001,W001,normal,0.9968,30.3,1200.0,0.48,29.82,61.1,90.3,7137.11,765.95,0.0,9.2,726.18,0.0627,0.0666,88.9,0.0011,0.0009,80436,226571,0,0,0,0,EXP001_W001_normal.csv
2026-08-23T11:30:50.499,262,EXP001,W001,normal,1.0009,33.7,1200.0,0.44,33.51,61.2,90.2,7129.09,773.96,0.0,9.2,726.18,0.1366,0.1366,88.9,0.0027,0.0033,80451,226584,0,0,0,0,EXP001_W001_normal.csv
2026-08-23T11:30:51.506,263,EXP001,W001,normal,1.0073,33.0,1200.0,0.44,32.74,52.9,90.2,7129.15,773.9,0.0,9.2,726.18,0.0,0.1706,88.9,0.0008,0.0006,80456,226593,0,0,0,0,EXP001_W001_normal.csv
2026-08-23T11:30:52.501,264,EXP001,W001,normal,0.9947,26.5,1200.0,0.44,26.31,41.4,90.2,7129.89,773.17,0.0,9.2,726.18,0.0,0.0079,88.9,0.0016,0.0018,80472,226606,0,0,0,0,EXP001_W001_normal.csv
2026-08-23T11:30:53.500,265,EXP001,W001,normal,0.9985,27.4,1200.0,0.44,27.27,47.8,90.2,7129.41,773.65,0.0,9.2,726.18,0.0,0.1056,88.9,0.0016,0.0013,80487,226621,0,0,0,0,EXP001_W001_normal.csv
2026-08-23T11:30:54.509,266,EXP001,W001,normal,1.0093,46.9,1200.0,0.44,46.44,66.2,90.0,7115.02,788.03,0.0,9.2,726.18,0.0116,0.0077,88.9,3.6046,0.0379,80862,229592,0,0,0,0,EXP001_W001_normal.csv
2026-08-23T11:30:55.501,267,EXP001,W001,normal,0.9923,21.3,1200.0,0.41,21.2,49.3,90.1,7121.76,781.29,0.0,9.2,726.18,0.1811,0.126,88.9,0.001,0.0006,80869,229601,0,0,0,0,EXP001_W001_normal.csv
2026-08-23T11:30:56.496,268,EXP001,W001,normal,0.9945,32.0,1200.0,0.41,31.82,56.1,90.1,7121.66,781.4,0.0,9.2,726.18,0.1571,0.0275,88.9,0.0018,0.0033,80883,229613,0,0,0,0,EXP001_W001_normal.csv
2026-08-23T11:30:57.500,269,EXP001,W001,normal,1.0046,44.4,1200.0,0.41,43.88,74.6,90.3,7136.04,767.02,0.0,9.2,726.18,0.1541,0.1866,88.9,0.0016,0.0013,80897,229629,0,0,0,0,EXP001_W001_normal.csv
2026-08-23T11:30:58.505,270,EXP001,W001,normal,1.0049,45.6,1200.0,0.41,45.3,61.5,90.3,7136.81,766.25,0.0,9.2,726.18,0.1516,0.0777,88.9,0.0012,0.0013,80912,229641,0,0,0,0,EXP001_W001_normal.csv
2026-08-23T11:30:59.505,271,EXP001,W001,normal,1.0,42.1,1200.0,0.41,41.73,62.7,90.3,7137.21,765.84,0.0,9.2,726.18,0.0312,0.0078,88.9,0.0012,0.0006,80919,229653,0,0,0,0,EXP001_W001_normal.csv
2026-08-23T11:31:00.506,272,EXP001,W001,normal,1.0008,50.4,1200.0,0.7,50.26,71.4,90.6,7156.63,746.43,0.0,9.2,726.18,0.0,0.0156,88.9,0.0381,0.0085,80950,229697,0,0,0,0,EXP001_W001_normal.csv
2026-08-23T11:31:01.503,273,EXP001,W001,normal,0.9966,56.4,1200.0,0.7,56.31,72.3,90.7,7170.91,732.15,0.0,9.2,726.18,0.1685,0.1921,88.9,1.9093,0.037,81166,231250,0,0,0,0,EXP001_W001_normal.csv
2026-08-23T11:31:02.507,274,EXP001,W001,normal,1.0047,33.1,1200.0,0.7,32.83,69.3,90.7,7171.02,732.03,0.0,9.2,726.18,0.0,0.07,88.9,0.0351,0.0015,81182,231265,0,0,0,0,EXP001_W001_normal.csv
2026-08-23T11:31:03.501,275,EXP001,W001,normal,0.9933,56.0,1200.0,0.7,55.42,72.3,90.8,7178.36,724.7,0.0,9.2,726.18,0.4522,0.0039,88.9,0.5577,0.0095,81265,231834,0,0,0,0,EXP001_W001_normal.csv
2026-08-23T11:31:04.512,276,EXP001,W001,normal,1.0109,60.3,1200.0,0.7,60.04,76.7,91.0,7188.35,714.7,0.0,9.2,726.18,0.1193,0.085,88.9,0.1374,0.007,81287,231870,0,0,0,0,EXP001_W001_normal.csv
2026-08-23T11:31:05.510,277,EXP001,W001,normal,0.9984,51.4,1200.0,1.04,51.26,75.4,91.1,7196.26,706.8,0.0,9.2,726.18,0.0548,0.2621,88.9,3.931,0.0485,81695,235082,0,0,0,0,EXP001_W001_normal.csv
2026-08-23T11:31:06.507,278,EXP001,W001,normal,0.997,53.2,1200.0,1.04,53.21,68.7,92.4,7305.19,597.86,0.0,9.1,726.05,0.6935,0.1254,88.9,0.0027,0.0038,81714,235101,0,0,0,0,EXP001_W001_normal.csv
2026-08-23T11:31:07.495,279,EXP001,W001,normal,0.9886,35.0,1200.0,1.04,34.77,55.1,92.4,7302.77,600.29,0.0,9.1,726.05,0.0948,0.0277,88.9,0.0078,0.0066,81736,235127,0,0,0,0,EXP001_W001_normal.csv
2026-08-23T11:31:08.501,280,EXP001,W001,normal,1.0056,39.6,1200.0,1.04,39.49,52.9,92.4,7304.4,598.66,0.0,9.1,726.05,0.0078,0.2836,88.9,0.0008,0.0007,81744,235135,0,0,0,0,EXP001_W001_normal.csv
2026-08-23T11:31:09.503,281,EXP001,W001,normal,1.0018,27.8,1200.0,1.04,27.61,43.9,92.5,7307.08,595.98,0.0,9.1,726.05,0.0624,0.2145,88.9,0.8366,0.0126,81859,235946,0,0,0,0,EXP001_W001_normal.csv
2026-08-23T11:31:10.486,282,EXP001,W001,normal,0.9828,25.4,1200.0,0.96,24.79,50.7,92.1,7280.9,622.16,0.0,9.1,726.05,0.0676,0.1431,88.9,0.9511,0.0161,81968,236606,0,0,0,0,EXP001_W001_normal.csv
2026-08-23T11:31:11.516,283,EXP001,W001,normal,1.0303,26.6,1200.0,0.96,26.76,50.0,92.0,7273.51,629.55,0.0,9.1,726.05,0.0303,0.0227,88.9,0.0011,0.0017,81980,236615,0,0,0,0,EXP001_W001_normal.csv
2026-08-23T11:31:12.506,284,EXP001,W001,normal,0.9902,37.4,1200.0,0.96,37.02,52.3,92.0,7271.35,631.71,0.0,9.1,726.05,3.0493,0.0197,88.9,0.001,0.0007,81987,236623,0,0,0,0,EXP001_W001_normal.csv
2026-08-23T11:31:13.506,285,EXP001,W001,normal,1.0,30.9,1200.0,0.96,30.25,51.4,92.0,7268.95,634.1,0.0,9.1,726.05,0.2656,0.0039,88.9,0.0032,0.0014,82001,236646,0,0,0,0,EXP001_W001_normal.csv
2026-08-23T11:31:14.510,286,EXP001,W001,normal,1.0043,26.9,1200.0,0.96,26.51,44.1,92.0,7267.45,635.61,0.0,9.1,726.05,0.0622,0.0039,88.9,0.0015,0.0025,82015,236659,0,0,0,0,EXP001_W001_normal.csv
2026-08-23T11:31:15.485,287,EXP001,W001,normal,0.9746,48.7,1200.0,1.68,48.71,67.2,92.1,7277.34,625.71,0.0,9.1,726.05,1.038,0.0481,88.9,2.0108,0.0339,82249,238268,0,0,0,0,EXP001_W001_normal.csv
2026-08-23T11:31:16.493,288,EXP001,W001,normal,1.0081,34.9,1200.0,1.68,34.42,58.8,92.2,7284.81,618.25,0.0,9.1,726.05,0.1744,0.2596,88.9,0.0045,0.0012,82257,238284,0,0,0,0,EXP001_W001_normal.csv
2026-08-23T11:31:17.492,289,EXP001,W001,normal,0.9989,74.7,1200.0,1.68,74.71,87.7,92.4,7302.04,601.01,0.0,9.1,725.68,1.31,0.0978,88.9,0.0051,0.0536,82322,238313,0,0,0,0,EXP001_W001_normal.csv
2026-08-23T11:31:18.507,290,EXP001,W001,normal,1.0145,73.3,1200.0,1.68,73.45,84.5,92.5,7311.85,591.21,0.0,9.1,725.68,0.1001,0.154,88.9,0.0084,0.0106,82348,238346,0,0,0,0,EXP001_W001_normal.csv
2026-08-23T11:31:19.505,291,EXP001,W001,normal,0.9983,44.4,1200.0,1.68,43.46,68.1,92.5,7307.37,595.69,0.0,9.1,725.68,0.5909,0.0039,88.9,0.0013,0.0032,82360,238355,0,0,0,0,EXP001_W001_normal.csv
2026-08-23T11:31:20.502,292,EXP001,W001,normal,0.9966,49.2,1200.0,1.63,48.9,77.1,92.5,7308.73,594.32,0.0,9.1,725.68,0.1097,0.2704,88.9,2.5449,0.0343,82643,240431,0,0,0,0,EXP001_W001_normal.csv
2026-08-23T11:31:21.499,293,EXP001,W001,normal,0.997,46.8,1200.0,1.63,46.58,65.2,92.5,7312.6,590.46,0.0,9.1,725.68,0.0157,0.1019,88.9,0.0011,0.0009,82652,240440,0,0,0,0,EXP001_W001_normal.csv
2026-08-23T11:31:22.494,294,EXP001,W001,normal,0.9955,60.7,1200.0,1.63,60.19,77.0,92.8,7336.74,566.31,0.0,9.1,725.55,0.4669,0.0275,88.9,0.0015,0.0015,82665,240453,0,0,0,0,EXP001_W001_normal.csv
2026-08-23T11:31:23.561,295,EXP001,W001,normal,1.0665,45.7,1200.0,1.63,45.31,74.0,92.6,7314.81,588.24,0.0,9.1,725.55,0.0,0.0073,88.9,0.001,0.0011,82678,240463,0,0,0,0,EXP001_W001_normal.csv
2026-08-23T11:31:24.508,296,EXP001,W001,normal,0.9469,52.6,1200.0,1.63,52.44,68.2,92.6,7314.3,588.76,0.0,9.1,725.55,0.066,0.1568,88.9,0.7963,0.0119,82787,241263,0,0,0,0,EXP001_W001_normal.csv
2026-08-23T11:31:25.486,297,EXP001,W001,normal,0.978,34.8,1200.0,1.5,33.81,59.2,92.5,7307.05,596.0,0.0,9.1,725.55,0.1014,0.1318,88.9,1.0697,0.017,82897,241951,0,0,0,0,EXP001_W001_normal.csv
2026-08-23T11:31:26.505,298,EXP001,W001,normal,1.0199,41.9,1200.0,1.5,41.7,64.8,92.6,7315.94,587.11,0.0,9.1,725.55,0.2221,0.2068,88.9,0.0009,0.001,82908,241959,0,0,0,0,EXP001_W001_normal.csv
2026-08-23T11:31:27.497,299,EXP001,W001,normal,0.9916,62.1,1200.0,1.5,62.08,72.7,92.7,7325.24,577.81,0.0,9.1,725.55,0.7499,0.4112,88.9,0.0929,0.0204,82967,242074,0,0,0,0,EXP001_W001_normal.csv
2026-08-23T11:31:28.494,300,EXP001,W001,normal,0.9965,54.6,1200.0,1.5,54.09,71.4,92.7,7328.32,574.73,0.0,9.1,725.55,0.0269,0.417,88.9,0.0046,0.0032,82982,242095,0,0,0,0,EXP001_W001_normal.csv
2026-08-23T12:50:07.996,1,EXP001,W002,cpu_intensive,0.0849,31.4,2000.0,0.0,34.97,100.0,71.3,11467.46,4609.41,0.0,5.0,80.19,0.2301,2.2093,99.9,0.197,0.0,3354690,5625579,0,0,0,0,EXP001_W002_cpu_intensive.csv
2026-08-23T12:50:08.937,2,EXP001,W002,cpu_intensive,0.9415,41.1,1520.0,0.0,41.07,70.0,71.4,11473.0,4603.86,0.0,5.0,80.19,0.0,0.166,99.9,0.0197,0.0002,3354694,5625665,0,0,0,0,EXP001_W002_cpu_intensive.csv
2026-08-23T12:50:09.940,3,EXP001,W002,cpu_intensive,1.0027,28.8,2000.0,0.0,28.26,65.3,71.3,11467.52,4609.35,0.0,5.0,80.19,0.0,0.0857,99.9,0.042,0.0038,3354715,5625848,0,0,0,0,EXP001_W002_cpu_intensive.csv
2026-08-23T12:50:10.942,4,EXP001,W002,cpu_intensive,1.0022,28.7,2000.0,0.0,28.35,71.9,71.7,11533.24,4543.62,0.0,5.0,80.19,0.0,0.1481,99.9,0.1342,0.0463,3354820,5626143,0,0,0,0,EXP001_W002_cpu_intensive.csv
2026-08-23T12:50:11.943,5,EXP001,W002,cpu_intensive,1.0007,30.1,2000.0,0.0,29.9,70.8,71.7,11524.28,4552.59,0.0,5.0,80.19,0.0,0.1327,99.9,0.1632,0.0446,3354979,5626512,0,0,0,0,EXP001_W002_cpu_intensive.csv
2026-08-23T12:50:12.950,6,EXP001,W002,cpu_intensive,1.007,21.6,2000.0,0.0,21.3,56.1,71.8,11539.54,4537.32,0.0,5.0,80.19,0.0,0.159,99.9,0.0652,0.0089,3355024,5626760,0,0,0,0,EXP001_W002_cpu_intensive.csv
2026-08-23T12:50:13.939,7,EXP001,W002,cpu_intensive,0.989,47.2,2000.0,0.0,46.94,70.8,72.1,11599.32,4477.54,0.0,5.0,80.19,0.0,0.0592,99.9,0.063,0.0001,3355026,5626956,0,0,0,0,EXP001_W002_cpu_intensive.csv
2026-08-23T12:50:14.947,8,EXP001,W002,cpu_intensive,1.0085,47.6,2000.0,0.0,47.21,70.3,72.8,11698.16,4378.7,0.0,5.0,80.19,0.0,0.1046,99.9,0.0365,0.0002,3355029,5627122,0,0,0,0,EXP001_W002_cpu_intensive.csv
2026-08-23T12:50:15.954,9,EXP001,W002,cpu_intensive,1.0066,33.1,2000.0,0.0,32.98,56.1,72.7,11684.69,4392.18,0.0,5.0,80.19,0.0,0.0039,99.9,0.0232,0.0002,3355031,5627242,0,0,0,0,EXP001_W002_cpu_intensive.csv
2026-08-23T12:50:16.928,10,EXP001,W002,cpu_intensive,0.9738,31.0,2000.0,0.0,30.49,62.1,72.6,11678.35,4398.52,0.0,5.0,80.19,0.0,0.3249,99.9,0.0583,0.001,3355040,5627475,0,0,0,0,EXP001_W002_cpu_intensive.csv
2026-08-23T12:50:17.939,11,EXP001,W002,cpu_intensive,1.0115,30.4,2000.0,0.0,30.37,68.1,72.5,11663.67,4413.2,0.0,5.0,80.19,0.0,0.2278,99.9,0.1048,0.0175,3355065,5627788,0,0,0,0,EXP001_W002_cpu_intensive.csv
2026-08-23T12:50:18.946,12,EXP001,W002,cpu_intensive,1.0064,38.5,2000.0,0.08,38.18,61.5,72.5,11656.03,4420.84,0.0,5.0,80.19,0.0311,0.1591,99.9,0.0567,0.0031,3355089,5627976,0,0,0,0,EXP001_W002_cpu_intensive.csv
2026-08-23T12:50:19.948,13,EXP001,W002,cpu_intensive,1.0022,37.8,1520.0,0.08,37.67,60.6,72.5,11658.86,4418.01,0.0,5.0,80.19,0.0,0.0195,99.9,0.0958,0.078,3355152,5628199,0,0,0,0,EXP001_W002_cpu_intensive.csv
2026-08-23T12:50:20.950,14,EXP001,W002,cpu_intensive,1.0022,31.0,1520.0,0.08,30.87,69.2,72.5,11662.68,4414.19,0.0,5.0,80.19,0.3742,0.0468,99.9,0.0329,0.0326,3355174,5628331,0,0,0,0,EXP001_W002_cpu_intensive.csv
2026-08-23T12:50:21.941,15,EXP001,W002,cpu_intensive,0.9912,43.2,2000.0,0.08,42.89,73.5,72.5,11659.09,4417.78,0.0,5.0,80.19,0.0,0.0236,99.9,0.0578,0.0212,3355191,5628575,0,0,0,0,EXP001_W002_cpu_intensive.csv
2026-08-23T12:50:22.949,16,EXP001,W002,cpu_intensive,1.0073,56.1,1520.0,0.08,56.02,85.9,72.3,11629.33,4447.54,0.0,5.0,80.19,0.0698,0.1512,99.9,0.0287,0.0006,3355199,5628683,0,0,0,0,EXP001_W002_cpu_intensive.csv
2026-08-23T12:50:23.943,17,EXP001,W002,cpu_intensive,0.9945,42.6,1520.0,0.15,42.68,70.8,72.4,11638.09,4438.78,0.0,5.0,80.19,0.1257,0.1885,99.9,0.0289,0.0209,3355213,5628842,0,0,0,0,EXP001_W002_cpu_intensive.csv
2026-08-23T12:50:24.944,18,EXP001,W002,cpu_intensive,1.0005,43.1,2000.0,0.15,42.96,66.7,71.7,11531.32,4545.55,0.0,5.0,80.19,0.0,0.1093,99.9,0.0586,0.0342,3355232,5629030,0,0,0,0,EXP001_W002_cpu_intensive.csv
2026-08-23T12:50:25.947,19,EXP001,W002,cpu_intensive,1.0038,32.3,2000.0,0.15,32.07,72.7,71.7,11527.19,4549.68,0.0,5.0,80.19,0.0,0.3347,99.9,0.0896,0.0102,3355253,5629313,0,0,0,0,EXP001_W002_cpu_intensive.csv
2026-08-23T12:50:26.941,20,EXP001,W002,cpu_intensive,0.9931,35.5,2000.0,0.15,35.24,74.2,71.7,11523.2,4553.67,0.0,5.0,80.19,0.0,0.0,99.9,0.0279,0.0006,3355261,5629437,0,0,0,0,EXP001_W002_cpu_intensive.csv
2026-08-23T12:50:27.948,21,EXP001,W002,cpu_intensive,1.0076,36.4,2000.0,0.15,36.27,70.8,71.7,11523.55,4553.31,0.0,5.0,80.19,0.0,0.0426,99.9,0.0455,0.0203,3355271,5629637,0,0,0,0,EXP001_W002_cpu_intensive.csv
2026-08-23T12:50:28.945,22,EXP001,W002,cpu_intensive,0.9966,31.9,2000.0,0.14,31.75,60.6,71.7,11521.97,4554.9,0.0,5.0,80.19,0.0,0.1685,99.9,0.0416,0.0321,3355298,5629845,0,0,0,0,EXP001_W002_cpu_intensive.csv
2026-08-23T12:50:29.948,23,EXP001,W002,cpu_intensive,1.0036,52.0,1520.0,0.14,51.91,75.0,71.9,11559.66,4517.21,0.0,5.0,80.19,0.0311,0.0195,99.9,0.1217,0.096,3355363,5630183,0,0,0,0,EXP001_W002_cpu_intensive.csv
2026-08-23T12:50:30.935,24,EXP001,W002,cpu_intensive,0.987,41.3,1520.0,0.14,41.32,73.0,71.9,11557.71,4519.15,0.0,5.0,80.19,0.0,0.0356,99.9,0.0638,0.0006,3355373,5630313,0,0,0,0,EXP001_W002_cpu_intensive.csv
2026-08-23T12:50:31.945,25,EXP001,W002,cpu_intensive,1.0092,28.8,1520.0,0.14,28.75,60.6,71.9,11557.61,4519.26,0.0,5.0,80.19,0.0,0.0077,99.9,0.049,0.0312,3355386,5630486,0,0,0,0,EXP001_W002_cpu_intensive.csv
2026-08-23T12:50:32.936,26,EXP001,W002,cpu_intensive,0.9918,34.9,2000.0,0.14,34.76,71.9,71.9,11551.6,4525.27,0.0,5.0,80.19,0.0473,0.0276,99.9,0.0216,0.0202,3355404,5630600,0,0,0,0,EXP001_W002_cpu_intensive.csv
2026-08-23T12:50:33.939,27,EXP001,W002,cpu_intensive,1.0031,22.0,2000.0,0.13,21.57,49.2,71.8,11550.05,4526.82,0.0,5.0,80.19,0.0,0.0,99.9,0.0401,0.0175,3355430,5630774,0,0,0,0,EXP001_W002_cpu_intensive.csv
2026-08-23T12:50:34.940,28,EXP001,W002,cpu_intensive,1.001,27.6,2000.0,0.13,27.39,61.4,71.8,11537.84,4539.03,0.0,5.0,80.19,0.0,0.0156,99.9,0.0435,0.0238,3355455,5630897,0,0,0,0,EXP001_W002_cpu_intensive.csv
2026-08-23T12:50:35.944,29,EXP001,W002,cpu_intensive,1.0031,26.9,2000.0,0.13,26.64,69.2,71.7,11532.31,4544.56,0.0,5.0,80.19,0.0,0.0506,99.9,0.0328,0.0492,3355465,5631097,0,0,0,0,EXP001_W002_cpu_intensive.csv
2026-08-23T12:50:36.949,30,EXP001,W002,cpu_intensive,1.0054,33.0,2000.0,0.13,32.62,70.3,71.8,11536.46,4540.4,0.0,5.0,80.19,0.0,0.0039,99.9,0.0297,0.0003,3355470,5631256,0,0,0,0,EXP001_W002_cpu_intensive.csv
2026-08-23T12:50:37.950,31,EXP001,W002,cpu_intensive,1.0013,20.8,2000.0,0.13,20.78,50.0,71.7,11534.46,4542.41,0.0,5.0,80.19,0.0,0.0,99.9,0.0199,0.0092,3355474,5631339,0,0,0,0,EXP001_W002_cpu_intensive.csv
2026-08-23T12:50:38.936,32,EXP001,W002,cpu_intensive,0.986,21.4,2000.0,0.12,21.32,76.6,71.7,11523.66,4553.2,0.0,5.0,80.19,0.0,0.004,99.9,0.0114,0.0001,3355476,5631418,0,0,0,0,EXP001_W002_cpu_intensive.csv
2026-08-23T12:50:39.939,33,EXP001,W002,cpu_intensive,1.0029,20.7,1520.0,0.12,20.48,80.3,71.7,11521.36,4555.51,0.0,5.0,80.19,0.0,0.1168,99.9,0.0083,0.0002,3355478,5631495,0,0,0,0,EXP001_W002_cpu_intensive.csv
2026-08-23T12:50:40.943,34,EXP001,W002,cpu_intensive,1.0036,19.6,1520.0,0.12,19.65,73.4,71.7,11522.87,4554.0,0.0,5.0,80.19,0.0,0.1051,99.9,0.0167,0.0001,3355479,5631601,0,0,0,0,EXP001_W002_cpu_intensive.csv
2026-08-23T12:50:41.951,35,EXP001,W002,cpu_intensive,1.0084,20.6,1520.0,0.12,20.59,75.0,71.7,11519.64,4557.23,0.0,5.0,80.19,0.0,0.0,99.9,0.0052,0.0001,3355480,5631671,0,0,0,0,EXP001_W002_cpu_intensive.csv
2026-08-23T12:50:42.938,36,EXP001,W002,cpu_intensive,0.9864,22.2,1520.0,0.12,22.17,50.8,71.6,11509.56,4567.3,0.0,5.0,80.19,0.0,3.7224,99.9,0.0156,0.0001,3355482,5631761,0,0,0,0,EXP001_W002_cpu_intensive.csv
2026-08-23T12:50:43.945,37,EXP001,W002,cpu_intensive,1.0074,20.2,2000.0,0.11,20.13,67.2,71.6,11509.16,4567.71,0.0,5.0,80.19,0.0,0.0194,99.9,0.0316,0.0385,3355493,5631935,0,0,0,0,EXP001_W002_cpu_intensive.csv
2026-08-23T12:50:44.941,38,EXP001,W002,cpu_intensive,0.996,20.1,2000.0,0.11,20.0,53.1,71.6,11511.55,4565.32,0.0,5.0,80.19,0.0,0.0588,99.9,0.0193,0.0002,3355497,5632073,0,0,0,0,EXP001_W002_cpu_intensive.csv
2026-08-23T12:50:45.952,39,EXP001,W002,cpu_intensive,1.0113,25.0,2000.0,0.11,24.84,52.9,71.5,11501.84,4575.03,0.0,5.0,80.19,0.0,0.0348,99.9,0.015,0.0057,3355510,5632177,0,0,0,0,EXP001_W002_cpu_intensive.csv
2026-08-23T12:50:46.940,40,EXP001,W002,cpu_intensive,0.9874,29.4,1520.0,0.11,29.07,67.7,71.6,11509.27,4567.6,0.0,5.0,80.19,0.0,0.0158,99.9,0.0762,0.0086,3355525,5632393,0,0,0,0,EXP001_W002_cpu_intensive.csv
2026-08-23T12:50:47.949,41,EXP001,W002,cpu_intensive,1.0095,40.2,2000.0,0.11,39.94,75.4,71.6,11503.8,4573.06,0.0,5.0,80.19,0.0,0.1161,99.9,0.0158,0.0006,3355532,5632473,0,0,0,0,EXP001_W002_cpu_intensive.csv
2026-08-23T12:50:48.949,42,EXP001,W002,cpu_intensive,0.9997,41.9,1520.0,0.1,41.8,72.7,71.7,11529.13,4547.73,0.0,5.0,80.19,0.0,0.0664,99.9,0.0322,0.0138,3355543,5632652,0,0,0,0,EXP001_W002_cpu_intensive.csv
2026-08-23T12:50:49.934,43,EXP001,W002,cpu_intensive,0.9854,26.0,2000.0,0.1,25.74,58.2,71.7,11531.82,4545.05,0.0,5.0,80.19,0.0,0.115,99.9,0.0213,0.0017,3355548,5632759,0,0,0,0,EXP001_W002_cpu_intensive.csv
2026-08-23T12:50:50.940,44,EXP001,W002,cpu_intensive,1.0059,28.5,1520.0,0.1,28.32,62.7,71.7,11529.6,4547.27,0.0,5.0,80.19,0.0,0.066,99.9,0.0153,0.0002,3355551,5632858,0,0,0,0,EXP001_W002_cpu_intensive.csv
2026-08-23T12:50:51.943,45,EXP001,W002,cpu_intensive,1.0028,26.4,2000.0,0.1,26.29,56.7,71.7,11528.45,4548.42,0.0,5.0,80.19,0.0,0.039,99.9,0.0273,0.0002,3355553,5633003,0,0,0,0,EXP001_W002_cpu_intensive.csv
2026-08-23T12:50:52.940,46,EXP001,W002,cpu_intensive,0.9972,31.6,1520.0,0.1,31.26,81.8,71.7,11530.14,4546.73,0.0,5.0,80.19,0.1919,0.1567,99.9,0.0231,0.0002,3355556,5633176,0,0,0,0,EXP001_W002_cpu_intensive.csv
2026-08-23T12:50:53.945,47,EXP001,W002,cpu_intensive,1.0051,34.5,1520.0,0.09,34.29,89.6,71.7,11532.86,4544.01,0.0,5.0,80.19,0.0622,0.1166,99.9,0.0597,0.0003,3355561,5633424,0,0,0,0,EXP001_W002_cpu_intensive.csv
2026-08-23T12:50:54.942,48,EXP001,W002,cpu_intensive,0.9973,24.9,1520.0,0.09,24.48,64.7,71.6,11517.48,4559.39,0.0,5.0,80.19,0.0,0.0509,99.9,0.0326,0.0,3355563,5633562,0,0,0,0,EXP001_W002_cpu_intensive.csv
2026-08-23T12:50:55.942,49,EXP001,W002,cpu_intensive,0.9996,23.9,1520.0,0.09,23.68,54.5,71.6,11512.64,4564.22,0.0,5.0,80.19,0.0,0.7738,99.9,0.036,0.02,3355572,5633742,0,0,0,0,EXP001_W002_cpu_intensive.csv
2026-08-23T12:50:56.944,50,EXP001,W002,cpu_intensive,1.0023,25.3,1520.0,0.09,25.12,57.6,71.7,11520.96,4555.9,0.0,5.0,80.19,0.0,0.0,99.9,0.0223,0.0002,3355575,5633865,0,0,0,0,EXP001_W002_cpu_intensive.csv
2026-08-23T12:50:57.943,51,EXP001,W002,cpu_intensive,0.9984,26.8,1520.0,0.09,26.56,54.9,71.6,11515.18,4561.69,0.0,5.0,80.19,0.0,0.0743,99.9,0.0348,0.0001,3355576,5634032,0,0,0,0,EXP001_W002_cpu_intensive.csv
2026-08-23T12:50:58.941,52,EXP001,W002,cpu_intensive,0.9987,35.1,2000.0,0.65,34.91,84.6,72.7,11693.02,4383.84,0.0,5.0,80.19,0.5501,0.5163,99.9,0.0316,0.0002,3355579,5634158,0,0,0,0,EXP001_W002_cpu_intensive.csv
2026-08-23T12:50:59.942,53,EXP001,W002,cpu_intensive,1.0006,23.3,2000.0,0.65,22.97,72.7,72.7,11688.75,4388.12,0.0,5.0,80.19,0.0234,0.1991,99.9,0.0313,0.0203,3355584,5634331,0,0,0,0,EXP001_W002_cpu_intensive.csv
2026-08-23T12:51:00.940,54,EXP001,W002,cpu_intensive,0.9983,27.0,2000.0,0.65,26.44,58.3,72.1,11594.06,4482.81,0.0,4.7,75.85,0.0822,24.1771,99.9,0.0366,0.0004,3355590,5634502,0,0,0,0,EXP001_W002_cpu_intensive.csv
2026-08-23T12:51:01.941,55,EXP001,W002,cpu_intensive,1.0005,24.8,2000.0,0.65,24.52,50.0,72.0,11581.26,4495.61,0.0,4.7,75.85,0.1742,1.0503,99.9,0.0388,0.0,3355590,5634661,0,0,0,0,EXP001_W002_cpu_intensive.csv
2026-08-23T12:51:02.944,56,EXP001,W002,cpu_intensive,1.0036,36.6,2000.0,0.65,36.32,70.3,72.0,11580.18,4496.69,0.0,4.7,75.85,0.0,0.397,99.9,0.0382,0.0039,3355603,5634856,0,0,0,0,EXP001_W002_cpu_intensive.csv
2026-08-23T12:51:03.949,57,EXP001,W002,cpu_intensive,1.0046,30.2,2000.0,0.59,29.88,69.2,72.0,11578.77,4498.1,0.0,4.7,75.85,0.0039,0.0117,99.9,0.0653,0.0595,3355645,5635162,0,0,0,0,EXP001_W002_cpu_intensive.csv
2026-08-23T12:51:04.939,58,EXP001,W002,cpu_intensive,0.99,35.0,2000.0,0.59,34.43,72.6,72.0,11581.47,4495.39,0.0,4.7,75.85,0.0,0.3117,99.9,0.0629,0.0966,3355707,5635410,0,0,0,0,EXP001_W002_cpu_intensive.csv
2026-08-23T12:51:05.943,59,EXP001,W002,cpu_intensive,1.0043,25.3,1520.0,0.59,25.09,48.5,72.1,11586.37,4490.5,0.0,4.7,75.85,0.0,0.14,99.9,0.0354,0.0015,3355710,5635609,0,0,0,0,EXP001_W002_cpu_intensive.csv
2026-08-23T12:51:06.939,60,EXP001,W002,cpu_intensive,0.9955,28.1,2000.0,0.59,27.78,54.3,72.0,11580.1,4496.77,0.0,4.7,75.85,0.0,0.0785,99.9,0.0279,0.0401,3355724,5635740,0,0,0,0,EXP001_W002_cpu_intensive.csv
2026-08-23T12:51:07.945,61,EXP001,W002,cpu_intensive,1.0058,30.3,1520.0,0.59,30.29,81.5,72.0,11576.66,4500.2,0.0,4.7,75.85,0.0005,0.0005,99.9,0.0556,0.0285,3355739,5635958,0,0,0,0,EXP001_W002_cpu_intensive.csv
2026-08-23T12:51:08.941,62,EXP001,W002,cpu_intensive,0.9966,29.5,2000.0,0.55,29.34,62.1,72.0,11579.04,4497.83,0.0,4.7,75.85,0.0,0.4155,99.9,0.0516,0.0027,3355761,5636077,0,0,0,0,EXP001_W002_cpu_intensive.csv
2026-08-23T12:51:09.940,63,EXP001,W002,cpu_intensive,0.9993,35.8,2000.0,0.55,35.47,80.0,72.0,11578.44,4498.43,0.0,4.7,75.85,0.0,0.1681,99.9,0.0567,0.0007,3355770,5636287,0,0,0,0,EXP001_W002_cpu_intensive.csv
2026-08-23T12:51:10.953,64,EXP001,W002,cpu_intensive,1.0125,28.2,2000.0,0.55,27.92,75.8,72.0,11576.93,4499.94,0.0,4.7,75.85,0.0,0.0579,99.9,0.0349,0.0014,3355776,5636436,0,0,0,0,EXP001_W002_cpu_intensive.csv
2026-08-23T12:51:11.939,65,EXP001,W002,cpu_intensive,0.9857,26.8,2000.0,0.55,26.4,78.8,72.0,11576.67,4500.2,0.0,4.7,75.85,0.0,0.0912,99.9,0.0353,0.0005,3355783,5636599,0,0,0,0,EXP001_W002_cpu_intensive.csv
2026-08-23T12:51:12.949,66,EXP001,W002,cpu_intensive,1.0104,29.0,1520.0,0.55,28.82,75.4,72.0,11570.08,4506.79,0.0,4.7,75.85,0.1817,0.2126,99.9,0.0251,0.0001,3355784,5636731,0,0,0,0,EXP001_W002_cpu_intensive.csv
2026-08-23T12:51:13.937,67,EXP001,W002,cpu_intensive,0.9879,33.9,2000.0,0.5,33.93,61.5,72.0,11570.25,4506.61,0.0,4.7,75.85,0.0,0.0079,99.9,0.0382,0.0007,3355791,5636892,0,0,0,0,EXP001_W002_cpu_intensive.csv
2026-08-23T12:51:14.941,68,EXP001,W002,cpu_intensive,1.0038,28.8,1520.0,0.5,28.35,54.4,72.0,11568.77,4508.1,0.0,4.7,75.85,0.0,0.1206,99.9,0.0257,0.0004,3355796,5637017,0,0,0,0,EXP001_W002_cpu_intensive.csv
2026-08-23T12:51:15.950,69,EXP001,W002,cpu_intensive,1.0098,29.3,2000.0,0.5,29.12,56.1,72.0,11572.9,4503.97,0.0,4.7,75.85,0.0,0.0077,99.9,0.0239,0.0002,3355799,5637130,0,0,0,0,EXP001_W002_cpu_intensive.csv
2026-08-23T12:51:16.948,70,EXP001,W002,cpu_intensive,0.9977,25.0,1520.0,0.5,24.88,60.9,72.0,11569.55,4507.32,0.0,4.7,75.85,0.0509,0.0117,99.9,0.0357,0.0004,3355805,5637264,0,0,0,0,EXP001_W002_cpu_intensive.csv
2026-08-23T12:51:17.943,71,EXP001,W002,cpu_intensive,0.9953,43.8,2000.0,0.5,43.7,81.2,72.0,11568.93,4507.94,0.0,4.7,75.85,0.0,0.0903,99.9,0.0353,0.0006,3355813,5637419,0,0,0,0,EXP001_W002_cpu_intensive.csv
2026-08-23T12:51:18.945,72,EXP001,W002,cpu_intensive,1.0015,31.4,1520.0,0.46,31.44,69.2,71.9,11560.52,4516.34,0.0,4.7,75.85,0.0,0.0,99.9,0.0336,0.0023,3355827,5637539,0,0,0,0,EXP001_W002_cpu_intensive.csv
2026-08-23T12:51:19.940,73,EXP001,W002,cpu_intensive,0.995,35.9,2000.0,0.46,35.63,65.2,71.9,11559.96,4516.9,0.0,4.7,75.85,0.0,0.0236,99.9,0.0258,0.0024,3355841,5637649,0,0,0,0,EXP001_W002_cpu_intensive.csv
2026-08-23T12:51:20.938,74,EXP001,W002,cpu_intensive,0.9977,33.0,2000.0,0.46,32.77,56.2,71.9,11556.62,4520.25,0.0,4.7,75.85,0.0,0.0117,99.9,0.0357,0.0213,3355859,5637834,0,0,0,0,EXP001_W002_cpu_intensive.csv
2026-08-23T12:51:21.948,75,EXP001,W002,cpu_intensive,1.0109,51.9,1520.0,0.46,51.97,73.4,72.0,11574.38,4502.49,0.0,4.7,75.85,0.0,0.0155,99.9,0.1014,0.1104,3355928,5638073,0,0,0,0,EXP001_W002_cpu_intensive.csv
2026-08-23T12:51:22.930,76,EXP001,W002,cpu_intensive,0.9818,47.9,2000.0,0.46,47.79,74.6,71.9,11560.86,4516.01,0.0,4.7,75.85,0.2268,0.0716,99.9,0.0554,0.0218,3355945,5638271,0,0,0,0,EXP001_W002_cpu_intensive.csv
2026-08-23T12:51:23.939,77,EXP001,W002,cpu_intensive,1.0084,37.9,2000.0,0.43,37.75,72.7,72.0,11571.38,4505.49,0.0,4.7,75.85,0.2983,0.244,99.9,0.0253,0.0002,3355948,5638375,0,0,0,0,EXP001_W002_cpu_intensive.csv
2026-08-23T12:51:24.939,78,EXP001,W002,cpu_intensive,1.0,43.2,2000.0,0.43,43.07,62.1,72.0,11573.81,4503.05,0.0,4.7,75.85,0.0,0.1602,99.9,0.0475,0.0393,3355970,5638576,0,0,0,0,EXP001_W002_cpu_intensive.csv
2026-08-23T12:51:25.942,79,EXP001,W002,cpu_intensive,1.003,35.8,2000.0,0.43,35.81,67.7,72.0,11575.64,4501.23,0.0,4.7,75.85,0.1207,1.0359,99.9,0.0569,0.0329,3356004,5638825,0,0,0,0,EXP001_W002_cpu_intensive.csv
2026-08-23T12:51:26.950,80,EXP001,W002,cpu_intensive,1.0088,25.1,2000.0,0.43,25.01,68.7,72.0,11568.64,4508.22,0.0,4.7,75.85,0.0,0.0,99.9,0.062,0.0136,3356016,5639072,0,0,0,0,EXP001_W002_cpu_intensive.csv
2026-08-23T12:51:27.944,81,EXP001,W002,cpu_intensive,0.994,22.9,2000.0,0.43,22.7,73.4,71.9,11554.88,4521.99,0.0,4.7,75.85,0.0,0.0432,99.9,0.0607,0.0009,3356030,5639244,0,0,0,0,EXP001_W002_cpu_intensive.csv
2026-08-23T12:51:28.937,82,EXP001,W002,cpu_intensive,0.9929,20.9,2000.0,0.39,21.18,51.6,71.8,11546.78,4530.09,0.0,4.7,75.85,0.0,0.0629,99.9,0.0311,0.0207,3356032,5639401,0,0,0,0,EXP001_W002_cpu_intensive.csv
2026-08-23T12:51:29.944,83,EXP001,W002,cpu_intensive,1.0065,34.2,1520.0,0.39,33.64,59.4,71.8,11547.29,4529.57,0.0,4.7,75.85,0.0,0.0155,99.9,0.0407,0.0001,3356033,5639586,0,0,0,0,EXP001_W002_cpu_intensive.csv
2026-08-23T12:51:30.941,84,EXP001,W002,cpu_intensive,0.9971,30.8,1520.0,0.39,30.61,56.7,71.8,11546.59,4530.28,0.0,4.7,75.85,0.0,0.0039,99.9,0.059,0.0002,3356037,5639859,0,0,0,0,EXP001_W002_cpu_intensive.csv
2026-08-23T12:51:31.937,85,EXP001,W002,cpu_intensive,0.9963,21.6,1520.0,0.39,21.57,60.0,71.7,11534.38,4542.49,0.0,4.7,75.85,0.0,0.0039,99.9,0.035,0.0,3356037,5640012,0,0,0,0,EXP001_W002_cpu_intensive.csv
2026-08-23T12:51:32.951,86,EXP001,W002,cpu_intensive,1.0137,28.7,2000.0,0.39,28.24,64.6,71.8,11535.89,4540.98,0.0,4.7,75.85,0.0,0.0385,99.9,0.0805,0.0002,3356040,5640302,0,0,0,0,EXP001_W002_cpu_intensive.csv
2026-08-23T12:51:33.935,87,EXP001,W002,cpu_intensive,0.9838,36.1,2000.0,0.36,35.94,64.2,72.0,11582.44,4494.43,0.0,4.7,75.85,0.0,0.0,99.9,0.0522,0.0324,3356059,5640483,0,0,0,0,EXP001_W002_cpu_intensive.csv
2026-08-23T12:51:34.938,88,EXP001,W002,cpu_intensive,1.0033,42.9,2000.0,0.36,42.54,72.5,72.1,11596.79,4480.08,0.0,4.7,75.85,0.0,0.218,99.9,0.0382,0.008,3356068,5640623,0,0,0,0,EXP001_W002_cpu_intensive.csv
2026-08-23T12:51:35.942,89,EXP001,W002,cpu_intensive,1.0039,32.6,2000.0,0.36,32.59,67.2,72.2,11603.04,4473.83,0.0,4.7,75.85,0.0,0.1595,99.9,0.0286,0.0001,3356069,5640757,0,0,0,0,EXP001_W002_cpu_intensive.csv
2026-08-23T12:51:36.942,90,EXP001,W002,cpu_intensive,0.9997,26.6,2000.0,0.36,26.37,63.8,72.2,11600.19,4476.68,0.0,4.7,75.85,0.0,0.0195,99.9,0.0646,0.003,3356077,5640981,0,0,0,0,EXP001_W002_cpu_intensive.csv
2026-08-23T12:51:37.928,91,EXP001,W002,cpu_intensive,0.9859,23.6,2000.0,0.36,23.18,65.6,72.2,11602.09,4474.77,0.0,4.7,75.85,0.0,0.0317,99.9,0.0228,0.0461,3356088,5641099,0,0,0,0,EXP001_W002_cpu_intensive.csv
2026-08-23T12:51:38.943,92,EXP001,W002,cpu_intensive,1.0159,43.6,2000.0,0.49,43.42,63.8,72.6,11669.07,4407.8,0.0,4.7,75.85,0.0187,0.1841,99.9,0.1113,0.1023,3356195,5641449,0,0,0,0,EXP001_W002_cpu_intensive.csv
2026-08-23T12:51:39.942,93,EXP001,W002,cpu_intensive,0.9984,36.7,2000.0,0.49,36.29,65.2,72.8,11709.25,4367.62,0.0,4.7,75.85,0.2592,0.6622,99.9,0.1009,0.0254,3356228,5641776,0,0,0,0,EXP001_W002_cpu_intensive.csv
2026-08-23T12:51:40.941,94,EXP001,W002,cpu_intensive,0.9992,25.4,1520.0,0.49,25.39,52.3,72.7,11681.16,4395.7,0.0,4.7,75.85,0.0,0.1251,99.9,0.0373,0.0017,3356230,5641922,0,0,0,0,EXP001_W002_cpu_intensive.csv
2026-08-23T12:51:41.946,95,EXP001,W002,cpu_intensive,1.0051,26.9,2000.0,0.49,26.47,80.6,72.6,11678.04,4398.83,0.0,4.7,75.85,0.4042,0.0,99.9,0.05,0.0043,3356248,5642106,0,0,0,0,EXP001_W002_cpu_intensive.csv
2026-08-23T12:51:42.936,96,EXP001,W002,cpu_intensive,0.9896,31.1,2000.0,0.49,30.64,70.6,72.7,11688.28,4388.59,0.0,4.7,75.85,0.5057,0.2886,99.9,0.0596,0.0172,3356306,5642348,0,0,0,0,EXP001_W002_cpu_intensive.csv
2026-08-23T12:51:43.955,97,EXP001,W002,cpu_intensive,1.0195,43.5,1520.0,0.77,42.84,92.8,72.8,11699.92,4376.95,0.0,4.7,75.85,5.0494,0.5402,99.9,0.0448,0.0109,3356333,5642561,0,0,0,0,EXP001_W002_cpu_intensive.csv
2026-08-23T12:51:44.951,98,EXP001,W002,cpu_intensive,0.9961,28.5,1520.0,0.77,28.37,75.0,72.8,11707.73,4369.14,0.0,4.7,75.85,1.1946,0.5686,99.9,0.1339,0.0243,3356410,5642835,0,0,0,0,EXP001_W002_cpu_intensive.csv
2026-08-23T12:51:45.944,99,EXP001,W002,cpu_intensive,0.9923,31.2,2000.0,0.77,30.54,74.6,72.9,11715.24,4361.62,0.0,4.7,75.85,0.0,0.0354,99.9,0.0282,0.0,3356410,5642995,0,0,0,0,EXP001_W002_cpu_intensive.csv
2026-08-23T12:51:46.939,100,EXP001,W002,cpu_intensive,0.9954,30.5,2000.0,0.77,30.13,56.5,72.8,11708.79,4368.08,0.0,4.7,75.85,0.0,0.1373,99.9,0.0214,0.0002,3356412,5643108,0,0,0,0,EXP001_W002_cpu_intensive.csv
2026-08-23T12:51:47.936,101,EXP001,W002,cpu_intensive,0.9967,21.2,2000.0,0.77,21.22,60.3,72.8,11705.19,4371.68,0.0,4.7,75.85,0.0,0.0666,99.9,0.0297,0.0001,3356413,5643258,0,0,0,0,EXP001_W002_cpu_intensive.csv
2026-08-23T12:51:48.952,102,EXP001,W002,cpu_intensive,1.0166,28.6,1520.0,0.71,28.09,71.2,72.8,11706.76,4370.11,0.0,4.7,75.85,0.0,0.05,99.9,0.0351,0.0028,3356419,5643440,0,0,0,0,EXP001_W002_cpu_intensive.csv
2026-08-23T12:51:49.928,103,EXP001,W002,cpu_intensive,0.9756,30.4,2000.0,0.71,30.07,65.1,72.9,11713.07,4363.79,0.0,4.7,75.85,0.0,0.1121,99.9,0.0297,0.0002,3356423,5643583,0,0,0,0,EXP001_W002_cpu_intensive.csv
2026-08-23T12:51:50.941,104,EXP001,W002,cpu_intensive,1.0134,18.5,2000.0,0.71,18.07,50.7,72.8,11707.91,4368.95,0.0,4.7,75.85,0.0,0.2197,99.9,0.0418,0.017,3356437,5643803,0,0,0,0,EXP001_W002_cpu_intensive.csv
2026-08-23T12:51:51.939,105,EXP001,W002,cpu_intensive,0.9973,30.1,2000.0,0.71,29.91,60.9,72.8,11705.84,4371.02,0.0,4.7,75.85,0.0,0.0627,99.9,0.0287,0.0004,3356440,5643929,0,0,0,0,EXP001_W002_cpu_intensive.csv
2026-08-23T12:51:52.942,106,EXP001,W002,cpu_intensive,1.003,40.4,1520.0,0.71,40.0,68.2,72.8,11704.81,4372.06,0.0,4.7,75.85,0.1597,0.0818,99.9,0.0256,0.0001,3356441,5644043,0,0,0,0,EXP001_W002_cpu_intensive.csv
2026-08-23T12:51:53.947,107,EXP001,W002,cpu_intensive,1.0051,33.3,2000.0,0.65,32.98,74.6,72.8,11710.2,4366.67,0.0,4.7,75.85,0.1477,0.3498,99.9,0.0437,0.0,3356441,5644251,0,0,0,0,EXP001_W002_cpu_intensive.csv
2026-08-23T12:51:54.941,108,EXP001,W002,cpu_intensive,0.9945,31.2,2000.0,0.65,30.78,71.2,72.8,11704.89,4371.98,0.0,4.7,75.85,0.0,0.6442,99.9,0.0487,0.0237,3356453,5644456,0,0,0,0,EXP001_W002_cpu_intensive.csv
2026-08-23T12:51:55.940,109,EXP001,W002,cpu_intensive,0.9983,28.0,2000.0,0.65,27.53,59.7,72.7,11695.62,4381.24,0.0,4.7,75.85,0.0,1.2991,99.9,0.0373,0.0,3356453,5644602,0,0,0,0,EXP001_W002_cpu_intensive.csv
2026-08-23T12:51:56.942,110,EXP001,W002,cpu_intensive,1.0021,21.9,1520.0,0.65,21.76,66.7,72.8,11698.69,4378.18,0.0,4.7,75.85,0.0,0.0,99.9,0.0379,0.0001,3356455,5644804,0,0,0,0,EXP001_W002_cpu_intensive.csv
2026-08-23T12:51:57.948,111,EXP001,W002,cpu_intensive,1.0064,19.8,2000.0,0.65,19.73,61.5,72.8,11697.97,4378.9,0.0,4.7,75.85,0.0,0.0466,99.9,0.0319,0.0026,3356457,5644927,0,0,0,0,EXP001_W002_cpu_intensive.csv
2026-08-23T12:51:58.952,112,EXP001,W002,cpu_intensive,1.0038,21.0,1520.0,0.6,20.9,60.0,72.8,11699.28,4377.59,0.0,4.7,75.85,0.0,0.0662,99.9,0.0171,0.0001,3356459,5645024,0,0,0,0,EXP001_W002_cpu_intensive.csv
2026-08-23T12:51:59.928,113,EXP001,W002,cpu_intensive,0.9759,15.3,2000.0,0.6,14.91,60.0,72.7,11695.28,4381.59,0.0,4.7,75.85,0.0,0.064,99.9,0.0326,0.0003,3356464,5645138,0,0,0,0,EXP001_W002_cpu_intensive.csv
2026-08-23T12:52:00.939,114,EXP001,W002,cpu_intensive,1.0108,13.2,2000.0,0.6,13.28,59.1,72.7,11689.09,4387.77,0.0,4.7,75.85,0.0,0.0541,99.9,0.0194,0.0002,3356467,5645276,0,0,0,0,EXP001_W002_cpu_intensive.csv
2026-08-23T12:52:01.946,115,EXP001,W002,cpu_intensive,1.0079,21.1,1520.0,0.6,21.2,78.1,72.7,11687.18,4389.69,0.0,4.7,75.85,0.0,0.0349,99.9,0.0331,0.0,3356467,5645408,0,0,0,0,EXP001_W002_cpu_intensive.csv
2026-08-23T12:52:02.939,116,EXP001,W002,cpu_intensive,0.9924,19.5,2000.0,0.6,19.34,70.3,72.7,11685.07,4391.79,0.0,4.7,75.85,0.0,0.1496,99.9,0.0247,0.0001,3356469,5645506,0,0,0,0,EXP001_W002_cpu_intensive.csv
2026-08-23T12:52:03.938,117,EXP001,W002,cpu_intensive,0.9988,18.9,1520.0,0.55,18.75,71.9,72.6,11678.82,4398.05,0.0,4.7,75.85,0.0,0.0,99.9,0.0469,0.0,3356469,5645698,0,0,0,0,EXP001_W002_cpu_intensive.csv
2026-08-23T12:52:04.928,118,EXP001,W002,cpu_intensive,0.9901,19.0,2000.0,0.55,18.73,53.1,72.9,11727.86,4349.0,0.0,4.7,75.85,0.0,0.3354,99.9,0.0299,0.0,3356469,5645854,0,0,0,0,EXP001_W002_cpu_intensive.csv
2026-08-23T12:52:05.945,119,EXP001,W002,cpu_intensive,1.0176,20.8,1520.0,0.55,20.83,43.9,72.4,11644.44,4432.43,0.0,4.7,75.85,0.0,0.0729,99.9,0.056,0.0064,3356479,5646097,0,0,0,0,EXP001_W002_cpu_intensive.csv
2026-08-23T12:52:06.944,120,EXP001,W002,cpu_intensive,0.9989,19.8,2000.0,0.55,19.68,67.7,72.4,11645.73,4431.13,0.0,4.7,75.85,0.0,0.0039,99.9,0.0417,0.0057,3356489,5646277,0,0,0,0,EXP001_W002_cpu_intensive.csv
2026-08-23T12:52:07.935,121,EXP001,W002,cpu_intensive,0.9902,19.2,2000.0,0.55,19.2,65.1,72.5,11653.91,4422.96,0.0,4.7,75.85,0.0,0.075,99.9,0.021,0.0001,3356490,5646374,0,0,0,0,EXP001_W002_cpu_intensive.csv
2026-08-23T12:52:08.936,122,EXP001,W002,cpu_intensive,1.0018,19.6,2000.0,0.51,19.51,55.4,72.5,11653.06,4423.8,0.0,4.7,75.85,0.0,0.5927,99.9,0.0461,0.0099,3356498,5646564,0,0,0,0,EXP001_W002_cpu_intensive.csv
2026-08-23T12:52:09.928,123,EXP001,W002,cpu_intensive,0.9914,17.3,2000.0,0.51,17.16,47.7,72.4,11646.41,4430.46,0.0,4.7,75.85,0.0,0.1734,99.9,0.0266,0.0002,3356500,5646704,0,0,0,0,EXP001_W002_cpu_intensive.csv
2026-08-23T12:52:10.940,124,EXP001,W002,cpu_intensive,1.0125,12.4,1520.0,0.51,12.33,55.2,72.4,11641.57,4435.3,0.0,4.7,75.85,0.0034,0.1389,99.9,0.0503,0.0002,3356503,5646950,0,0,0,0,EXP001_W002_cpu_intensive.csv
2026-08-23T12:52:11.936,125,EXP001,W002,cpu_intensive,0.9958,21.4,2000.0,0.51,21.53,68.3,72.4,11645.58,4431.29,0.0,4.7,75.85,0.0,0.0549,99.9,0.0692,0.0055,3356509,5647212,0,0,0,0,EXP001_W002_cpu_intensive.csv
2026-08-23T12:52:12.948,126,EXP001,W002,cpu_intensive,1.0125,24.9,2000.0,0.51,24.82,73.8,72.4,11645.73,4431.14,0.0,4.7,75.85,0.0,0.1543,99.9,0.0595,0.0052,3356521,5647461,0,0,0,0,EXP001_W002_cpu_intensive.csv
2026-08-23T12:52:13.943,127,EXP001,W002,cpu_intensive,0.9941,24.0,1520.0,0.47,23.75,71.2,72.1,11596.63,4480.24,0.0,4.7,75.85,0.0,0.275,99.9,0.025,0.0005,3356528,5647547,0,0,0,0,EXP001_W002_cpu_intensive.csv
2026-08-23T12:52:14.928,128,EXP001,W002,cpu_intensive,0.9853,16.5,1520.0,0.47,16.27,46.8,72.1,11593.58,4483.29,0.0,4.7,75.85,0.0,0.2062,99.9,0.0283,0.0,3356528,5647673,0,0,0,0,EXP001_W002_cpu_intensive.csv
2026-08-23T12:52:15.944,129,EXP001,W002,cpu_intensive,1.0159,12.9,2000.0,0.47,13.05,71.2,72.1,11590.25,4486.61,0.0,4.7,75.85,0.0255,0.0423,99.9,0.0264,0.0004,3356534,5647791,0,0,0,0,EXP001_W002_cpu_intensive.csv
2026-08-23T12:52:16.950,130,EXP001,W002,cpu_intensive,1.0066,19.4,2000.0,0.47,19.32,76.9,72.1,11594.5,4482.36,0.0,4.7,75.85,0.0,0.0621,99.9,0.0142,0.0,3356534,5647881,0,0,0,0,EXP001_W002_cpu_intensive.csv
2026-08-23T12:52:17.937,131,EXP001,W002,cpu_intensive,0.987,20.4,2000.0,0.47,20.24,72.3,72.1,11594.66,4482.21,0.0,4.7,75.85,0.0,0.0514,99.9,0.0521,0.0001,3356536,5648112,0,0,0,0,EXP001_W002_cpu_intensive.csv
2026-08-23T12:52:18.948,132,EXP001,W002,cpu_intensive,1.0103,20.0,1520.0,0.43,19.77,74.6,72.1,11593.96,4482.91,0.0,4.7,75.85,0.0,0.0,99.9,0.0422,0.0,3356536,5648301,0,0,0,0,EXP001_W002_cpu_intensive.csv
2026-08-23T12:52:19.929,133,EXP001,W002,cpu_intensive,0.9814,14.3,1520.0,0.43,14.15,43.8,72.1,11584.91,4491.95,0.0,4.7,75.85,0.0,0.0557,99.9,0.0534,0.0001,3356538,5648502,0,0,0,0,EXP001_W002_cpu_intensive.csv
2026-08-23T12:52:20.937,134,EXP001,W002,cpu_intensive,1.008,15.1,1520.0,0.43,14.76,51.4,72.2,11601.91,4474.96,0.0,4.7,75.85,0.0,0.0775,99.9,0.0203,0.0002,3356541,5648592,0,0,0,0,EXP001_W002_cpu_intensive.csv
2026-08-23T12:52:21.936,135,EXP001,W002,cpu_intensive,0.9988,26.3,2000.0,0.43,26.07,61.5,72.2,11605.55,4471.31,0.0,4.7,75.85,0.0,0.1643,99.9,0.0344,0.0,3356541,5648781,0,0,0,0,EXP001_W002_cpu_intensive.csv
2026-08-23T12:52:22.939,136,EXP001,W002,cpu_intensive,1.0031,28.1,2000.0,0.43,27.72,64.6,72.2,11605.18,4471.68,0.0,4.7,75.85,0.1791,0.2921,99.9,0.0467,0.0002,3356544,5648979,0,0,0,0,EXP001_W002_cpu_intensive.csv
2026-08-23T12:52:23.940,137,EXP001,W002,cpu_intensive,1.001,23.9,2000.0,0.4,23.72,67.2,72.2,11604.54,4472.32,0.0,4.7,75.85,0.1444,0.2224,99.9,0.0391,0.004,3356557,5649143,0,0,0,0,EXP001_W002_cpu_intensive.csv
2026-08-23T12:52:24.928,138,EXP001,W002,cpu_intensive,0.9876,17.1,2000.0,0.4,16.93,65.1,72.2,11602.41,4474.46,0.0,4.7,75.85,0.0,0.2334,99.9,0.0578,0.0001,3356558,5649367,0,0,0,0,EXP001_W002_cpu_intensive.csv
2026-08-23T12:52:25.940,139,EXP001,W002,cpu_intensive,1.0125,12.2,2000.0,0.4,12.25,41.5,72.1,11588.37,4488.5,0.0,4.7,75.85,0.0,0.4784,99.9,0.0279,0.0008,3356568,5649509,0,0,0,0,EXP001_W002_cpu_intensive.csv
2026-08-23T12:52:26.940,140,EXP001,W002,cpu_intensive,1.0002,21.0,1520.0,0.4,20.88,65.6,72.0,11569.7,4507.17,0.0,4.8,77.74,0.0,2.0151,99.9,0.0497,0.0015,3356574,5649707,0,0,0,0,EXP001_W002_cpu_intensive.csv
2026-08-23T12:52:27.936,141,EXP001,W002,cpu_intensive,0.9962,28.0,2000.0,0.4,27.99,62.5,71.6,11514.73,4562.14,0.0,5.1,82.54,0.0314,4.8545,99.9,0.043,0.021,3356587,5649892,0,0,0,0,EXP001_W002_cpu_intensive.csv
2026-08-23T12:52:28.935,142,EXP001,W002,cpu_intensive,0.9986,23.9,1520.0,0.36,23.75,64.6,71.6,11510.29,4566.57,0.0,5.1,82.54,0.0,0.0039,99.9,0.0446,0.0011,3356598,5650083,0,0,0,0,EXP001_W002_cpu_intensive.csv
2026-08-23T12:52:29.928,143,EXP001,W002,cpu_intensive,0.9927,20.4,2000.0,0.36,20.23,57.1,71.5,11498.79,4578.08,0.0,5.1,82.54,0.0,0.0,99.9,0.0268,0.0003,3356603,5650209,0,0,0,0,EXP001_W002_cpu_intensive.csv
2026-08-23T12:52:30.942,144,EXP001,W002,cpu_intensive,1.014,12.0,2000.0,0.36,11.91,44.1,71.6,11505.48,4571.38,0.0,5.1,82.54,0.0,0.0385,99.9,0.0316,0.0,3356603,5650349,0,0,0,0,EXP001_W002_cpu_intensive.csv
2026-08-23T12:52:31.952,145,EXP001,W002,cpu_intensive,1.01,19.9,2000.0,0.36,19.91,62.5,71.6,11510.84,4566.03,0.0,5.1,82.54,0.0,0.0155,99.9,0.0218,0.0003,3356607,5650475,0,0,0,0,EXP001_W002_cpu_intensive.csv
2026-08-23T12:52:32.940,146,EXP001,W002,cpu_intensive,0.988,20.1,2000.0,0.36,19.85,63.1,71.6,11512.06,4564.81,0.0,5.1,82.54,0.0,0.004,99.9,0.0262,0.0001,3356608,5650612,0,0,0,0,EXP001_W002_cpu_intensive.csv
2026-08-23T12:52:33.940,147,EXP001,W002,cpu_intensive,1.0008,21.9,2000.0,0.34,21.93,67.7,71.6,11512.19,4564.68,0.0,5.1,82.54,0.0,0.0,99.9,0.033,0.0001,3356610,5650814,0,0,0,0,EXP001_W002_cpu_intensive.csv
2026-08-23T12:52:34.928,148,EXP001,W002,cpu_intensive,0.9871,15.7,2000.0,0.34,15.73,48.4,71.6,11510.95,4565.91,0.0,5.1,82.54,0.0,0.0158,99.9,0.0376,0.0133,3356623,5650961,0,0,0,0,EXP001_W002_cpu_intensive.csv
2026-08-23T12:52:35.940,149,EXP001,W002,cpu_intensive,1.0127,15.8,2000.0,0.34,15.83,47.8,71.6,11509.69,4567.18,0.0,5.1,82.54,0.0,0.0771,99.9,0.025,0.0,3356623,5651118,0,0,0,0,EXP001_W002_cpu_intensive.csv
2026-08-23T12:52:36.938,150,EXP001,W002,cpu_intensive,0.9975,21.2,2000.0,0.34,21.08,66.7,71.6,11514.73,4562.14,0.0,5.1,82.54,0.0,0.0352,99.9,0.0408,0.0002,3356626,5651331,0,0,0,0,EXP001_W002_cpu_intensive.csv
2026-08-23T12:52:37.934,151,EXP001,W002,cpu_intensive,0.9957,19.6,2000.0,0.34,19.59,62.5,71.6,11515.73,4561.13,0.0,5.1,82.54,0.0,0.1295,99.9,0.0259,0.0,3356626,5651471,0,0,0,0,EXP001_W002_cpu_intensive.csv
2026-08-23T12:52:38.937,152,EXP001,W002,cpu_intensive,1.0036,19.7,2000.0,0.31,19.58,67.7,71.6,11514.91,4561.96,0.0,5.1,82.54,0.0,0.0156,99.9,0.0344,0.0,3356626,5651644,0,0,0,0,EXP001_W002_cpu_intensive.csv
2026-08-23T12:52:39.928,153,EXP001,W002,cpu_intensive,0.9909,14.8,2000.0,0.31,14.55,50.0,71.6,11510.67,4566.2,0.0,5.1,82.54,0.0079,0.0552,99.9,0.0114,0.0007,3356633,5651707,0,0,0,0,EXP001_W002_cpu_intensive.csv
2026-08-23T12:52:40.938,154,EXP001,W002,cpu_intensive,1.0096,11.0,1520.0,0.31,11.14,56.2,71.6,11506.87,4570.0,0.0,5.1,82.54,0.0,0.0232,99.9,0.0253,0.0001,3356634,5651820,0,0,0,0,EXP001_W002_cpu_intensive.csv
2026-08-23T12:52:41.942,155,EXP001,W002,cpu_intensive,1.0041,19.1,1520.0,0.31,19.22,72.3,71.6,11509.88,4566.99,0.0,5.1,82.54,0.0,0.0,99.9,0.0317,0.0001,3356635,5651954,0,0,0,0,EXP001_W002_cpu_intensive.csv
2026-08-23T12:52:42.941,156,EXP001,W002,cpu_intensive,0.9993,23.7,2000.0,0.31,23.65,62.5,71.6,11513.8,4563.06,0.0,5.1,82.54,0.0,0.0586,99.9,0.0199,0.0,3356635,5652070,0,0,0,0,EXP001_W002_cpu_intensive.csv
2026-08-23T12:52:43.940,157,EXP001,W002,cpu_intensive,0.9993,23.6,2000.0,0.28,23.43,63.1,71.6,11511.95,4564.92,0.0,5.1,82.54,0.0,0.0665,99.9,0.0501,0.0002,3356638,5652281,0,0,0,0,EXP001_W002_cpu_intensive.csv
2026-08-23T12:52:44.931,158,EXP001,W002,cpu_intensive,0.9911,14.2,1520.0,0.28,14.17,54.7,71.6,11509.46,4567.41,0.0,5.1,82.54,0.0,0.0,99.9,0.0254,0.0001,3356639,5652418,0,0,0,0,EXP001_W002_cpu_intensive.csv
2026-08-23T12:52:45.942,159,EXP001,W002,cpu_intensive,1.0102,12.4,1520.0,0.28,12.49,38.5,71.6,11511.45,4565.42,0.0,5.1,82.54,0.0,0.0387,99.9,0.0337,0.0067,3356653,5652568,0,0,0,0,EXP001_W002_cpu_intensive.csv
2026-08-23T12:52:46.942,160,EXP001,W002,cpu_intensive,1.0002,19.5,2000.0,0.28,19.38,67.7,71.6,11510.73,4566.13,0.0,5.1,82.54,0.0,0.0156,99.9,0.0146,0.0,3356653,5652659,0,0,0,0,EXP001_W002_cpu_intensive.csv
2026-08-23T12:52:47.942,161,EXP001,W002,cpu_intensive,1.0001,20.2,2000.0,0.28,20.18,60.9,71.6,11508.49,4568.38,0.0,5.1,82.54,0.0,0.0078,99.9,0.0265,0.0006,3356661,5652783,0,0,0,0,EXP001_W002_cpu_intensive.csv
2026-08-23T12:52:48.940,162,EXP001,W002,cpu_intensive,0.9982,21.0,2000.0,0.26,20.76,71.2,71.6,11507.61,4569.26,0.0,5.1,82.54,0.0,0.0,99.9,0.01,0.0002,3356665,5652834,0,0,0,0,EXP001_W002_cpu_intensive.csv
2026-08-23T12:52:49.928,163,EXP001,W002,cpu_intensive,0.9875,12.9,1520.0,0.26,12.69,62.5,71.5,11501.7,4575.16,0.0,5.1,82.54,0.0,0.0158,99.9,0.0268,0.0001,3356666,5652960,0,0,0,0,EXP001_W002_cpu_intensive.csv
2026-08-23T12:52:50.937,164,EXP001,W002,cpu_intensive,1.0098,13.1,2000.0,0.26,13.09,66.7,71.5,11497.13,4579.74,0.0,5.1,82.54,0.0,0.0426,99.9,0.0229,0.0001,3356667,5653081,0,0,0,0,EXP001_W002_cpu_intensive.csv
2026-08-23T12:52:51.938,165,EXP001,W002,cpu_intensive,1.0005,20.5,2000.0,0.26,20.38,70.3,71.6,11506.98,4569.89,0.0,5.1,82.54,0.0,0.0898,99.9,0.0365,0.0001,3356668,5653250,0,0,0,0,EXP001_W002_cpu_intensive.csv
2026-08-23T12:52:52.951,166,EXP001,W002,cpu_intensive,1.0134,25.7,2000.0,0.26,25.78,70.3,71.6,11508.11,4568.75,0.0,5.1,82.54,0.2852,0.1195,99.9,0.021,0.0,3356668,5653369,0,0,0,0,EXP001_W002_cpu_intensive.csv
2026-08-23T12:52:53.943,167,EXP001,W002,cpu_intensive,0.9921,25.4,1520.0,0.24,25.38,65.6,71.6,11505.7,4571.16,0.0,5.1,82.54,0.0827,0.2559,99.9,0.058,0.0001,3356669,5653582,0,0,0,0,EXP001_W002_cpu_intensive.csv
2026-08-23T12:52:54.927,168,EXP001,W002,cpu_intensive,0.984,16.5,1520.0,0.24,16.23,46.0,71.5,11500.23,4576.64,0.0,5.1,82.54,0.0,0.1469,99.9,0.0452,0.0001,3356671,5653779,0,0,0,0,EXP001_W002_cpu_intensive.csv
2026-08-23T12:52:55.940,169,EXP001,W002,cpu_intensive,1.013,19.2,2000.0,0.24,19.05,60.0,71.5,11501.46,4575.41,0.0,5.1,82.54,0.0,0.5514,99.9,0.0347,0.0002,3356674,5653933,0,0,0,0,EXP001_W002_cpu_intensive.csv
2026-08-23T12:52:56.946,170,EXP001,W002,cpu_intensive,1.0059,21.6,1520.0,0.24,21.45,69.1,71.6,11510.98,4565.89,0.0,5.1,82.54,0.0,0.0,99.9,0.0319,0.0,3356674,5654097,0,0,0,0,EXP001_W002_cpu_intensive.csv
2026-08-23T12:52:57.939,171,EXP001,W002,cpu_intensive,0.9927,19.4,2000.0,0.24,19.16,67.2,71.6,11507.25,4569.62,0.0,5.1,82.54,0.0,0.0039,99.9,0.0292,0.0,3356674,5654215,0,0,0,0,EXP001_W002_cpu_intensive.csv
2026-08-23T12:52:58.944,172,EXP001,W002,cpu_intensive,1.0054,20.7,2000.0,0.22,20.91,65.6,71.6,11512.29,4564.58,0.0,5.1,82.54,0.0,0.0039,99.9,0.0524,0.0134,3356694,5654416,0,0,0,0,EXP001_W002_cpu_intensive.csv
2026-08-23T12:52:59.928,173,EXP001,W002,cpu_intensive,0.9833,15.5,2000.0,0.22,15.21,52.3,71.6,11509.32,4567.55,0.0,5.1,82.54,0.0,0.0,99.9,0.0277,0.0001,3356696,5654561,0,0,0,0,EXP001_W002_cpu_intensive.csv
2026-08-23T12:53:00.947,174,EXP001,W002,cpu_intensive,1.019,14.6,2000.0,0.22,14.65,46.3,71.6,11504.26,4572.61,0.0,5.1,82.54,0.0,0.0767,99.9,0.0449,0.0001,3356698,5654738,0,0,0,0,EXP001_W002_cpu_intensive.csv
2026-08-23T12:53:01.939,175,EXP001,W002,cpu_intensive,0.9926,20.5,2000.0,0.22,20.3,75.0,71.6,11506.92,4569.95,0.0,5.1,82.54,0.0,0.3503,99.9,0.0396,0.0,3356698,5654896,0,0,0,0,EXP001_W002_cpu_intensive.csv
2026-08-23T12:53:02.939,176,EXP001,W002,cpu_intensive,1.0,18.6,2000.0,0.22,18.47,62.1,71.6,11507.11,4569.75,0.0,5.1,82.54,0.0,0.0039,99.9,0.052,0.0002,3356701,5655156,0,0,0,0,EXP001_W002_cpu_intensive.csv
2026-08-23T12:53:03.944,177,EXP001,W002,cpu_intensive,1.0049,21.4,1520.0,0.2,21.4,81.8,71.6,11508.83,4568.04,0.0,5.1,82.54,0.0,0.0,99.9,0.0573,0.0001,3356702,5655396,0,0,0,0,EXP001_W002_cpu_intensive.csv
2026-08-23T12:53:04.928,178,EXP001,W002,cpu_intensive,0.984,13.3,2000.0,0.2,13.19,49.2,71.6,11505.14,4571.73,0.0,5.1,82.54,0.0,0.1112,99.9,0.033,0.0002,3356705,5655552,0,0,0,0,EXP001_W002_cpu_intensive.csv
2026-08-23T12:53:05.942,179,EXP001,W002,cpu_intensive,1.0142,12.3,2000.0,0.2,12.36,43.9,71.5,11497.13,4579.73,0.0,5.1,82.54,0.0,0.0385,99.9,0.048,0.0,3356705,5655706,0,0,0,0,EXP001_W002_cpu_intensive.csv
2026-08-23T12:53:06.939,180,EXP001,W002,cpu_intensive,0.9965,21.2,2000.0,0.2,21.06,75.4,71.6,11508.69,4568.18,0.0,5.1,82.54,0.0,0.0039,99.9,0.028,0.0001,3356707,5655840,0,0,0,0,EXP001_W002_cpu_intensive.csv
2026-08-23T12:53:07.942,181,EXP001,W002,cpu_intensive,1.0029,21.1,2000.0,0.2,21.18,60.0,71.6,11508.36,4568.5,0.0,5.1,82.54,0.0,0.0,99.9,0.0372,0.0,3356707,5656002,0,0,0,0,EXP001_W002_cpu_intensive.csv
2026-08-23T12:53:08.942,182,EXP001,W002,cpu_intensive,0.9998,29.6,2000.0,0.19,29.58,60.9,71.6,11510.53,4566.34,0.0,5.1,82.54,0.0,0.0039,99.9,0.0208,0.0002,3356709,5656119,0,0,0,0,EXP001_W002_cpu_intensive.csv
2026-08-23T12:53:09.928,183,EXP001,W002,cpu_intensive,0.986,14.8,1520.0,0.19,14.53,56.9,71.5,11502.74,4574.12,0.0,5.1,82.54,0.0,0.0634,99.9,0.0591,0.0002,3356712,5656356,0,0,0,0,EXP001_W002_cpu_intensive.csv
2026-08-23T12:53:10.937,184,EXP001,W002,cpu_intensive,1.0094,13.1,2000.0,0.19,12.83,71.0,71.5,11499.17,4577.7,0.0,5.1,82.54,0.0,0.031,99.9,0.0238,0.0001,3356714,5656496,0,0,0,0,EXP001_W002_cpu_intensive.csv
2026-08-23T12:53:11.951,185,EXP001,W002,cpu_intensive,1.0137,20.2,1520.0,0.19,20.1,59.1,71.6,11510.1,4566.77,0.0,5.1,82.54,0.0,0.0539,99.9,0.0577,0.0058,3356724,5656738,0,0,0,0,EXP001_W002_cpu_intensive.csv
2026-08-23T12:53:12.941,186,EXP001,W002,cpu_intensive,0.99,20.1,2000.0,0.19,19.85,59.4,71.6,11509.07,4567.8,0.0,5.1,82.54,0.0,0.0237,99.9,0.0372,0.0002,3356727,5656937,0,0,0,0,EXP001_W002_cpu_intensive.csv
2026-08-23T12:53:13.949,187,EXP001,W002,cpu_intensive,1.0086,23.3,1520.0,0.17,23.47,59.4,71.6,11510.36,4566.51,0.0,5.1,82.54,0.0,0.0077,99.9,0.045,0.0001,3356729,5657122,0,0,0,0,EXP001_W002_cpu_intensive.csv
2026-08-23T12:53:14.928,188,EXP001,W002,cpu_intensive,0.9785,15.1,2000.0,0.17,15.0,47.6,71.6,11504.96,4571.91,0.0,5.1,82.54,0.0,0.008,99.9,0.0503,0.0063,3356748,5657316,0,0,0,0,EXP001_W002_cpu_intensive.csv
2026-08-23T12:53:15.951,189,EXP001,W002,cpu_intensive,1.0234,11.3,2000.0,0.17,11.42,37.3,71.5,11501.66,4575.21,0.0,5.1,82.54,0.0,0.0458,99.9,0.0553,0.0005,3356755,5657544,0,0,0,0,EXP001_W002_cpu_intensive.csv
2026-08-23T12:53:16.940,190,EXP001,W002,cpu_intensive,0.9883,21.8,2000.0,0.17,21.53,67.7,71.6,11509.33,4567.54,0.0,5.1,82.54,0.0,0.004,99.9,0.0278,0.0,3356755,5657728,0,0,0,0,EXP001_W002_cpu_intensive.csv
2026-08-23T12:53:17.939,191,EXP001,W002,cpu_intensive,0.9999,20.0,2000.0,0.17,19.87,64.6,71.6,11505.79,4571.07,0.0,5.1,82.54,0.0,1.3907,99.9,0.0326,0.0002,3356757,5657908,0,0,0,0,EXP001_W002_cpu_intensive.csv
2026-08-23T12:53:18.936,192,EXP001,W002,cpu_intensive,0.9966,20.5,2000.0,0.24,20.56,57.1,71.6,11504.93,4571.94,0.0,5.1,82.54,0.0,0.0,99.9,0.0347,0.0001,3356758,5658081,0,0,0,0,EXP001_W002_cpu_intensive.csv
2026-08-23T12:53:19.933,193,EXP001,W002,cpu_intensive,0.9969,15.1,2000.0,0.24,14.78,46.9,71.6,11507.22,4569.65,0.0,5.1,82.54,0.0,0.0157,99.9,0.0384,0.0002,3356762,5658276,0,0,0,0,EXP001_W002_cpu_intensive.csv
2026-08-23T12:53:20.940,194,EXP001,W002,cpu_intensive,1.0074,14.1,2000.0,0.24,14.24,49.2,71.6,11503.0,4573.86,0.0,5.1,82.54,0.0,0.0969,99.9,0.0285,0.0002,3356765,5658473,0,0,0,0,EXP001_W002_cpu_intensive.csv
2026-08-23T12:53:21.940,195,EXP001,W002,cpu_intensive,0.9996,20.7,2000.0,0.24,20.62,60.9,71.6,11509.16,4567.71,0.0,5.1,82.54,0.0,0.0039,99.9,0.0257,0.0001,3356766,5658611,0,0,0,0,EXP001_W002_cpu_intensive.csv
2026-08-23T12:53:22.948,196,EXP001,W002,cpu_intensive,1.0085,31.7,2000.0,0.24,31.65,59.1,71.4,11477.71,4599.16,0.0,5.1,82.54,1.6482,0.0,99.9,0.0259,0.0,3356766,5658726,0,0,0,0,EXP001_W002_cpu_intensive.csv
2026-08-23T12:53:23.944,197,EXP001,W002,cpu_intensive,0.9955,24.1,2000.0,0.22,24.03,58.5,71.4,11474.98,4601.89,0.0,5.1,82.54,0.102,0.7181,99.9,0.024,0.0002,3356769,5658836,0,0,0,0,EXP001_W002_cpu_intensive.csv
2026-08-23T12:53:24.928,198,EXP001,W002,cpu_intensive,0.9841,14.4,2000.0,0.22,14.08,42.2,71.4,11475.16,4601.7,0.0,5.1,82.54,0.0,0.0794,99.9,0.0347,0.0,3356769,5658995,0,0,0,0,EXP001_W002_cpu_intensive.csv
2026-08-23T12:53:25.941,199,EXP001,W002,cpu_intensive,1.0127,11.8,2000.0,0.22,11.67,50.0,71.4,11472.19,4604.68,0.0,5.1,82.54,0.0,0.2006,99.9,0.0288,0.0001,3356771,5659159,0,0,0,0,EXP001_W002_cpu_intensive.csv
2026-08-23T12:53:26.944,200,EXP001,W002,cpu_intensive,1.0033,19.8,2000.0,0.22,19.9,57.8,71.4,11476.07,4600.8,0.0,5.1,82.54,0.0,0.0,99.9,0.0362,0.0002,3356774,5659341,0,0,0,0,EXP001_W002_cpu_intensive.csv
2026-08-23T12:53:27.951,201,EXP001,W002,cpu_intensive,1.0067,20.9,2000.0,0.22,20.62,71.6,71.4,11478.67,4598.2,0.0,5.1,82.54,0.0,0.0116,99.9,0.0213,0.0002,3356777,5659436,0,0,0,0,EXP001_W002_cpu_intensive.csv
2026-08-23T12:53:28.945,202,EXP001,W002,cpu_intensive,0.9942,21.4,2000.0,0.2,21.27,75.4,71.4,11474.96,4601.91,0.0,5.1,82.54,0.0,0.0039,99.9,0.0304,0.0001,3356778,5659565,0,0,0,0,EXP001_W002_cpu_intensive.csv
2026-08-23T12:53:29.929,203,EXP001,W002,cpu_intensive,0.9838,13.6,2000.0,0.2,13.38,48.4,71.4,11476.43,4600.44,0.0,5.1,82.54,0.0,0.0,99.9,0.0364,0.0002,3356781,5659785,0,0,0,0,EXP001_W002_cpu_intensive.csv
2026-08-23T12:53:30.939,204,EXP001,W002,cpu_intensive,1.0106,18.6,2000.0,0.2,18.43,53.0,71.4,11472.8,4604.06,0.0,5.1,82.54,0.0,0.0502,99.9,0.0367,0.0002,3356785,5659984,0,0,0,0,EXP001_W002_cpu_intensive.csv
2026-08-23T12:53:31.936,205,EXP001,W002,cpu_intensive,0.9967,20.6,2000.0,0.2,20.58,69.8,71.4,11477.89,4598.98,0.0,5.1,82.54,0.0,0.0039,99.9,0.0421,0.0,3356787,5660190,0,0,0,0,EXP001_W002_cpu_intensive.csv
2026-08-23T12:53:32.937,206,EXP001,W002,cpu_intensive,1.0011,19.8,2000.0,0.2,20.2,69.7,71.4,11471.13,4605.73,0.0,5.1,82.54,0.0,0.0429,99.9,0.0449,0.0226,3356809,5660439,0,0,0,0,EXP001_W002_cpu_intensive.csv
2026-08-23T12:53:33.936,207,EXP001,W002,cpu_intensive,0.9987,19.5,2000.0,0.19,18.92,75.0,71.4,11474.2,4602.67,0.0,5.1,82.54,0.0,0.0,99.9,0.0346,0.0003,3356810,5660607,0,0,0,0,EXP001_W002_cpu_intensive.csv
2026-08-23T12:53:34.928,208,EXP001,W002,cpu_intensive,0.9921,13.5,2000.0,0.19,13.29,57.8,71.4,11474.19,4602.68,0.0,5.1,82.54,0.0,0.3426,99.9,0.0245,0.0077,3356819,5660735,0,0,0,0,EXP001_W002_cpu_intensive.csv
2026-08-23T12:53:35.940,209,EXP001,W002,cpu_intensive,1.0119,12.8,2000.0,0.19,12.88,46.3,71.4,11473.65,4603.22,0.0,5.1,82.54,0.0,0.139,99.9,0.0281,0.0004,3356827,5660875,0,0,0,0,EXP001_W002_cpu_intensive.csv
2026-08-23T12:53:36.948,210,EXP001,W002,cpu_intensive,1.0081,19.0,2000.0,0.19,19.08,67.7,71.4,11479.21,4597.66,0.0,5.1,82.54,0.0,0.0039,99.9,0.0153,0.0004,3356834,5660986,0,0,0,0,EXP001_W002_cpu_intensive.csv
2026-08-23T12:53:37.933,211,EXP001,W002,cpu_intensive,0.9854,19.1,2000.0,0.19,18.93,64.1,71.4,11478.39,4598.48,0.0,5.1,82.54,0.0,0.0,99.9,0.027,0.0003,3356836,5661104,0,0,0,0,EXP001_W002_cpu_intensive.csv
2026-08-23T12:53:38.945,212,EXP001,W002,cpu_intensive,1.0115,21.8,2000.0,0.17,21.87,61.5,71.4,11483.57,4593.3,0.0,5.1,82.54,0.0,0.0039,99.9,0.0301,0.0065,3356855,5661234,0,0,0,0,EXP001_W002_cpu_intensive.csv
2026-08-23T12:53:39.928,213,EXP001,W002,cpu_intensive,0.9831,12.7,2000.0,0.17,12.47,49.2,71.4,11475.87,4601.0,0.0,5.1,82.54,0.0,0.0318,99.9,0.0374,0.0004,3356861,5661421,0,0,0,0,EXP001_W002_cpu_intensive.csv
2026-08-23T12:53:40.944,214,EXP001,W002,cpu_intensive,1.016,15.4,2000.0,0.17,15.52,43.3,71.4,11473.57,4603.3,0.0,5.1,82.54,0.0,0.0192,99.9,0.0371,0.0001,3356863,5661608,0,0,0,0,EXP001_W002_cpu_intensive.csv
2026-08-23T12:53:41.939,215,EXP001,W002,cpu_intensive,0.9948,25.3,2000.0,0.17,24.97,61.8,71.4,11481.11,4595.75,0.0,5.1,82.54,0.0,0.0,99.9,0.0333,0.0,3356863,5661754,0,0,0,0,EXP001_W002_cpu_intensive.csv
2026-08-23T12:53:42.941,216,EXP001,W002,cpu_intensive,1.0022,20.7,2000.0,0.17,20.68,66.2,71.4,11476.13,4600.73,0.0,5.1,82.54,0.0,0.0819,99.9,0.0323,0.0,3356863,5661933,0,0,0,0,EXP001_W002_cpu_intensive.csv
2026-08-23T12:53:43.936,217,EXP001,W002,cpu_intensive,0.9954,20.8,2000.0,0.16,20.68,62.5,71.4,11480.06,4596.8,0.0,5.1,82.54,0.0,0.0157,99.9,0.0449,0.0003,3356868,5662122,0,0,0,0,EXP001_W002_cpu_intensive.csv
2026-08-23T12:53:44.928,218,EXP001,W002,cpu_intensive,0.9915,15.9,1520.0,0.16,15.67,45.3,71.4,11479.21,4597.65,0.0,5.1,82.54,0.0,0.0,99.9,0.025,0.0001,3356869,5662257,0,0,0,0,EXP001_W002_cpu_intensive.csv
2026-08-23T12:53:45.946,219,EXP001,W002,cpu_intensive,1.0183,11.6,1520.0,0.16,11.7,51.5,71.4,11474.22,4602.64,0.0,5.1,82.54,0.0,0.0345,99.9,0.0366,0.0001,3356870,5662423,0,0,0,0,EXP001_W002_cpu_intensive.csv
2026-08-23T12:53:46.938,220,EXP001,W002,cpu_intensive,0.9917,20.3,1520.0,0.16,20.0,70.8,71.4,11478.5,4598.36,0.0,5.1,82.54,0.0,0.0748,99.9,0.0317,0.0,3356870,5662567,0,0,0,0,EXP001_W002_cpu_intensive.csv
2026-08-23T12:53:47.938,221,EXP001,W002,cpu_intensive,0.9999,27.2,2000.0,0.16,27.13,61.5,71.4,11477.96,4598.9,0.0,5.1,82.54,0.0,0.0039,99.9,0.0401,0.0001,3356872,5662734,0,0,0,0,EXP001_W002_cpu_intensive.csv
2026-08-23T12:53:48.937,222,EXP001,W002,cpu_intensive,0.9999,19.4,2000.0,0.14,19.59,62.5,71.4,11478.71,4598.15,0.0,5.1,82.54,0.0,0.0,99.9,0.0224,0.0001,3356874,5662856,0,0,0,0,EXP001_W002_cpu_intensive.csv
2026-08-23T12:53:49.928,223,EXP001,W002,cpu_intensive,0.9904,14.1,2000.0,0.14,13.83,51.6,71.4,11478.57,4598.3,0.0,5.1,82.54,0.0,0.0434,99.9,0.054,0.0002,3356876,5663027,0,0,0,0,EXP001_W002_cpu_intensive.csv
2026-08-23T12:53:50.944,224,EXP001,W002,cpu_intensive,1.0161,14.1,1520.0,0.14,14.11,53.0,71.3,11466.55,4610.32,0.0,5.1,82.54,0.0,0.0577,99.9,0.0373,0.0001,3356878,5663182,0,0,0,0,EXP001_W002_cpu_intensive.csv
2026-08-23T12:53:51.944,225,EXP001,W002,cpu_intensive,1.0002,21.5,2000.0,0.14,21.42,54.5,71.4,11476.53,4600.34,0.0,5.1,82.54,0.0,0.0625,99.9,0.031,0.0002,3356880,5663327,0,0,0,0,EXP001_W002_cpu_intensive.csv
2026-08-23T12:53:52.949,226,EXP001,W002,cpu_intensive,1.005,34.2,2000.0,0.14,33.95,63.2,71.5,11495.54,4581.33,0.0,5.1,82.54,0.2721,0.07,99.9,0.0449,0.0001,3356882,5663498,0,0,0,0,EXP001_W002_cpu_intensive.csv
2026-08-23T12:53:53.935,227,EXP001,W002,cpu_intensive,0.9863,27.2,2000.0,0.13,27.18,59.4,71.5,11498.38,4578.48,0.0,5.1,82.54,0.1426,0.2258,99.9,0.0257,0.0,3356882,5663616,0,0,0,0,EXP001_W002_cpu_intensive.csv
2026-08-23T12:53:54.927,228,EXP001,W002,cpu_intensive,0.9919,21.5,2000.0,0.13,21.12,57.6,71.7,11521.42,4555.45,0.0,5.1,82.54,0.0,0.1339,99.9,0.0434,0.0025,3356887,5663812,0,0,0,0,EXP001_W002_cpu_intensive.csv
2026-08-23T12:53:55.943,229,EXP001,W002,cpu_intensive,1.0154,17.9,2000.0,0.13,18.06,52.3,71.7,11533.65,4543.21,0.0,5.1,82.54,0.0,1.0079,99.9,0.0276,0.0029,3356900,5663950,0,0,0,0,EXP001_W002_cpu_intensive.csv
2026-08-23T12:53:56.946,230,EXP001,W002,cpu_intensive,1.0036,22.3,2000.0,0.13,22.26,73.8,71.8,11537.25,4539.61,0.0,5.1,82.54,0.0,0.074,99.9,0.0595,0.0002,3356903,5664152,0,0,0,0,EXP001_W002_cpu_intensive.csv
2026-08-23T12:53:57.939,231,EXP001,W002,cpu_intensive,0.9923,21.1,2000.0,0.13,20.89,81.5,71.7,11522.48,4554.39,0.0,5.1,82.54,0.0,0.0118,99.9,0.0078,0.0005,3356909,5664208,0,0,0,0,EXP001_W002_cpu_intensive.csv
2026-08-23T12:53:58.943,232,EXP001,W002,cpu_intensive,1.0043,22.0,2000.0,0.12,22.06,60.6,71.7,11533.14,4543.73,0.0,5.1,82.54,0.0,0.0117,99.9,0.0682,0.0067,3356926,5664485,0,0,0,0,EXP001_W002_cpu_intensive.csv
2026-08-23T12:53:59.927,233,EXP001,W002,cpu_intensive,0.9844,13.0,2000.0,0.12,12.74,46.0,71.7,11530.37,4546.5,0.0,5.1,82.54,0.0,0.1111,99.9,0.0223,0.0005,3356933,5664600,0,0,0,0,EXP001_W002_cpu_intensive.csv
2026-08-23T12:54:00.950,234,EXP001,W002,cpu_intensive,1.0225,13.4,2000.0,0.12,13.47,45.6,71.7,11532.0,4544.87,0.0,5.1,82.54,0.0,0.0458,99.9,0.0554,0.0004,3356939,5664824,0,0,0,0,EXP001_W002_cpu_intensive.csv
2026-08-23T12:54:01.940,235,EXP001,W002,cpu_intensive,0.9897,21.0,2000.0,0.12,20.68,69.2,71.8,11535.49,4541.38,0.0,5.1,82.54,0.0,0.0197,99.9,0.0088,0.0003,3356943,5664884,0,0,0,0,EXP001_W002_cpu_intensive.csv
2026-08-23T12:54:02.934,236,EXP001,W002,cpu_intensive,0.9945,19.6,2000.0,0.12,19.7,66.7,71.7,11534.12,4542.74,0.0,5.1,82.54,0.0,0.0157,99.9,0.0467,0.0004,3356950,5665084,0,0,0,0,EXP001_W002_cpu_intensive.csv
2026-08-23T12:54:03.937,237,EXP001,W002,cpu_intensive,1.0033,19.5,1520.0,0.11,19.4,59.1,71.7,11533.85,4543.02,0.0,5.1,82.54,0.0,0.0,99.9,0.0167,0.0096,3356961,5665169,0,0,0,0,EXP001_W002_cpu_intensive.csv
2026-08-23T12:54:04.928,238,EXP001,W002,cpu_intensive,0.9905,13.1,1520.0,0.11,12.62,74.2,71.7,11528.6,4548.27,0.0,5.1,82.54,0.0,0.2761,99.9,0.0288,0.0003,3356965,5665304,0,0,0,0,EXP001_W002_cpu_intensive.csv
2026-08-23T12:54:05.949,239,EXP001,W002,cpu_intensive,1.021,15.9,2000.0,0.11,15.76,82.4,71.7,11533.61,4543.26,0.0,5.1,82.54,0.0,0.0421,99.9,0.0119,0.0,3356965,5665390,0,0,0,0,EXP001_W002_cpu_intensive.csv
2026-08-23T12:54:06.947,240,EXP001,W002,cpu_intensive,0.9978,24.7,2000.0,0.11,24.68,67.7,71.7,11532.65,4544.22,0.0,5.1,82.54,0.0,0.505,99.9,0.0361,0.0013,3356971,5665564,0,0,0,0,EXP001_W002_cpu_intensive.csv
2026-08-23T12:54:07.937,241,EXP001,W002,cpu_intensive,0.99,22.1,2000.0,0.11,22.08,71.9,71.7,11534.02,4542.85,0.0,5.1,82.54,0.0,0.1263,99.9,0.0181,0.0081,3356983,5665649,0,0,0,0,EXP001_W002_cpu_intensive.csv
2026-08-23T12:54:08.936,242,EXP001,W002,cpu_intensive,0.9994,25.4,2000.0,0.1,25.3,59.4,71.8,11536.95,4539.91,0.0,5.1,82.54,0.0,0.0821,99.9,0.0491,0.0002,3356987,5665810,0,0,0,0,EXP001_W002_cpu_intensive.csv
2026-08-23T12:54:09.928,243,EXP001,W002,cpu_intensive,0.9916,14.7,2000.0,0.1,14.53,67.2,71.7,11529.27,4547.6,0.0,5.1,82.54,0.0,0.0473,99.9,0.0179,0.0002,3356989,5665930,0,0,0,0,EXP001_W002_cpu_intensive.csv
2026-08-23T12:54:10.944,244,EXP001,W002,cpu_intensive,1.0168,11.7,2000.0,0.1,11.84,81.5,71.7,11531.32,4545.54,0.0,5.1,82.54,0.0,0.0807,99.9,0.0254,0.0,3356989,5666072,0,0,0,0,EXP001_W002_cpu_intensive.csv
2026-08-23T12:54:11.937,245,EXP001,W002,cpu_intensive,0.9923,21.2,2000.0,0.1,21.02,63.1,71.7,11533.57,4543.29,0.0,5.1,82.54,0.0,0.0827,99.9,0.0351,0.0063,3357001,5666239,0,0,0,0,EXP001_W002_cpu_intensive.csv
2026-08-23T12:54:12.939,246,EXP001,W002,cpu_intensive,1.0019,20.8,2000.0,0.1,20.56,65.2,71.7,11532.25,4544.62,0.0,5.1,82.54,0.0,0.0702,99.9,0.0359,0.0011,3357006,5666401,0,0,0,0,EXP001_W002_cpu_intensive.csv
2026-08-23T12:54:13.937,247,EXP001,W002,cpu_intensive,0.9988,20.4,2000.0,0.1,20.33,65.2,71.7,11533.85,4543.02,0.0,5.1,82.54,0.0,0.0039,99.9,0.0212,0.0002,3357010,5666519,0,0,0,0,EXP001_W002_cpu_intensive.csv
2026-08-23T12:54:14.927,248,EXP001,W002,cpu_intensive,0.9898,15.6,1520.0,0.1,15.38,74.6,71.7,11528.9,4547.96,0.0,5.1,82.54,0.0,0.0,99.9,0.0386,0.0,3357010,5666695,0,0,0,0,EXP001_W002_cpu_intensive.csv
2026-08-23T12:54:15.940,249,EXP001,W002,cpu_intensive,1.0123,13.6,2000.0,0.1,13.73,46.2,71.7,11535.13,4541.73,0.0,5.1,82.54,0.0,0.0309,99.9,0.0148,0.0002,3357013,5666792,0,0,0,0,EXP001_W002_cpu_intensive.csv
2026-08-23T12:54:16.945,250,EXP001,W002,cpu_intensive,1.0054,19.8,2000.0,0.1,19.76,54.7,71.8,11535.43,4541.43,0.0,5.1,82.54,0.0,0.1632,99.9,0.043,0.0026,3357029,5666951,0,0,0,0,EXP001_W002_cpu_intensive.csv
2026-08-23T12:54:17.952,251,EXP001,W002,cpu_intensive,1.0073,21.0,1520.0,0.1,20.84,68.2,71.8,11537.18,4539.69,0.0,5.1,82.54,0.0,0.0039,99.9,0.02,0.0038,3357035,5667027,0,0,0,0,EXP001_W002_cpu_intensive.csv
2026-08-23T12:54:18.946,252,EXP001,W002,cpu_intensive,0.9939,25.1,2000.0,0.25,25.01,60.9,71.7,11530.25,4546.62,0.0,5.1,82.54,0.0,0.3498,99.9,0.0418,0.001,3357045,5667190,0,0,0,0,EXP001_W002_cpu_intensive.csv
2026-08-23T12:54:19.927,253,EXP001,W002,cpu_intensive,0.9813,15.6,1520.0,0.25,15.22,49.2,71.8,11536.39,4540.48,0.0,5.1,82.54,0.0637,0.0279,99.9,0.0137,0.0013,3357047,5667278,0,0,0,0,EXP001_W002_cpu_intensive.csv
2026-08-23T12:54:20.944,254,EXP001,W002,cpu_intensive,1.0163,12.1,2000.0,0.25,12.22,48.5,71.7,11532.36,4544.51,0.0,5.1,82.54,0.0115,0.1883,99.9,0.0353,0.0007,3357056,5667433,0,0,0,0,EXP001_W002_cpu_intensive.csv
2026-08-23T12:54:21.936,255,EXP001,W002,cpu_intensive,0.9918,20.3,2000.0,0.25,20.19,52.4,71.7,11535.05,4541.82,0.0,5.1,82.54,0.3348,0.1182,99.9,0.0182,0.0015,3357071,5667529,0,0,0,0,EXP001_W002_cpu_intensive.csv
2026-08-23T12:54:22.935,256,EXP001,W002,cpu_intensive,0.9994,33.8,2000.0,0.25,33.55,57.6,71.3,11461.87,4615.0,0.0,5.3,85.06,0.0899,2.5562,99.9,0.0293,0.0,3357071,5667669,0,0,0,0,EXP001_W002_cpu_intensive.csv
2026-08-23T12:54:23.937,257,EXP001,W002,cpu_intensive,1.0021,22.7,1520.0,0.39,22.67,65.6,71.3,11464.42,4612.45,0.0,5.3,85.06,0.0468,1.8556,99.9,0.0346,0.0003,3357076,5667858,0,0,0,0,EXP001_W002_cpu_intensive.csv
2026-08-23T12:54:24.933,258,EXP001,W002,cpu_intensive,0.9963,17.2,1520.0,0.39,16.77,69.2,71.3,11465.94,4610.93,0.0,5.3,85.06,0.0,0.0471,99.9,0.0461,0.0001,3357077,5668061,0,0,0,0,EXP001_W002_cpu_intensive.csv
2026-08-23T12:54:25.948,259,EXP001,W002,cpu_intensive,1.0146,11.5,2000.0,0.39,11.7,52.3,71.3,11455.97,4620.89,0.0,5.3,85.06,0.0,0.3927,99.9,0.0203,0.0001,3357078,5668169,0,0,0,0,EXP001_W002_cpu_intensive.csv
2026-08-23T12:54:26.934,260,EXP001,W002,cpu_intensive,0.986,20.9,2000.0,0.39,20.71,67.7,71.3,11464.02,4612.85,0.0,5.3,85.06,0.0,0.0792,99.9,0.0251,0.0,3357078,5668300,0,0,0,0,EXP001_W002_cpu_intensive.csv
2026-08-23T12:54:27.943,261,EXP001,W002,cpu_intensive,1.0091,19.9,2000.0,0.39,19.69,74.6,71.3,11461.65,4615.22,0.0,5.3,85.06,0.0,0.0155,99.9,0.0164,0.0053,3357080,5668391,0,0,0,0,EXP001_W002_cpu_intensive.csv
2026-08-23T12:54:28.938,262,EXP001,W002,cpu_intensive,0.9947,23.1,1520.0,0.36,22.84,62.5,71.3,11462.08,4614.79,0.0,5.3,85.06,0.0,0.0039,99.9,0.0848,0.0101,3357091,5668634,0,0,0,0,EXP001_W002_cpu_intensive.csv
2026-08-23T12:54:29.928,263,EXP001,W002,cpu_intensive,0.9901,15.6,1520.0,0.36,15.48,56.2,71.2,11447.22,4629.64,0.0,5.3,85.06,0.0,0.0,99.9,0.0363,0.0003,3357097,5668723,0,0,0,0,EXP001_W002_cpu_intensive.csv
2026-08-23T12:54:30.940,264,EXP001,W002,cpu_intensive,1.0118,13.4,1520.0,0.36,13.32,48.5,71.2,11445.84,4631.03,0.0,5.3,85.06,0.0,0.1583,99.9,0.0539,0.0002,3357100,5668967,0,0,0,0,EXP001_W002_cpu_intensive.csv
2026-08-23T12:54:31.933,265,EXP001,W002,cpu_intensive,0.9939,19.8,2000.0,0.36,19.73,57.1,71.2,11454.31,4622.55,0.0,5.3,85.06,0.0,0.0236,99.9,0.0261,0.0003,3357104,5669067,0,0,0,0,EXP001_W002_cpu_intensive.csv
2026-08-23T12:54:32.934,266,EXP001,W002,cpu_intensive,1.0009,21.5,2000.0,0.36,21.37,60.9,71.3,11457.73,4619.14,0.0,5.3,85.06,0.0,0.0078,99.9,0.0537,0.0001,3357105,5669306,0,0,0,0,EXP001_W002_cpu_intensive.csv
2026-08-23T12:54:33.945,267,EXP001,W002,cpu_intensive,1.0106,21.0,2000.0,0.33,20.93,54.5,71.3,11458.68,4618.19,0.0,5.3,85.06,0.0,0.0,99.9,0.0397,0.0002,3357108,5669480,0,0,0,0,EXP001_W002_cpu_intensive.csv
2026-08-23T12:54:34.928,268,EXP001,W002,cpu_intensive,0.9826,15.8,2000.0,0.33,15.35,41.5,71.3,11458.73,4618.13,0.0,5.3,85.06,0.0,0.0159,99.9,0.0418,0.0277,3357135,5669673,0,0,0,0,EXP001_W002_cpu_intensive.csv
2026-08-23T12:54:35.936,269,EXP001,W002,cpu_intensive,1.0083,12.5,2000.0,0.33,12.55,50.7,71.3,11461.27,4615.6,0.0,5.3,85.06,0.0,0.0387,99.9,0.0229,0.0002,3357138,5669801,0,0,0,0,EXP001_W002_cpu_intensive.csv
2026-08-23T12:54:36.936,270,EXP001,W002,cpu_intensive,1.0004,20.3,2000.0,0.33,20.26,68.8,71.2,11449.86,4627.0,0.0,5.3,85.06,0.0,0.0898,99.9,0.0351,0.0,3357138,5669960,0,0,0,0,EXP001_W002_cpu_intensive.csv
2026-08-23T12:54:37.940,271,EXP001,W002,cpu_intensive,1.004,19.1,2000.0,0.33,18.91,64.6,71.3,11455.81,4621.05,0.0,5.3,85.06,0.0,0.0,99.9,0.0241,0.0,3357138,5670096,0,0,0,0,EXP001_W002_cpu_intensive.csv
2026-08-23T12:54:38.941,272,EXP001,W002,cpu_intensive,1.001,19.5,2000.0,0.3,19.24,60.9,71.3,11455.88,4620.98,0.0,5.3,85.06,0.0,0.0039,99.9,0.0147,0.0,3357138,5670186,0,0,0,0,EXP001_W002_cpu_intensive.csv
2026-08-23T12:54:39.928,273,EXP001,W002,cpu_intensive,0.9866,19.5,1520.0,0.3,19.45,48.4,71.2,11453.45,4623.42,0.0,5.3,85.06,0.0633,0.0911,99.9,0.0244,0.0004,3357144,5670311,0,0,0,0,EXP001_W002_cpu_intensive.csv
2026-08-23T12:54:40.941,274,EXP001,W002,cpu_intensive,1.0135,12.3,2000.0,0.3,12.18,70.1,71.2,11449.78,4627.09,0.0,5.3,85.06,0.0,0.0308,99.9,0.0203,0.0001,3357145,5670425,0,0,0,0,EXP001_W002_cpu_intensive.csv
2026-08-23T12:54:41.936,275,EXP001,W002,cpu_intensive,0.9947,18.2,1520.0,0.3,18.37,65.1,71.3,11456.84,4620.03,0.0,5.3,85.06,0.0,0.0628,99.9,0.0169,0.0001,3357146,5670535,0,0,0,0,EXP001_W002_cpu_intensive.csv
2026-08-23T12:54:42.942,276,EXP001,W002,cpu_intensive,1.0057,19.6,1520.0,0.3,19.49,62.1,71.2,11452.61,4624.26,0.0,5.3,85.06,0.0,0.0078,99.9,0.0265,0.0,3357146,5670670,0,0,0,0,EXP001_W002_cpu_intensive.csv
2026-08-23T12:54:43.945,277,EXP001,W002,cpu_intensive,1.0033,20.4,1520.0,0.28,20.32,67.2,71.2,11449.95,4626.92,0.0,5.3,85.06,0.0,0.0039,99.9,0.0122,0.0001,3357147,5670749,0,0,0,0,EXP001_W002_cpu_intensive.csv
2026-08-23T12:54:44.928,278,EXP001,W002,cpu_intensive,0.9829,14.8,1520.0,0.28,14.54,60.9,71.2,11449.65,4627.22,0.0,5.3,85.06,0.0,0.0,99.9,0.0402,0.0003,3357152,5670937,0,0,0,0,EXP001_W002_cpu_intensive.csv
2026-08-23T12:54:45.946,279,EXP001,W002,cpu_intensive,1.0177,11.9,2000.0,0.28,11.94,53.8,71.2,11446.59,4630.28,0.0,5.3,85.06,0.0,0.0345,99.9,0.0114,0.0057,3357159,5670992,0,0,0,0,EXP001_W002_cpu_intensive.csv
2026-08-23T12:54:46.947,280,EXP001,W002,cpu_intensive,1.0017,21.6,2000.0,0.28,21.51,73.8,71.2,11451.51,4625.36,0.0,5.3,85.06,0.0,0.0234,99.9,0.0245,0.0,3357159,5671114,0,0,0,0,EXP001_W002_cpu_intensive.csv
2026-08-23T12:54:47.939,281,EXP001,W002,cpu_intensive,0.9915,21.5,2000.0,0.28,21.26,70.8,71.2,11451.78,4625.09,0.0,5.3,85.06,0.0,0.0039,99.9,0.0089,0.0003,3357162,5671187,0,0,0,0,EXP001_W002_cpu_intensive.csv
2026-08-23T12:54:48.943,282,EXP001,W002,cpu_intensive,1.0043,20.5,2000.0,0.26,20.59,72.3,71.3,11456.55,4620.31,0.0,5.3,85.06,0.0,0.0,99.9,0.0281,0.0001,3357163,5671306,0,0,0,0,EXP001_W002_cpu_intensive.csv
2026-08-23T12:54:49.928,283,EXP001,W002,cpu_intensive,0.9848,12.0,2000.0,0.26,11.58,84.6,71.2,11452.95,4623.92,0.0,5.3,85.06,0.0,0.0317,99.9,0.0062,0.0002,3357167,5671381,0,0,0,0,EXP001_W002_cpu_intensive.csv
2026-08-23T12:54:50.938,284,EXP001,W002,cpu_intensive,1.01,11.6,2000.0,0.26,11.7,57.8,71.2,11453.39,4623.48,0.0,5.3,85.06,0.0,0.0193,99.9,0.0311,0.0005,3357173,5671541,0,0,0,0,EXP001_W002_cpu_intensive.csv
2026-08-23T12:54:51.939,285,EXP001,W002,cpu_intensive,1.0007,20.7,1520.0,0.26,20.57,78.8,71.3,11455.05,4621.82,0.0,5.3,85.06,0.0,0.0898,99.9,0.0155,0.0002,3357176,5671643,0,0,0,0,EXP001_W002_cpu_intensive.csv
2026-08-23T12:54:52.939,286,EXP001,W002,cpu_intensive,1.0009,29.9,1520.0,0.26,29.68,63.8,71.3,11459.28,4617.59,0.0,5.3,85.06,0.1366,0.0,99.9,0.0182,0.0001,3357177,5671765,0,0,0,0,EXP001_W002_cpu_intensive.csv
2026-08-23T12:54:53.945,287,EXP001,W002,cpu_intensive,1.0058,20.3,1520.0,0.24,20.44,53.1,71.3,11458.41,4618.46,0.0,5.3,85.06,0.0505,0.0777,99.9,0.0057,0.0,3357177,5671830,0,0,0,0,EXP001_W002_cpu_intensive.csv
2026-08-23T12:54:54.927,288,EXP001,W002,cpu_intensive,0.9822,14.4,1520.0,0.24,14.25,54.0,71.3,11456.32,4620.55,0.0,5.3,85.06,0.0,1.1017,99.9,0.0044,0.0001,3357179,5671889,0,0,0,0,EXP001_W002_cpu_intensive.csv
2026-08-23T12:54:55.944,289,EXP001,W002,cpu_intensive,1.0166,11.5,2000.0,0.24,11.66,61.5,71.2,11446.67,4630.2,0.0,5.3,85.06,0.0,0.6301,99.9,0.0099,0.0002,3357181,5671964,0,0,0,0,EXP001_W002_cpu_intensive.csv
2026-08-23T12:54:56.936,290,EXP001,W002,cpu_intensive,0.992,24.2,2000.0,0.24,24.03,75.4,71.0,11421.07,4655.8,0.0,5.3,85.06,0.0,0.126,99.9,0.021,0.0,3357181,5672052,0,0,0,0,EXP001_W002_cpu_intensive.csv
2026-08-23T12:54:57.947,291,EXP001,W002,cpu_intensive,1.0112,19.4,2000.0,0.24,19.27,66.7,71.0,11416.31,4660.55,0.0,5.3,85.06,0.0,0.0039,99.9,0.0186,0.0,3357181,5672133,0,0,0,0,EXP001_W002_cpu_intensive.csv
2026-08-23T12:54:58.942,292,EXP001,W002,cpu_intensive,0.995,20.1,2000.0,0.22,19.85,62.1,71.0,11420.81,4656.06,0.0,5.3,85.06,0.0,0.0039,99.9,0.0144,0.0002,3357184,5672216,0,0,0,0,EXP001_W002_cpu_intensive.csv
2026-08-23T12:54:59.928,293,EXP001,W002,cpu_intensive,0.9857,11.5,2000.0,0.22,11.26,59.4,71.0,11408.32,4668.54,0.0,5.3,85.06,0.0,0.0,99.9,0.0057,0.0001,3357186,5672266,0,0,0,0,EXP001_W002_cpu_intensive.csv
2026-08-23T12:55:00.943,294,EXP001,W002,cpu_intensive,1.0147,12.2,2000.0,0.22,12.25,53.8,71.0,11411.64,4665.22,0.0,5.3,85.06,0.0,0.0346,99.9,0.0269,0.0001,3357187,5672380,0,0,0,0,EXP001_W002_cpu_intensive.csv
2026-08-23T12:55:01.949,295,EXP001,W002,cpu_intensive,1.0068,20.6,2000.0,0.22,20.65,60.9,71.0,11414.64,4662.23,0.0,5.3,85.06,0.0078,0.0116,99.9,0.0221,0.0001,3357188,5672474,0,0,0,0,EXP001_W002_cpu_intensive.csv
2026-08-23T12:55:02.936,296,EXP001,W002,cpu_intensive,0.9869,22.7,1520.0,0.22,22.67,68.3,71.0,11413.63,4663.23,0.0,5.3,85.06,0.0,0.0515,99.9,0.0267,0.0003,3357193,5672619,0,0,0,0,EXP001_W002_cpu_intensive.csv
2026-08-23T12:55:03.937,297,EXP001,W002,cpu_intensive,1.0003,21.2,2000.0,0.2,21.17,75.0,71.0,11407.3,4669.56,0.0,5.3,85.06,0.0,0.0,99.9,0.014,0.0002,3357196,5672698,0,0,0,0,EXP001_W002_cpu_intensive.csv
2026-08-23T12:55:04.928,298,EXP001,W002,cpu_intensive,0.9912,20.4,2000.0,0.2,19.82,68.8,70.9,11403.57,4673.3,0.0,5.3,85.06,0.0315,0.2089,99.9,0.024,0.0001,3357198,5672824,0,0,0,0,EXP001_W002_cpu_intensive.csv
2026-08-23T12:55:05.940,299,EXP001,W002,cpu_intensive,1.0123,12.4,2000.0,0.2,12.52,62.7,71.0,11408.18,4668.68,0.0,5.3,85.06,0.0,0.027,99.9,0.0372,0.0,3357198,5672976,0,0,0,0,EXP001_W002_cpu_intensive.csv
2026-08-23T12:55:06.941,300,EXP001,W002,cpu_intensive,1.0013,20.4,2000.0,0.2,20.12,83.6,71.0,11408.47,4668.39,0.0,5.3,85.06,0.0,0.0897,99.9,0.0483,0.0002,3357201,5673204,0,0,0,0,EXP001_W002_cpu_intensive.csv
2026-08-23T12:08:24.233,1,EXP004,W004,disk_intensive,0.0297,34.8,3204.0,2.75,32.29,66.7,83.3,3433.89,1366.09,0.0,85.8,7029.06,1.3167,0.0,62.9,0.0,0.0,83251876,218759025,0,0,0,0,EXP004_W004_disk_intensive.csv
2026-08-23T12:08:25.215,2,EXP004,W004,disk_intensive,0.9821,26.9,3204.0,2.77,26.94,39.8,83.8,3480.31,1326.52,0.0,85.8,7029.06,8.683,0.4495,62.9,0.0219,0.0089,83251912,218759126,0,0,0,0,EXP004_W004_disk_intensive.csv
2026-08-23T12:08:26.211,3,EXP004,W004,disk_intensive,0.9952,22.8,3204.0,2.77,22.8,34.7,83.1,3425.22,1385.94,0.0,85.8,7029.06,3.466,0.0039,62.9,0.0216,0.0029,83251944,218759233,0,0,0,0,EXP004_W004_disk_intensive.csv
2026-08-23T12:08:27.211,4,EXP004,W004,disk_intensive,1.0002,25.8,3204.0,2.77,25.85,37.4,82.8,3425.05,1407.97,0.0,85.8,7029.06,24.3656,0.0234,62.9,0.0215,0.0039,83251973,218759368,0,0,0,0,EXP004_W004_disk_intensive.csv
2026-08-23T12:08:28.215,5,EXP004,W004,disk_intensive,1.0046,36.8,3204.0,2.77,36.75,62.0,83.2,3466.61,1378.66,0.0,85.8,7029.06,10.7711,0.0778,62.9,0.034,0.0087,83252015,218759528,0,0,0,0,EXP004_W004_disk_intensive.csv
2026-08-23T12:08:29.218,6,EXP004,W004,disk_intensive,1.0031,25.8,3204.0,2.77,25.81,37.4,83.5,3501.78,1350.72,0.0,85.8,7029.06,7.6523,0.0467,62.9,0.0185,0.0029,83252038,218759614,0,0,0,0,EXP004_W004_disk_intensive.csv
2026-08-23T12:08:30.215,7,EXP004,W004,disk_intensive,0.9969,19.0,3204.0,2.79,19.02,36.4,83.0,3467.27,1390.7,0.0,85.8,7029.06,4.408,0.0,62.9,0.0196,0.0245,83252095,218759709,0,0,0,0,EXP004_W004_disk_intensive.csv
2026-08-23T12:08:31.211,8,EXP004,W004,disk_intensive,0.9956,17.9,3204.0,2.79,17.95,34.3,83.0,3464.97,1391.56,0.0,85.8,7029.06,136.9721,123.7104,62.9,0.0177,0.0049,83252129,218759817,0,0,0,0,EXP004_W004_disk_intensive.csv
2026-08-23T12:08:32.215,9,EXP004,W004,disk_intensive,1.0044,18.5,3204.0,2.79,18.56,31.0,83.1,3411.25,1382.23,0.0,85.8,7029.06,173.3334,183.6006,62.9,0.0282,0.0049,83252164,218759978,0,0,0,0,EXP004_W004_disk_intensive.csv
2026-08-23T12:08:33.213,10,EXP004,W004,disk_intensive,0.9977,20.2,3204.0,2.79,20.12,31.3,83.1,3408.3,1383.45,0.0,85.8,7029.06,121.5044,1043.5718,62.9,0.0196,0.002,83252189,218760086,0,0,0,0,EXP004_W004_disk_intensive.csv
2026-08-23T12:08:34.217,11,EXP004,W004,disk_intensive,1.0046,24.0,3204.0,2.79,24.05,36.0,83.4,3365.33,1356.77,0.0,85.8,7029.06,81.6193,889.2274,62.9,0.0272,0.0039,83252221,218760240,0,0,0,0,EXP004_W004_disk_intensive.csv
2026-08-23T12:08:35.211,12,EXP004,W004,disk_intensive,0.9939,33.2,3204.0,2.79,33.14,53.5,83.5,3364.59,1355.44,0.0,85.8,7029.06,60.2335,268.3745,62.9,0.0462,0.0118,83252280,218760457,0,0,0,0,EXP004_W004_disk_intensive.csv
2026-08-23T12:08:36.210,13,EXP004,W004,disk_intensive,0.9991,27.8,3204.0,2.89,27.79,52.5,83.7,3331.86,1332.55,0.0,85.8,7029.06,28.0216,0.0547,62.9,0.0293,0.0166,83252357,218760623,0,0,0,0,EXP004_W004_disk_intensive.csv
2026-08-23T12:08:37.211,14,EXP004,W004,disk_intensive,1.0001,19.9,3204.0,2.89,20.0,41.0,83.6,3339.55,1346.34,0.0,85.8,7029.06,0.8476,0.0,62.9,0.0391,0.0068,83252391,218760784,0,0,0,0,EXP004_W004_disk_intensive.csv
2026-08-23T12:08:38.214,15,EXP004,W004,disk_intensive,1.003,19.7,3204.0,2.89,19.88,39.4,83.6,3351.0,1345.12,0.0,85.8,7029.06,7.0101,0.0,62.9,0.0253,0.0088,83252429,218760927,0,0,0,0,EXP004_W004_disk_intensive.csv
2026-08-23T12:08:39.217,16,EXP004,W004,disk_intensive,1.0033,15.3,3204.0,2.89,15.19,26.3,83.3,3356.52,1363.97,0.0,85.8,7029.06,3.6597,0.0,62.9,0.0146,0.0039,83252459,218761001,0,0,0,0,EXP004_W004_disk_intensive.csv
2026-08-23T12:08:40.212,17,EXP004,W004,disk_intensive,0.995,21.6,3204.0,2.89,21.6,45.5,83.3,3364.2,1365.47,0.0,85.8,7029.06,24.4669,0.1924,62.9,0.0196,0.0059,83252498,218761110,0,0,0,0,EXP004_W004_disk_intensive.csv
2026-08-23T12:08:41.210,18,EXP004,W004,disk_intensive,0.9984,27.4,3204.0,3.05,27.49,56.6,83.1,3348.69,1380.94,0.0,85.8,7029.06,21.1943,0.0039,62.9,0.0538,0.0166,83252578,218761343,0,0,0,0,EXP004_W004_disk_intensive.csv
2026-08-23T12:08:42.210,19,EXP004,W004,disk_intensive,1.0003,18.4,3204.0,3.05,18.8,40.0,83.3,3365.41,1371.56,0.0,85.8,7029.06,1.2105,0.0234,62.9,0.0351,0.0098,83252625,218761482,0,0,0,0,EXP004_W004_disk_intensive.csv
2026-08-23T12:08:43.210,20,EXP004,W004,disk_intensive,1.0,14.3,3204.0,3.05,13.99,30.3,83.1,3350.19,1386.91,0.0,85.8,7029.06,0.3555,0.0195,62.9,0.0469,0.0098,83252679,218761654,0,0,0,0,EXP004_W004_disk_intensive.csv
2026-08-23T12:08:44.217,21,EXP004,W004,disk_intensive,1.007,13.6,3204.0,3.05,13.59,30.7,83.2,3368.23,1372.33,0.0,85.8,7029.06,0.1552,0.0078,62.9,0.0398,0.0116,83252736,218761820,0,0,0,0,EXP004_W004_disk_intensive.csv
2026-08-23T12:08:45.211,22,EXP004,W004,disk_intensive,0.9932,17.1,3204.0,3.05,17.12,31.3,83.4,3371.06,1363.39,0.0,85.8,7029.06,3.2485,3.5789,62.9,0.0364,0.0039,83252775,218761988,0,0,0,0,EXP004_W004_disk_intensive.csv
2026-08-23T12:08:46.211,23,EXP004,W004,disk_intensive,1.0003,15.5,3204.0,2.97,15.5,31.3,83.2,3371.67,1374.34,0.0,85.8,7029.06,0.2421,0.1601,62.9,0.0195,0.0029,83252804,218762095,0,0,0,0,EXP004_W004_disk_intensive.csv
2026-08-23T12:08:47.211,24,EXP004,W004,disk_intensive,1.0004,18.8,3204.0,2.97,18.77,38.0,83.2,3372.09,1374.94,0.0,85.8,7029.06,1.1285,0.0,62.9,0.0371,0.0156,83252864,218762258,0,0,0,0,EXP004_W004_disk_intensive.csv
2026-08-23T12:08:48.210,25,EXP004,W004,disk_intensive,0.9991,20.9,3204.0,2.97,20.9,42.4,83.2,3372.09,1374.94,0.0,85.8,7029.06,0.2815,0.0,62.9,0.0147,0.0068,83252900,218762335,0,0,0,0,EXP004_W004_disk_intensive.csv
2026-08-23T12:08:49.220,26,EXP004,W004,disk_intensive,1.0098,21.8,3204.0,2.97,21.94,39.0,82.9,3374.81,1400.77,0.0,85.8,7029.06,44.5371,1.3269,62.9,0.0242,0.0039,83252930,218762460,0,0,0,0,EXP004_W004_disk_intensive.csv
2026-08-23T12:08:50.215,27,EXP004,W004,disk_intensive,0.9947,18.9,3204.0,2.97,18.88,34.3,83.5,3367.5,1352.2,0.0,85.8,7029.06,129.6107,112.595,62.9,0.0226,0.0039,83252960,218762591,0,0,0,0,EXP004_W004_disk_intensive.csv
2026-08-23T12:08:51.215,28,EXP004,W004,disk_intensive,1.0,18.9,3204.0,2.97,18.91,36.4,83.3,3352.12,1364.38,0.0,85.8,7029.06,183.1808,184.2316,62.9,0.0322,0.0029,83252995,218762738,0,0,0,0,EXP004_W004_disk_intensive.csv
2026-08-23T12:08:52.215,29,EXP004,W004,disk_intensive,1.0,17.6,3204.0,2.97,17.59,33.3,83.4,3343.02,1356.94,0.0,85.8,7029.06,166.2273,164.8758,62.9,0.0215,0.0039,83253027,218762848,0,0,0,0,EXP004_W004_disk_intensive.csv
2026-08-23T12:08:53.212,30,EXP004,W004,disk_intensive,0.997,25.2,3204.0,2.97,25.32,44.4,83.7,3326.59,1335.27,0.0,85.8,7029.06,80.4854,1465.1538,62.9,0.0362,0.0039,83253060,218763009,0,0,0,0,EXP004_W004_disk_intensive.csv
2026-08-23T12:08:54.217,31,EXP004,W004,disk_intensive,1.0054,25.9,3204.0,2.97,25.8,51.0,83.6,3323.95,1343.27,0.0,85.8,7029.06,20.7075,583.2947,62.9,0.0204,0.0029,83253089,218763110,0,0,0,0,EXP004_W004_disk_intensive.csv
2026-08-23T12:08:55.215,32,EXP004,W004,disk_intensive,0.9976,29.0,3204.0,2.97,29.15,56.0,83.8,3336.59,1326.5,0.0,85.8,7029.06,8.1331,0.0,62.9,0.0235,0.0029,83253120,218763235,0,0,0,0,EXP004_W004_disk_intensive.csv
2026-08-23T12:08:56.210,33,EXP004,W004,disk_intensive,0.9958,16.8,3204.0,2.81,16.71,36.0,83.5,3300.64,1350.69,0.0,85.8,7029.06,7.4097,2.2045,62.9,0.0343,0.0049,83253158,218763408,0,0,0,0,EXP004_W004_disk_intensive.csv
2026-08-23T12:08:57.213,34,EXP004,W004,disk_intensive,1.0031,13.2,3204.0,2.81,13.24,28.3,83.6,3313.8,1343.55,0.0,85.8,7029.06,2.6908,0.0,62.9,0.0156,0.0019,83253174,218763506,0,0,0,0,EXP004_W004_disk_intensive.csv
2026-08-23T12:08:58.211,35,EXP004,W004,disk_intensive,0.9977,16.1,3204.0,2.81,16.09,32.0,83.7,3324.47,1333.66,0.0,85.8,7029.06,3.8525,0.0,62.9,0.0529,0.0147,83253224,218763767,0,0,0,0,EXP004_W004_disk_intensive.csv
2026-08-23T12:08:59.219,36,EXP004,W004,disk_intensive,1.0074,18.3,3204.0,2.81,18.45,35.0,83.7,3337.25,1337.27,0.0,85.8,7029.06,11.7569,0.508,62.9,0.0698,0.0078,83253261,218764008,0,0,0,0,EXP004_W004_disk_intensive.csv
2026-08-23T12:09:00.215,37,EXP004,W004,disk_intensive,0.996,18.2,3204.0,2.81,18.14,34.3,83.6,3345.47,1340.67,0.0,85.8,7029.06,12.9656,0.1098,62.9,0.0461,0.0196,83253317,218764215,0,0,0,0,EXP004_W004_disk_intensive.csv
2026-08-23T12:09:01.214,38,EXP004,W004,disk_intensive,0.9999,15.0,3204.0,2.59,15.03,27.3,83.6,3345.5,1345.98,0.0,85.8,7029.06,4.6254,0.0,62.9,0.041,0.0049,83253354,218764396,0,0,0,0,EXP004_W004_disk_intensive.csv
2026-08-23T12:09:02.210,39,EXP004,W004,disk_intensive,0.996,16.6,3204.0,2.59,16.7,29.0,83.6,3352.69,1341.19,0.0,85.8,7029.06,4.2476,0.0863,62.9,0.05,0.0029,83253385,218764610,0,0,0,0,EXP004_W004_disk_intensive.csv
2026-08-23T12:09:03.210,40,EXP004,W004,disk_intensive,1.0,16.5,3204.0,2.59,16.54,30.9,83.7,3360.12,1333.25,0.0,85.8,7029.06,2.3983,0.0,62.9,0.0439,0.0049,83253419,218764803,0,0,0,0,EXP004_W004_disk_intensive.csv
2026-08-23T12:09:04.217,41,EXP004,W004,disk_intensive,1.007,15.9,3204.0,2.59,15.86,30.7,83.6,3357.38,1342.56,0.0,85.8,7029.06,2.9712,0.0,62.9,0.033,0.0107,83253485,218764959,0,0,0,0,EXP004_W004_disk_intensive.csv
2026-08-23T12:09:05.214,42,EXP004,W004,disk_intensive,0.9969,23.7,3204.0,2.59,23.79,36.7,83.4,3354.8,1358.02,0.0,85.8,7029.06,10.5638,0.0196,62.9,0.0323,0.0098,83253541,218765117,0,0,0,0,EXP004_W004_disk_intensive.csv
2026-08-23T12:09:06.210,43,EXP004,W004,disk_intensive,0.9961,20.2,3204.0,2.7,20.18,38.6,83.2,3388.5,1375.44,0.0,85.8,7029.06,9.3686,0.3294,62.9,0.0569,0.0078,83253591,218765365,0,0,0,0,EXP004_W004_disk_intensive.csv
2026-08-23T12:09:07.211,44,EXP004,W004,disk_intensive,1.001,14.5,3204.0,2.7,14.56,30.0,83.1,3380.38,1385.56,0.0,85.8,7029.06,2.5951,0.0234,62.9,0.0283,0.002,83253618,218765511,0,0,0,0,EXP004_W004_disk_intensive.csv
2026-08-23T12:09:08.213,45,EXP004,W004,disk_intensive,1.0021,14.1,3204.0,2.7,14.16,29.3,82.9,3373.81,1397.61,0.0,85.8,7029.06,1.1343,0.0,62.9,0.0185,0.0078,83253655,218765627,0,0,0,0,EXP004_W004_disk_intensive.csv
2026-08-23T12:09:09.216,46,EXP004,W004,disk_intensive,1.003,15.9,3204.0,2.7,16.0,37.4,82.9,3376.92,1398.53,0.0,85.8,7029.06,0.1558,0.0,62.9,0.0253,0.0166,83253705,218765767,0,0,0,0,EXP004_W004_disk_intensive.csv
2026-08-23T12:09:10.214,47,EXP004,W004,disk_intensive,0.9978,16.5,3204.0,2.7,16.45,37.0,82.6,3367.14,1423.08,0.0,85.8,7029.06,3.2885,0.0,62.9,0.0225,0.0088,83253747,218765894,0,0,0,0,EXP004_W004_disk_intensive.csv
2026-08-23T12:09:11.213,48,EXP004,W004,disk_intensive,0.9986,11.3,3204.0,2.65,11.34,26.3,81.8,3313.64,1488.61,0.0,85.8,7029.06,4.342,0.489,62.9,0.0078,0.0029,83253770,218765956,0,0,0,0,EXP004_W004_disk_intensive.csv
2026-08-23T12:09:12.214,49,EXP004,W004,disk_intensive,1.0014,10.1,3204.0,2.65,10.28,23.0,81.9,3327.31,1479.19,0.0,85.8,7029.06,5.8901,0.0039,62.9,0.0127,0.0029,83253792,218766015,0,0,0,0,EXP004_W004_disk_intensive.csv
2026-08-23T12:09:13.210,50,EXP004,W004,disk_intensive,0.9954,19.9,3204.0,2.65,19.85,29.0,82.6,3391.94,1428.36,0.0,85.8,7029.06,109.2656,2.4723,62.9,0.0285,0.0029,83253819,218766134,0,0,0,0,EXP004_W004_disk_intensive.csv
2026-08-23T12:09:14.216,51,EXP004,W004,disk_intensive,1.0069,26.2,3204.0,2.65,26.24,51.0,82.4,3385.72,1438.41,0.0,85.8,7029.06,13.7339,0.0155,62.8,0.0126,0.0029,83253839,218766217,0,0,0,0,EXP004_W004_disk_intensive.csv
2026-08-23T12:09:15.214,52,EXP004,W004,disk_intensive,0.9977,16.3,3204.0,2.65,16.32,30.3,82.4,3386.94,1442.55,0.0,85.8,7029.06,12.5245,0.0,62.8,0.0401,0.0049,83253874,218766404,0,0,0,0,EXP004_W004_disk_intensive.csv
2026-08-23T12:09:16.214,53,EXP004,W004,disk_intensive,1.0,10.6,3204.0,2.83,10.65,23.2,82.3,3380.59,1450.42,0.0,85.8,7029.06,2.3867,0.0,62.8,0.0205,0.002,83253902,218766530,0,0,0,0,EXP004_W004_disk_intensive.csv
2026-08-23T12:09:17.214,54,EXP004,W004,disk_intensive,1.0,11.0,3204.0,2.83,11.05,24.8,82.3,3385.53,1446.38,0.0,85.8,7029.06,7.8166,0.0195,62.8,0.0264,0.0039,83253928,218766661,0,0,0,0,EXP004_W004_disk_intensive.csv
2026-08-23T12:09:18.214,55,EXP004,W004,disk_intensive,1.0,11.1,3204.0,2.83,11.18,23.0,82.3,3386.56,1447.39,0.0,85.8,7029.06,4.9022,0.0781,62.8,0.0215,0.0029,83253961,218766771,0,0,0,0,EXP004_W004_disk_intensive.csv
2026-08-23T12:09:19.220,56,EXP004,W004,disk_intensive,1.006,14.7,3204.0,2.83,14.71,31.0,82.6,3410.7,1429.06,0.0,85.8,7029.06,0.563,0.0,62.8,0.0282,0.0049,83253998,218766930,0,0,0,0,EXP004_W004_disk_intensive.csv
2026-08-23T12:09:20.214,57,EXP004,W004,disk_intensive,0.994,12.9,3204.0,2.83,12.86,29.3,82.5,3403.36,1435.75,0.0,85.8,7029.06,2.8178,0.0,62.8,0.0354,0.0098,83254038,218767104,0,0,0,0,EXP004_W004_disk_intensive.csv
2026-08-23T12:09:21.210,58,EXP004,W004,disk_intensive,0.9964,18.9,3204.0,2.61,18.81,30.3,82.3,3438.88,1447.03,0.0,85.7,7021.06,17.8495,0.2195,62.8,0.0363,0.0314,83254167,218767272,0,0,0,0,EXP004_W004_disk_intensive.csv
2026-08-23T12:09:22.210,59,EXP004,W004,disk_intensive,1.0,20.0,3204.0,2.61,20.07,40.8,82.2,3434.25,1454.42,0.0,85.7,7021.06,16.8274,3.8162,62.8,1.0664,0.0801,83255007,218768197,0,0,0,0,EXP004_W004_disk_intensive.csv
2026-08-23T12:09:23.212,60,EXP004,W004,disk_intensive,1.0018,21.9,3204.0,2.61,22.01,41.4,82.6,3399.61,1427.38,0.0,84.5,6925.06,90.0522,8.4577,62.8,1.2614,0.0877,83256053,218769264,0,0,0,0,EXP004_W004_disk_intensive.csv
2026-08-23T12:09:24.218,61,EXP004,W004,disk_intensive,1.0059,16.1,3204.0,2.61,16.06,31.0,82.8,3405.78,1409.56,0.0,84.5,6925.06,0.4504,0.0,62.8,0.0223,0.0116,83256129,218769383,0,0,0,0,EXP004_W004_disk_intensive.csv
2026-08-23T12:09:25.214,62,EXP004,W004,disk_intensive,0.9958,14.4,3204.0,2.61,14.47,29.0,82.8,3405.78,1409.56,0.0,84.5,6925.06,0.3099,0.0,62.8,0.0343,0.0078,83256173,218769523,0,0,0,0,EXP004_W004_disk_intensive.csv
2026-08-23T12:09:26.210,63,EXP004,W004,disk_intensive,0.9965,16.4,3204.0,2.48,16.4,32.7,82.5,3411.41,1436.5,0.0,84.4,6917.06,7.6672,0.0,62.8,0.0519,0.0108,83256238,218769927,0,0,0,0,EXP004_W004_disk_intensive.csv
2026-08-23T12:09:27.212,64,EXP004,W004,disk_intensive,1.0022,17.9,3204.0,2.48,17.89,33.0,82.5,3408.22,1433.41,0.0,84.4,6917.06,8.1424,0.2767,62.8,0.038,0.0175,83256322,218770090,0,0,0,0,EXP004_W004_disk_intensive.csv
2026-08-23T12:09:28.211,65,EXP004,W004,disk_intensive,0.9987,15.5,3204.0,2.48,15.51,29.3,82.7,3423.44,1416.28,0.0,84.4,6917.06,1.3729,0.0196,62.8,0.0215,0.0108,83256372,218770201,0,0,0,0,EXP004_W004_disk_intensive.csv
2026-08-23T12:09:29.217,66,EXP004,W004,disk_intensive,1.0061,14.1,3204.0,2.48,14.11,30.0,82.5,3417.19,1433.3,0.0,84.4,6917.06,3.537,0.0311,62.8,0.033,0.0039,83256408,218770339,0,0,0,0,EXP004_W004_disk_intensive.csv
2026-08-23T12:09:30.214,67,EXP004,W004,disk_intensive,0.9965,16.2,3204.0,2.48,16.38,35.4,82.5,3414.69,1436.86,0.0,84.4,6917.06,0.3842,0.0,62.8,0.0333,0.0039,83256449,218770484,0,0,0,0,EXP004_W004_disk_intensive.csv
2026-08-23T12:09:31.214,68,EXP004,W004,disk_intensive,1.0,16.5,3204.0,2.36,16.43,35.4,82.3,3400.53,1451.94,0.0,84.4,6917.06,1.3086,0.0898,62.8,0.0371,0.0117,83256494,218770653,0,0,0,0,EXP004_W004_disk_intensive.csv
2026-08-23T12:09:32.214,69,EXP004,W004,disk_intensive,1.0,14.6,3204.0,2.36,14.64,29.3,82.5,3416.42,1432.62,0.0,84.4,6917.06,0.3594,0.0,62.8,0.0479,0.0039,83256530,218770853,0,0,0,0,EXP004_W004_disk_intensive.csv
2026-08-23T12:09:33.210,70,EXP004,W004,disk_intensive,0.9967,13.6,3204.0,2.36,13.6,29.6,82.5,3415.08,1432.44,0.0,84.4,6917.06,0.3566,0.0,62.8,0.0647,0.0059,83256573,218771127,0,0,0,0,EXP004_W004_disk_intensive.csv
2026-08-23T12:09:34.217,71,EXP004,W004,disk_intensive,1.0071,15.2,3204.0,2.36,15.2,30.7,82.5,3418.03,1432.44,0.0,84.4,6917.06,0.2056,1.6678,62.8,0.064,0.0136,83256654,218771438,0,0,0,0,EXP004_W004_disk_intensive.csv
2026-08-23T12:09:35.213,72,EXP004,W004,disk_intensive,0.9962,16.2,3204.0,2.36,16.21,31.3,82.5,3414.88,1436.39,0.0,84.4,6917.06,0.1921,0.9686,62.8,0.0549,0.0039,83256698,218771701,0,0,0,0,EXP004_W004_disk_intensive.csv
2026-08-23T12:09:36.210,73,EXP004,W004,disk_intensive,0.9968,13.1,3204.0,2.33,13.22,28.6,82.4,3415.67,1440.58,0.0,84.4,6917.06,0.1959,0.0039,62.8,0.046,0.0049,83256737,218771926,0,0,0,0,EXP004_W004_disk_intensive.csv
2026-08-23T12:09:37.213,74,EXP004,W004,disk_intensive,1.0026,14.1,3204.0,2.33,14.19,32.0,82.4,3418.22,1438.56,0.0,84.4,6917.06,0.0,0.0,62.8,0.0468,0.0097,83256793,218772182,0,0,0,0,EXP004_W004_disk_intensive.csv
2026-08-23T12:09:38.213,75,EXP004,W004,disk_intensive,1.0006,16.4,3204.0,2.33,16.51,30.0,82.4,3421.73,1439.69,0.0,84.4,6917.06,0.7925,0.652,62.8,0.0498,0.0166,83256871,218772441,0,0,0,0,EXP004_W004_disk_intensive.csv
2026-08-23T12:09:39.219,76,EXP004,W004,disk_intensive,1.0056,14.6,3204.0,2.33,14.51,31.0,82.5,3426.61,1435.69,0.0,84.4,6917.06,0.0816,0.0,62.8,0.0495,0.0155,83256957,218772700,0,0,0,0,EXP004_W004_disk_intensive.csv
2026-08-23T12:09:40.213,77,EXP004,W004,disk_intensive,0.9945,15.8,3204.0,2.33,15.78,30.3,82.4,3419.61,1441.8,0.0,84.4,6917.06,0.0,0.0,62.8,0.0354,0.0157,83257036,218772874,0,0,0,0,EXP004_W004_disk_intensive.csv
2026-08-23T12:09:41.210,78,EXP004,W004,disk_intensive,0.9969,16.8,3204.0,2.22,16.79,32.7,82.2,3425.8,1457.39,0.0,84.4,6917.06,0.9287,0.1411,62.8,0.0793,0.0284,83257128,218773149,0,0,0,0,EXP004_W004_disk_intensive.csv
2026-08-23T12:09:42.211,79,EXP004,W004,disk_intensive,1.0009,16.0,3204.0,2.22,16.18,32.0,82.4,3435.22,1443.45,0.0,84.4,6917.06,0.0468,0.0312,62.8,0.0615,0.0224,83257184,218773381,0,0,0,0,EXP004_W004_disk_intensive.csv
2026-08-23T12:09:43.212,80,EXP004,W004,disk_intensive,1.0006,15.2,3204.0,2.22,15.1,33.3,82.3,3431.36,1447.14,0.0,84.4,6917.06,0.1288,0.0,62.8,0.0322,0.0029,83257213,218773538,0,0,0,0,EXP004_W004_disk_intensive.csv
2026-08-23T12:09:44.218,81,EXP004,W004,disk_intensive,1.0066,20.6,3204.0,2.22,20.88,45.0,82.1,3407.16,1470.12,0.0,84.4,6917.06,0.1125,0.0,62.8,0.0301,0.0039,83257242,218773698,0,0,0,0,EXP004_W004_disk_intensive.csv
2026-08-23T12:09:45.213,82,EXP004,W004,disk_intensive,0.995,16.8,3204.0,2.22,16.59,34.3,82.0,3401.09,1477.33,0.0,84.4,6917.06,1.6489,0.0,62.8,0.0766,0.0059,83257284,218773973,0,0,0,0,EXP004_W004_disk_intensive.csv
2026-08-23T12:09:46.213,83,EXP004,W004,disk_intensive,1.0,14.9,3204.0,2.04,14.91,32.0,82.1,3418.17,1462.31,0.0,84.4,6917.06,1.4063,0.0,62.8,0.0586,0.0039,83257316,218774244,0,0,0,0,EXP004_W004_disk_intensive.csv
2026-08-23T12:09:47.211,84,EXP004,W004,disk_intensive,0.9975,14.2,3204.0,2.04,14.44,32.3,82.0,3408.92,1473.58,0.0,84.4,6917.06,0.2506,0.0,62.8,0.0529,0.0049,83257351,218774460,0,0,0,0,EXP004_W004_disk_intensive.csv
2026-08-23T12:09:48.211,85,EXP004,W004,disk_intensive,1.0005,14.1,3204.0,2.04,13.85,30.0,81.8,3396.33,1489.17,0.0,84.4,6917.06,0.0,0.0,62.8,0.0615,0.0107,83257398,218774704,0,0,0,0,EXP004_W004_disk_intensive.csv
2026-08-23T12:09:49.215,86,EXP004,W004,disk_intensive,1.0043,19.2,3204.0,2.04,19.31,35.0,82.0,3429.38,1475.78,0.0,84.4,6917.06,8.0633,0.0,62.8,0.0622,0.0029,83257422,218774983,0,0,0,0,EXP004_W004_disk_intensive.csv
2026-08-23T12:09:50.213,87,EXP004,W004,disk_intensive,0.9977,14.6,3204.0,2.04,14.65,32.7,82.0,3434.81,1474.73,0.0,84.4,6917.06,5.7708,0.0,62.8,0.0284,0.0029,83257456,218775131,0,0,0,0,EXP004_W004_disk_intensive.csv
2026-08-23T12:09:51.213,88,EXP004,W004,disk_intensive,1.0,12.1,3204.0,1.88,12.1,26.3,82.0,3440.75,1476.73,0.0,84.4,6917.06,5.0194,0.0078,62.8,0.0439,0.0059,83257503,218775344,0,0,0,0,EXP004_W004_disk_intensive.csv
2026-08-23T12:09:52.213,89,EXP004,W004,disk_intensive,0.9995,16.1,3204.0,1.88,16.12,30.7,82.1,3453.06,1463.62,0.0,84.4,6917.06,0.2267,3.2947,62.8,0.0645,0.0098,83257544,218775647,0,0,0,0,EXP004_W004_disk_intensive.csv
2026-08-23T12:09:53.212,90,EXP004,W004,disk_intensive,0.9995,17.2,3204.0,1.88,17.26,37.4,82.0,3445.77,1473.64,0.0,84.4,6917.06,0.5784,0.0156,62.8,0.1163,0.0449,83257841,218776059,0,0,0,0,EXP004_W004_disk_intensive.csv
2026-08-23T12:09:54.216,91,EXP004,W004,disk_intensive,1.0045,26.5,3204.0,1.88,26.6,51.0,82.0,3460.47,1477.64,0.0,84.4,6917.06,10.5538,0.0078,62.8,0.0399,0.0049,83257878,218776275,0,0,0,0,EXP004_W004_disk_intensive.csv
2026-08-23T12:09:55.212,92,EXP004,W004,disk_intensive,0.9957,27.8,3204.0,1.88,27.95,56.0,81.5,3463.95,1517.83,0.0,84.4,6917.06,1.377,0.0432,62.8,0.0696,0.0098,83257925,218776520,0,0,0,0,EXP004_W004_disk_intensive.csv
2026-08-23T12:09:56.211,93,EXP004,W004,disk_intensive,0.9989,14.2,3204.0,1.81,14.1,32.0,81.6,3478.2,1504.25,0.0,84.4,6917.06,0.0,0.0,62.8,0.0469,0.0029,83257961,218776751,0,0,0,0,EXP004_W004_disk_intensive.csv
2026-08-23T12:09:57.213,94,EXP004,W004,disk_intensive,1.0018,13.1,3204.0,1.81,13.24,26.0,81.8,3490.84,1493.66,0.0,84.4,6917.06,0.0,0.0039,62.8,0.0273,0.0029,83257981,218776889,0,0,0,0,EXP004_W004_disk_intensive.csv
2026-08-23T12:09:58.210,95,EXP004,W004,disk_intensive,0.9973,11.9,3204.0,1.81,12.03,27.0,81.8,3490.84,1493.66,0.0,84.4,6917.06,0.8147,0.2193,62.8,0.0343,0.0088,83258015,218777033,0,0,0,0,EXP004_W004_disk_intensive.csv
2026-08-23T12:09:59.219,96,EXP004,W004,disk_intensive,1.0087,15.8,3204.0,1.81,15.68,33.3,81.5,3463.75,1517.64,0.0,84.4,6917.06,2.4048,0.2904,62.8,0.0445,0.0077,83258042,218777177,0,0,0,0,EXP004_W004_disk_intensive.csv
2026-08-23T12:10:00.209,97,EXP004,W004,disk_intensive,0.9906,15.4,3204.0,1.81,15.44,29.3,81.5,3467.41,1515.39,0.0,84.4,6917.06,0.2011,0.0,62.8,0.0394,0.003,83258074,218777373,0,0,0,0,EXP004_W004_disk_intensive.csv
2026-08-23T12:10:01.213,98,EXP004,W004,disk_intensive,1.0034,10.5,3204.0,1.67,10.55,21.2,81.5,3467.39,1514.53,0.0,84.4,6917.06,0.0506,0.0039,62.8,0.0457,0.0039,83258105,218777589,0,0,0,0,EXP004_W004_disk_intensive.csv
2026-08-23T12:10:02.210,99,EXP004,W004,disk_intensive,0.9975,14.2,3204.0,1.67,14.45,24.0,81.6,3442.91,1504.28,0.0,84.4,6917.06,5.1689,1.4802,62.8,0.0225,0.0088,83258141,218777717,0,0,0,0,EXP004_W004_disk_intensive.csv
2026-08-23T12:10:03.213,100,EXP004,W004,disk_intensive,1.0024,10.4,3204.0,1.67,10.24,23.5,81.6,3443.89,1504.3,0.0,84.4,6917.06,0.0585,0.0,62.8,0.0175,0.0019,83258163,218777816,0,0,0,0,EXP004_W004_disk_intensive.csv
2026-08-23T12:10:04.215,101,EXP004,W004,disk_intensive,1.0027,10.8,3204.0,1.67,10.82,24.8,81.5,3432.06,1514.02,0.0,84.4,6917.06,0.0,0.0312,62.8,0.0282,0.0029,83258187,218777948,0,0,0,0,EXP004_W004_disk_intensive.csv
2026-08-23T12:10:05.213,102,EXP004,W004,disk_intensive,0.9973,14.9,3204.0,1.67,14.99,28.6,82.0,3452.38,1475.16,0.0,84.4,6917.06,0.0666,0.0,62.8,0.048,0.0049,83258216,218778172,0,0,0,0,EXP004_W004_disk_intensive.csv
2026-08-23T12:10:06.213,103,EXP004,W004,disk_intensive,1.0,11.5,3204.0,1.69,11.43,26.0,81.8,3440.72,1489.2,0.0,84.4,6917.06,0.0,0.0039,62.8,0.042,0.0039,83258247,218778384,0,0,0,0,EXP004_W004_disk_intensive.csv
2026-08-23T12:10:07.212,104,EXP004,W004,disk_intensive,0.9997,15.2,3204.0,1.69,15.22,34.0,81.9,3448.25,1481.61,0.0,84.4,6917.06,0.0,0.0,62.8,0.0469,0.0039,83258280,218778589,0,0,0,0,EXP004_W004_disk_intensive.csv
2026-08-23T12:10:08.213,105,EXP004,W004,disk_intensive,1.0003,16.2,3204.0,1.69,16.34,34.3,81.8,3439.88,1492.86,0.0,84.4,6917.06,0.3671,0.0312,62.8,0.0488,0.0078,83258313,218778819,0,0,0,0,EXP004_W004_disk_intensive.csv
2026-08-23T12:10:09.219,106,EXP004,W004,disk_intensive,1.0063,13.7,3204.0,1.69,13.64,30.0,82.0,3455.42,1478.62,0.0,84.4,6917.06,0.066,0.1747,62.8,0.0505,0.0107,83258358,218779036,0,0,0,0,EXP004_W004_disk_intensive.csv
2026-08-23T12:10:10.213,107,EXP004,W004,disk_intensive,0.9937,14.0,3204.0,1.69,14.0,32.3,81.9,3451.59,1483.23,0.0,84.4,6917.06,0.0275,0.0,62.8,0.0442,0.0029,83258385,218779244,0,0,0,0,EXP004_W004_disk_intensive.csv
2026-08-23T12:10:11.210,108,EXP004,W004,disk_intensive,0.9977,14.6,3204.0,1.8,14.76,30.6,82.1,3454.61,1469.58,0.0,84.4,6917.06,0.0744,1.1668,62.8,0.047,0.0049,83258421,218779463,0,0,0,0,EXP004_W004_disk_intensive.csv
2026-08-23T12:10:12.211,109,EXP004,W004,disk_intensive,1.0004,17.7,3204.0,1.8,17.66,35.0,82.0,3454.66,1471.03,0.0,84.4,6917.06,2.1085,0.0,62.8,0.0625,0.0098,83258485,218779831,0,0,0,0,EXP004_W004_disk_intensive.csv
2026-08-23T12:10:13.208,110,EXP004,W004,disk_intensive,0.9976,16.6,3204.0,1.8,16.75,30.6,82.1,3451.72,1463.3,0.0,84.4,6917.06,0.5443,0.0,62.8,0.0607,0.0206,83258565,218780166,0,0,0,0,EXP004_W004_disk_intensive.csv
2026-08-23T12:10:14.219,111,EXP004,W004,disk_intensive,1.0107,14.2,3204.0,1.8,14.06,28.4,82.2,3455.52,1462.14,0.0,84.4,6917.06,0.1044,0.0,62.8,0.0444,0.0039,83258601,218780387,0,0,0,0,EXP004_W004_disk_intensive.csv
2026-08-23T12:10:15.212,112,EXP004,W004,disk_intensive,0.9937,13.6,3204.0,1.8,13.71,29.9,82.0,3428.83,1477.11,0.0,84.4,6917.06,1.195,0.0079,62.8,0.0256,0.0029,83258622,218780516,0,0,0,0,EXP004_W004_disk_intensive.csv
2026-08-23T12:10:16.212,113,EXP004,W004,disk_intensive,0.9995,16.0,3204.0,1.81,15.96,36.0,81.9,3423.34,1483.53,0.0,84.4,6917.06,0.0,0.0,62.8,0.044,0.0029,83258655,218780732,0,0,0,0,EXP004_W004_disk_intensive.csv
2026-08-23T12:10:17.211,114,EXP004,W004,disk_intensive,0.9989,16.7,3204.0,1.81,16.9,36.4,82.1,3438.75,1469.62,0.0,84.4,6917.06,0.0,0.0,62.8,0.0528,0.0049,83258691,218780981,0,0,0,0,EXP004_W004_disk_intensive.csv
2026-08-23T12:10:18.211,115,EXP004,W004,disk_intensive,1.0004,17.6,3204.0,1.81,17.49,32.3,82.0,3450.62,1474.89,0.0,84.4,6917.06,0.0,0.0156,62.8,0.0664,0.0039,83258726,218781284,0,0,0,0,EXP004_W004_disk_intensive.csv
2026-08-23T12:10:19.213,116,EXP004,W004,disk_intensive,1.0017,15.1,3204.0,1.81,15.07,31.3,82.0,3442.69,1473.73,0.0,84.4,6917.06,0.5108,0.0234,62.8,0.0731,0.0049,83258771,218781651,0,0,0,0,EXP004_W004_disk_intensive.csv
2026-08-23T12:10:20.212,117,EXP004,W004,disk_intensive,0.9995,16.5,3204.0,1.81,16.65,34.0,81.9,3436.95,1480.67,0.0,84.4,6917.06,0.0078,0.0,62.8,0.0352,0.0029,83258798,218781824,0,0,0,0,EXP004_W004_disk_intensive.csv
2026-08-23T12:10:21.211,118,EXP004,W004,disk_intensive,0.9989,16.7,3204.0,1.99,16.75,35.4,81.9,3436.95,1480.67,0.0,84.4,6917.06,3.2732,0.0039,62.8,0.0225,0.0029,83258828,218781944,0,0,0,0,EXP004_W004_disk_intensive.csv
2026-08-23T12:10:22.212,119,EXP004,W004,disk_intensive,1.0011,18.9,3204.0,1.99,18.8,38.0,82.1,3435.25,1462.47,0.0,84.4,6917.06,11.1438,3.7887,62.8,0.0332,0.0078,83258873,218782116,0,0,0,0,EXP004_W004_disk_intensive.csv
2026-08-23T12:10:23.212,120,EXP004,W004,disk_intensive,1.0,15.1,3204.0,1.99,15.12,32.3,82.1,3434.47,1463.53,0.0,84.4,6917.06,0.0664,0.0,62.8,0.0371,0.0195,83258945,218782318,0,0,0,0,EXP004_W004_disk_intensive.csv
2026-08-23T12:10:24.218,121,EXP004,W004,disk_intensive,1.0063,13.8,3204.0,1.99,13.82,30.0,82.0,3426.62,1473.02,0.0,84.4,6917.06,0.0,0.0,62.8,0.0699,0.0165,83259029,218782642,0,0,0,0,EXP004_W004_disk_intensive.csv
2026-08-23T12:10:25.209,122,EXP004,W004,disk_intensive,0.9903,15.1,3204.0,1.99,15.12,26.3,82.2,3443.78,1454.7,0.0,84.4,6917.06,0.0,0.0,62.8,0.0404,0.0049,83259067,218782852,0,0,0,0,EXP004_W004_disk_intensive.csv
2026-08-23T12:10:26.210,123,EXP004,W004,disk_intensive,1.0016,17.9,3204.0,1.83,17.96,37.4,82.3,3439.08,1452.83,0.0,84.4,6917.06,12.2536,1.1271,62.8,0.0536,0.0039,83259104,218783093,0,0,0,0,EXP004_W004_disk_intensive.csv
2026-08-23T12:10:27.210,124,EXP004,W004,disk_intensive,0.9998,23.7,3204.0,1.83,23.82,48.5,83.0,3381.38,1390.03,0.0,84.4,6917.06,31.4355,0.4376,62.8,0.04,0.0117,83259171,218783292,0,0,0,0,EXP004_W004_disk_intensive.csv
2026-08-23T12:10:28.212,125,EXP004,W004,disk_intensive,1.002,22.5,3204.0,1.83,22.49,41.8,83.1,3374.58,1382.14,0.0,84.4,6917.06,11.5515,3.7309,62.8,0.0741,0.0263,83259281,218783623,0,0,0,0,EXP004_W004_disk_intensive.csv
2026-08-23T12:10:29.217,126,EXP004,W004,disk_intensive,1.0052,21.1,3204.0,1.83,21.18,39.4,82.9,3357.98,1402.14,0.0,84.4,6917.06,5.211,2.3121,62.8,0.3828,0.0243,83259472,218784168,0,0,0,0,EXP004_W004_disk_intensive.csv
2026-08-23T12:10:30.211,127,EXP004,W004,disk_intensive,0.9934,28.6,3204.0,1.83,28.64,55.0,83.0,3359.84,1393.69,0.0,84.4,6917.06,5.8432,2.0486,62.8,0.4925,0.0187,83259649,218784809,0,0,0,0,EXP004_W004_disk_intensive.csv
2026-08-23T12:10:31.212,128,EXP004,W004,disk_intensive,1.0014,26.5,3204.0,2.0,26.56,50.5,83.3,3357.67,1369.19,0.0,84.4,6917.06,8.5351,0.0,62.8,0.0341,0.0088,83259705,218784982,0,0,0,0,EXP004_W004_disk_intensive.csv
2026-08-23T12:10:32.210,129,EXP004,W004,disk_intensive,0.9976,31.9,3204.0,2.0,32.0,60.2,83.4,3363.91,1357.09,0.0,84.4,6917.06,27.1627,1.1982,62.8,0.0352,0.0039,83259742,218785148,0,0,0,0,EXP004_W004_disk_intensive.csv
2026-08-23T12:10:33.212,130,EXP004,W004,disk_intensive,1.0024,37.3,3204.0,2.0,37.35,63.4,84.2,3304.67,1297.17,0.0,84.4,6917.06,38.4354,4.5477,62.8,0.3829,0.0263,83259911,218785607,0,0,0,0,EXP004_W004_disk_intensive.csv
2026-08-23T12:10:34.218,131,EXP004,W004,disk_intensive,1.0063,28.1,3204.0,2.0,28.19,56.6,83.2,3304.86,1373.47,0.0,84.4,6917.06,10.8616,0.0,62.8,0.0485,0.0155,83259983,218785844,0,0,0,0,EXP004_W004_disk_intensive.csv
2026-08-23T12:10:35.207,132,EXP004,W004,disk_intensive,0.9894,26.1,3204.0,2.0,26.24,52.0,83.4,3327.97,1360.22,0.0,84.4,6917.06,3.3994,0.0,62.8,0.0247,0.0128,83260051,218785988,0,0,0,0,EXP004_W004_disk_intensive.csv
2026-08-23T12:10:36.212,133,EXP004,W004,disk_intensive,1.0042,45.1,3204.0,2.16,45.26,83.7,83.4,3362.39,1356.5,0.0,84.3,6909.06,27.936,3.069,62.8,0.0535,0.0136,83260148,218786274,0,0,0,0,EXP004_W004_disk_intensive.csv
2026-08-23T12:10:37.211,134,EXP004,W004,disk_intensive,0.9995,47.2,3204.0,2.16,47.64,91.8,83.5,3356.59,1355.28,0.0,84.3,6909.06,30.8129,0.0078,62.8,0.0381,0.0137,83260251,218786475,0,0,0,0,EXP004_W004_disk_intensive.csv
2026-08-23T12:10:38.207,135,EXP004,W004,disk_intensive,0.9962,30.4,3204.0,2.16,30.36,59.6,83.5,3350.19,1352.48,0.0,84.3,6909.06,17.6768,0.7215,62.8,0.0441,0.0098,83260299,218786695,0,0,0,0,EXP004_W004_disk_intensive.csv
2026-08-23T12:10:39.216,136,EXP004,W004,disk_intensive,1.009,31.3,3204.0,2.16,31.38,61.0,83.4,3349.23,1356.48,0.0,84.3,6909.06,2.3616,1.808,62.8,0.0445,0.0136,83260378,218786926,0,0,0,0,EXP004_W004_disk_intensive.csv
2026-08-23T12:10:40.210,137,EXP004,W004,disk_intensive,0.9936,30.0,3204.0,2.16,30.21,58.2,83.5,3333.67,1350.09,0.0,84.2,6901.06,26.1605,0.055,62.8,0.0609,0.0206,83260483,218787219,0,0,0,0,EXP004_W004_disk_intensive.csv
2026-08-23T12:10:41.212,138,EXP004,W004,disk_intensive,1.0019,43.3,3204.0,2.23,43.27,76.0,83.8,3306.83,1323.81,0.0,84.2,6901.06,19.6895,0.7993,62.8,0.0351,0.0175,83260563,218787393,0,0,0,0,EXP004_W004_disk_intensive.csv
2026-08-23T12:10:42.212,139,EXP004,W004,disk_intensive,1.0,45.4,3204.0,2.23,45.4,86.1,83.7,3305.72,1331.92,0.0,84.2,6901.06,17.8044,0.1367,62.8,0.0674,0.0068,83260618,218787699,0,0,0,0,EXP004_W004_disk_intensive.csv
2026-08-23T12:10:43.209,140,EXP004,W004,disk_intensive,0.9972,36.9,3204.0,2.23,36.95,70.7,83.8,3310.36,1329.92,0.0,84.2,6901.06,8.5673,0.2115,62.8,0.0509,0.0137,83260698,218787992,0,0,0,0,EXP004_W004_disk_intensive.csv
2026-08-23T12:10:44.217,141,EXP004,W004,disk_intensive,1.008,37.7,3204.0,2.23,37.88,78.0,83.9,3300.97,1317.25,0.0,84.2,6901.06,14.6987,0.1705,62.8,0.0329,0.0223,83260785,218788174,0,0,0,0,EXP004_W004_disk_intensive.csv
2026-08-23T12:10:45.212,142,EXP004,W004,disk_intensive,0.9948,38.0,3204.0,2.23,38.05,72.7,83.9,3304.22,1320.55,0.0,84.2,6901.06,18.3021,0.4751,62.8,0.0236,0.0177,83260883,218788328,0,0,0,0,EXP004_W004_disk_intensive.csv
2026-08-23T12:10:46.211,143,EXP004,W004,disk_intensive,0.9996,45.4,3204.0,2.45,45.39,84.2,83.9,3292.31,1318.84,0.0,84.1,6893.06,22.5012,0.0742,62.8,0.0606,0.0195,83260986,218788644,0,0,0,0,EXP004_W004_disk_intensive.csv
2026-08-23T12:10:47.210,144,EXP004,W004,disk_intensive,0.999,41.2,3204.0,2.45,41.3,80.8,84.2,3286.06,1297.56,0.0,84.1,6893.06,10.8195,0.0117,62.8,0.0332,0.0029,83261021,218788815,0,0,0,0,EXP004_W004_disk_intensive.csv
2026-08-23T12:10:48.208,145,EXP004,W004,disk_intensive,0.9982,43.3,3204.0,2.45,43.35,80.0,84.2,3292.55,1290.25,0.0,84.1,6893.06,7.5373,0.043,62.8,0.0607,0.0117,83261070,218789083,0,0,0,0,EXP004_W004_disk_intensive.csv
2026-08-23T12:10:49.217,146,EXP004,W004,disk_intensive,1.0087,38.6,3204.0,2.45,38.55,75.0,84.3,3282.05,1285.97,0.0,84.1,6893.06,15.3979,0.0077,62.8,0.0397,0.0116,83261141,218789307,0,0,0,0,EXP004_W004_disk_intensive.csv
2026-08-23T12:10:50.209,147,EXP004,W004,disk_intensive,0.9917,36.4,3204.0,2.45,36.54,70.7,84.4,3272.83,1281.16,0.0,84.1,6893.06,13.6643,0.8075,62.8,0.0128,0.0148,83261217,218789408,0,0,0,0,EXP004_W004_disk_intensive.csv
2026-08-23T12:10:51.211,148,EXP004,W004,disk_intensive,1.0026,24.3,3204.0,2.33,24.18,50.5,84.2,3262.42,1293.86,0.0,84.1,6893.06,12.8881,0.8493,62.8,0.0409,0.0166,83261297,218789600,0,0,0,0,EXP004_W004_disk_intensive.csv
2026-08-23T12:10:52.210,149,EXP004,W004,disk_intensive,0.999,27.4,3204.0,2.33,27.45,58.6,84.3,3273.72,1286.27,0.0,84.1,6893.06,10.1077,3.6794,62.8,0.0469,0.0156,83261380,218789846,0,0,0,0,EXP004_W004_disk_intensive.csv
2026-08-23T12:10:53.211,150,EXP004,W004,disk_intensive,1.0013,27.9,3204.0,2.33,28.07,57.0,84.0,3271.12,1313.16,0.0,84.1,6893.06,8.7896,0.0117,62.8,0.0224,0.0068,83261425,218789991,0,0,0,0,EXP004_W004_disk_intensive.csv
2026-08-23T12:10:54.214,151,EXP004,W004,disk_intensive,1.0031,32.3,3204.0,2.33,32.17,63.0,83.9,3269.12,1320.25,0.0,84.1,6893.06,20.1828,0.0078,62.8,0.037,0.0029,83261454,218790155,0,0,0,0,EXP004_W004_disk_intensive.csv
2026-08-23T12:10:55.207,152,EXP004,W004,disk_intensive,0.9922,29.5,3204.0,2.33,29.59,58.6,84.3,3270.61,1283.84,0.0,84.1,6893.06,9.6024,1.9528,62.8,0.0413,0.0098,83261496,218790380,0,0,0,0,EXP004_W004_disk_intensive.csv
2026-08-23T12:10:56.211,153,EXP004,W004,disk_intensive,1.0045,20.5,3204.0,2.47,20.51,45.0,84.3,3275.22,1284.97,0.0,84.1,6893.06,8.7183,0.0,62.8,0.0175,0.0078,83261545,218790532,0,0,0,0,EXP004_W004_disk_intensive.csv
2026-08-23T12:10:57.211,154,EXP004,W004,disk_intensive,0.9998,26.6,3204.0,2.47,26.69,54.0,84.7,3257.61,1255.31,0.0,84.1,6893.06,15.214,0.0352,62.8,0.0254,0.0166,83261628,218790702,0,0,0,0,EXP004_W004_disk_intensive.csv
2026-08-23T12:10:58.210,155,EXP004,W004,disk_intensive,0.9992,26.0,3204.0,2.47,25.96,47.5,84.9,3236.42,1237.53,0.0,84.1,6893.06,15.9659,1.4973,62.8,0.0352,0.0205,83261722,218790904,0,0,0,0,EXP004_W004_disk_intensive.csv
2026-08-23T12:10:59.213,156,EXP004,W004,disk_intensive,1.0031,23.8,3204.0,2.47,23.93,51.5,84.8,3238.27,1247.03,0.0,84.1,6893.06,16.3439,0.3076,62.8,0.0341,0.0146,83261800,218791091,0,0,0,0,EXP004_W004_disk_intensive.csv
2026-08-23T12:11:00.210,157,EXP004,W004,disk_intensive,0.9969,26.4,3204.0,2.47,26.45,56.6,84.7,3232.2,1254.72,0.0,84.1,6893.06,13.702,0.0,62.8,0.0245,0.0108,83261860,218791227,0,0,0,0,EXP004_W004_disk_intensive.csv
2026-08-23T12:11:01.211,158,EXP004,W004,disk_intensive,1.0011,29.5,3204.0,2.59,29.45,56.0,84.7,3243.08,1249.88,0.0,84.1,6893.06,7.527,0.0195,62.8,0.0254,0.0137,83261941,218791373,0,0,0,0,EXP004_W004_disk_intensive.csv
2026-08-23T12:11:02.211,159,EXP004,W004,disk_intensive,0.9996,24.2,3204.0,2.59,24.38,53.1,84.8,3244.55,1244.66,0.0,84.1,6893.06,11.665,0.1485,62.8,0.0469,0.0068,83261992,218791560,0,0,0,0,EXP004_W004_disk_intensive.csv
2026-08-23T12:11:03.210,160,EXP004,W004,disk_intensive,0.9994,24.2,3204.0,2.59,24.29,53.0,84.9,3241.05,1238.94,0.0,84.1,6893.06,12.5505,0.0313,62.8,0.0264,0.0029,83262023,218791706,0,0,0,0,EXP004_W004_disk_intensive.csv
2026-08-23T12:11:04.216,161,EXP004,W004,disk_intensive,1.0063,23.8,3204.0,2.59,24.0,53.0,84.8,3235.16,1241.75,0.0,84.1,6893.06,14.4865,0.9665,62.8,0.0408,0.0068,83262069,218791896,0,0,0,0,EXP004_W004_disk_intensive.csv
2026-08-23T12:11:05.207,162,EXP004,W004,disk_intensive,0.9908,24.7,3204.0,2.59,24.54,52.5,84.8,3235.16,1241.75,0.0,84.1,6893.06,14.0237,0.0907,62.8,0.0375,0.0138,83262124,218792099,0,0,0,0,EXP004_W004_disk_intensive.csv
2026-08-23T12:11:06.210,163,EXP004,W004,disk_intensive,1.0031,25.6,3204.0,2.62,25.62,53.5,84.6,3224.02,1263.33,0.0,84.1,6893.06,13.1034,0.0039,62.8,0.0399,0.0049,83262157,218792278,0,0,0,0,EXP004_W004_disk_intensive.csv
2026-08-23T12:11:07.211,164,EXP004,W004,disk_intensive,1.0008,25.8,3204.0,2.62,25.94,56.0,84.7,3241.19,1252.56,0.0,84.1,6893.06,9.8199,0.039,62.8,0.0283,0.0068,83262204,218792442,0,0,0,0,EXP004_W004_disk_intensive.csv
2026-08-23T12:11:08.210,165,EXP004,W004,disk_intensive,0.9991,21.9,3204.0,2.62,21.85,47.0,84.8,3247.33,1248.47,0.0,84.1,6893.06,9.0279,0.0,62.8,0.0323,0.0108,83262256,218792612,0,0,0,0,EXP004_W004_disk_intensive.csv
2026-08-23T12:11:09.217,166,EXP004,W004,disk_intensive,1.0071,26.4,3204.0,2.62,26.36,50.0,84.7,3245.08,1254.44,0.0,84.1,6893.06,1.4157,0.0,62.8,0.0194,0.0223,83262339,218792742,0,0,0,0,EXP004_W004_disk_intensive.csv
2026-08-23T12:11:10.208,167,EXP004,W004,disk_intensive,0.9904,23.7,3204.0,2.62,23.71,49.5,84.6,3242.34,1259.31,0.0,84.1,6893.06,0.4023,0.0197,62.8,0.0266,0.0059,83262379,218792884,0,0,0,0,EXP004_W004_disk_intensive.csv
2026-08-23T12:11:11.207,168,EXP004,W004,disk_intensive,0.999,29.0,3204.0,2.57,29.12,58.4,83.8,3235.05,1327.66,0.0,84.1,6893.06,0.129,0.0156,62.8,0.0117,0.0059,83262417,218792973,0,0,0,0,EXP004_W004_disk_intensive.csv
2026-08-23T12:11:12.210,169,EXP004,W004,disk_intensive,1.0031,23.4,3204.0,2.57,23.44,50.5,83.9,3246.61,1317.53,0.0,84.1,6893.06,0.0156,0.0,62.8,0.0204,0.0146,83262490,218793097,0,0,0,0,EXP004_W004_disk_intensive.csv
2026-08-23T12:11:13.206,170,EXP004,W004,disk_intensive,0.9969,14.3,3204.0,2.57,14.32,32.3,83.8,3240.5,1326.42,0.0,84.1,6893.06,0.1998,0.0,62.8,0.0284,0.0137,83262561,218793237,0,0,0,0,EXP004_W004_disk_intensive.csv
2026-08-23T12:11:14.217,171,EXP004,W004,disk_intensive,1.0102,13.1,3204.0,2.57,13.1,29.0,84.0,3261.53,1309.14,0.0,84.1,6893.06,0.6265,0.2707,62.8,0.0213,0.0106,83262618,218793381,0,0,0,0,EXP004_W004_disk_intensive.csv
2026-08-23T12:11:15.211,172,EXP004,W004,disk_intensive,0.9943,15.2,3204.0,2.57,15.29,25.0,84.1,3260.36,1303.66,0.0,84.1,6893.06,19.1089,0.1257,62.8,0.0324,0.0049,83262653,218793541,0,0,0,0,EXP004_W004_disk_intensive.csv
2026-08-23T12:11:16.211,173,EXP004,W004,disk_intensive,1.0,15.2,3204.0,2.37,15.15,28.3,84.4,3279.52,1280.69,0.0,84.1,6893.06,0.168,0.0117,62.8,0.0381,0.0156,83262724,218793733,0,0,0,0,EXP004_W004_disk_intensive.csv
2026-08-23T12:11:17.209,174,EXP004,W004,disk_intensive,0.9979,13.2,3204.0,2.37,13.22,27.3,84.2,3271.34,1290.92,0.0,84.1,6893.06,0.0157,0.0,62.8,0.0108,0.002,83262744,218793811,0,0,0,0,EXP004_W004_disk_intensive.csv
2026-08-23T12:11:18.210,175,EXP004,W004,disk_intensive,1.0015,15.6,3204.0,2.37,15.7,35.6,84.2,3272.16,1293.72,0.0,84.1,6893.06,0.0156,1.6655,62.8,0.0322,0.0098,83262796,218794013,0,0,0,0,EXP004_W004_disk_intensive.csv
2026-08-23T12:11:19.217,176,EXP004,W004,disk_intensive,1.0069,15.4,3204.0,2.37,15.32,35.4,84.1,3267.59,1299.47,0.0,84.1,6893.06,0.0,0.0,62.8,0.0194,0.0087,83262836,218794125,0,0,0,0,EXP004_W004_disk_intensive.csv
2026-08-23T12:11:20.211,177,EXP004,W004,disk_intensive,0.9937,15.1,3204.0,2.37,15.26,29.3,84.2,3279.39,1293.33,0.0,84.1,6893.06,0.0039,0.0,62.8,0.0236,0.0039,83262871,218794260,0,0,0,0,EXP004_W004_disk_intensive.csv
2026-08-23T12:11:21.211,178,EXP004,W004,disk_intensive,1.0,12.9,3204.0,2.26,12.81,27.0,84.3,3286.17,1288.92,0.0,84.1,6893.06,0.2031,0.0078,62.8,0.0313,0.0039,83262903,218794400,0,0,0,0,EXP004_W004_disk_intensive.csv
2026-08-23T12:11:22.210,179,EXP004,W004,disk_intensive,0.9991,14.9,3204.0,2.26,14.94,33.3,84.2,3286.33,1291.77,0.0,84.1,6893.06,0.0,2.5883,62.8,0.0303,0.0127,83262970,218794586,0,0,0,0,EXP004_W004_disk_intensive.csv
2026-08-23T12:11:23.211,180,EXP004,W004,disk_intensive,1.0009,13.5,3204.0,2.26,13.5,28.7,84.2,3289.28,1291.19,0.0,84.1,6893.06,0.2068,0.0,62.8,0.0498,0.0088,83263023,218794853,0,0,0,0,EXP004_W004_disk_intensive.csv
2026-08-23T12:11:24.217,181,EXP004,W004,disk_intensive,1.0063,16.0,3204.0,2.26,15.97,27.0,84.2,3289.78,1293.34,0.0,84.1,6893.06,0.1242,0.0,62.8,0.0573,0.0165,83263113,218795134,0,0,0,0,EXP004_W004_disk_intensive.csv
2026-08-23T12:11:25.210,182,EXP004,W004,disk_intensive,0.9937,14.8,3204.0,2.26,14.81,30.3,84.1,3278.72,1305.34,0.0,84.1,6893.06,0.9592,0.0,62.8,0.056,0.0059,83263158,218795393,0,0,0,0,EXP004_W004_disk_intensive.csv
2026-08-23T12:11:26.210,183,EXP004,W004,disk_intensive,0.9996,14.1,3204.0,2.08,14.07,28.3,84.1,3285.62,1298.62,0.0,84.1,6893.06,0.0,0.0,62.8,0.0518,0.0049,83263198,218795635,0,0,0,0,EXP004_W004_disk_intensive.csv
2026-08-23T12:11:27.210,184,EXP004,W004,disk_intensive,1.0004,17.9,3204.0,2.08,17.97,32.3,84.1,3300.31,1299.5,0.0,84.1,6893.06,6.7042,0.121,62.8,0.0283,0.0107,83263245,218795799,0,0,0,0,EXP004_W004_disk_intensive.csv
2026-08-23T12:11:28.210,185,EXP004,W004,disk_intensive,0.9998,17.2,3204.0,2.08,17.23,29.3,84.2,3303.73,1290.64,0.0,84.1,6893.06,5.4972,0.0,62.8,0.043,0.0195,83263335,218796026,0,0,0,0,EXP004_W004_disk_intensive.csv
2026-08-23T12:11:29.217,186,EXP004,W004,disk_intensive,1.0068,15.0,3204.0,2.08,15.0,30.0,84.2,3290.88,1298.22,0.0,84.1,6893.06,2.6229,0.0,62.8,0.0495,0.0184,83263432,218796319,0,0,0,0,EXP004_W004_disk_intensive.csv
2026-08-23T12:11:30.210,187,EXP004,W004,disk_intensive,0.9935,16.8,3204.0,2.08,16.86,32.3,84.2,3289.14,1298.08,0.0,84.0,6885.06,7.553,0.0,62.8,0.059,0.0167,83263519,218796610,0,0,0,0,EXP004_W004_disk_intensive.csv
2026-08-23T12:11:31.210,188,EXP004,W004,disk_intensive,1.0,16.8,3204.0,2.07,16.76,32.3,84.1,3282.98,1303.08,0.0,84.0,6885.06,1.0157,0.4688,62.8,0.0449,0.0098,83263575,218796821,0,0,0,0,EXP004_W004_disk_intensive.csv
2026-08-23T12:11:32.210,189,EXP004,W004,disk_intensive,0.9997,13.1,3204.0,2.07,13.11,27.0,84.1,3282.98,1303.08,0.0,84.0,6885.06,0.0547,0.0,62.8,0.0371,0.0088,83263629,218797004,0,0,0,0,EXP004_W004_disk_intensive.csv
2026-08-23T12:11:33.210,190,EXP004,W004,disk_intensive,1.0,17.2,3204.0,2.07,17.2,29.3,84.2,3291.83,1292.3,0.0,84.0,6885.06,0.7812,0.0,62.8,0.0332,0.0146,83263717,218797195,0,0,0,0,EXP004_W004_disk_intensive.csv
2026-08-23T12:11:34.216,191,EXP004,W004,disk_intensive,1.0057,15.7,3204.0,2.07,15.74,32.7,84.3,3301.44,1284.55,0.0,84.0,6885.06,0.066,0.1321,62.8,0.0359,0.0039,83263756,218797370,0,0,0,0,EXP004_W004_disk_intensive.csv
2026-08-23T12:11:35.210,192,EXP004,W004,disk_intensive,0.9946,13.6,3204.0,2.07,13.65,28.6,84.1,3290.86,1299.91,0.0,84.0,6885.06,0.4281,0.0,62.8,0.0304,0.0049,83263792,218797515,0,0,0,0,EXP004_W004_disk_intensive.csv
2026-08-23T12:11:36.207,193,EXP004,W004,disk_intensive,0.9967,15.5,3204.0,2.14,15.5,30.3,84.2,3293.89,1296.84,0.0,84.0,6885.06,0.1685,0.0039,62.8,0.048,0.0127,83263859,218797728,0,0,0,0,EXP004_W004_disk_intensive.csv
2026-08-23T12:11:37.209,194,EXP004,W004,disk_intensive,1.002,16.8,3204.0,2.14,16.89,35.4,83.9,3281.78,1315.14,0.0,84.0,6885.06,1.2631,0.0039,62.8,0.0429,0.0058,83263912,218797936,0,0,0,0,EXP004_W004_disk_intensive.csv
2026-08-23T12:11:38.210,195,EXP004,W004,disk_intensive,1.0011,15.4,3204.0,2.14,15.36,31.0,84.1,3295.86,1304.45,0.0,84.0,6885.06,0.32,0.0,62.8,0.0468,0.0166,83263962,218798158,0,0,0,0,EXP004_W004_disk_intensive.csv
2026-08-23T12:11:39.215,196,EXP004,W004,disk_intensive,1.0054,14.1,3204.0,2.14,14.28,32.0,84.1,3305.73,1298.64,0.0,84.0,6885.06,0.0,0.0,62.8,0.0146,0.0029,83263986,218798241,0,0,0,0,EXP004_W004_disk_intensive.csv
2026-08-23T12:11:40.210,197,EXP004,W004,disk_intensive,0.9947,13.7,3204.0,2.14,13.69,30.0,84.1,3302.56,1299.45,0.0,84.0,6885.06,1.453,0.0,62.8,0.0471,0.0049,83264028,218798460,0,0,0,0,EXP004_W004_disk_intensive.csv
2026-08-23T12:11:41.210,198,EXP004,W004,disk_intensive,1.0,17.5,3204.0,2.21,17.57,36.4,83.8,3313.22,1327.0,0.0,84.0,6885.06,1.2383,0.5039,62.8,0.0283,0.0127,83264071,218798605,0,0,0,0,EXP004_W004_disk_intensive.csv
2026-08-23T12:11:42.208,199,EXP004,W004,disk_intensive,0.9978,16.7,3204.0,2.21,16.61,31.3,83.8,3304.88,1330.47,0.0,84.0,6885.06,0.0509,0.0391,62.8,0.0421,0.0049,83264106,218798800,0,0,0,0,EXP004_W004_disk_intensive.csv
2026-08-23T12:11:43.210,200,EXP004,W004,disk_intensive,1.0022,18.1,3204.0,2.21,18.09,29.3,83.9,3320.3,1320.95,0.0,84.0,6885.06,2.2839,0.7951,62.8,0.037,0.0058,83264154,218798969,0,0,0,0,EXP004_W004_disk_intensive.csv
2026-08-23T12:11:44.216,201,EXP004,W004,disk_intensive,1.0063,15.1,3204.0,2.21,15.21,31.3,83.9,3310.73,1320.31,0.0,84.0,6885.06,0.0078,0.0078,62.8,0.0437,0.0039,83264185,218799175,0,0,0,0,EXP004_W004_disk_intensive.csv
2026-08-23T12:11:45.210,202,EXP004,W004,disk_intensive,0.9936,14.6,3204.0,2.21,14.54,29.3,83.4,3284.56,1360.11,0.0,84.0,6885.06,0.0786,0.0,62.8,0.0472,0.0049,83264227,218799407,0,0,0,0,EXP004_W004_disk_intensive.csv
2026-08-23T12:11:46.210,203,EXP004,W004,disk_intensive,1.0002,13.1,3204.0,2.19,13.03,30.0,83.5,3292.09,1353.83,0.0,84.0,6885.06,0.0,0.2929,62.8,0.0644,0.0059,83264266,218799698,0,0,0,0,EXP004_W004_disk_intensive.csv
2026-08-23T12:11:47.210,204,EXP004,W004,disk_intensive,0.9999,15.9,3204.0,2.19,16.06,33.7,83.3,3280.48,1364.72,0.0,84.0,6885.06,0.0,0.0,62.8,0.0469,0.0039,83264301,218799871,0,0,0,0,EXP004_W004_disk_intensive.csv
2026-08-23T12:11:48.210,205,EXP004,W004,disk_intensive,1.0,15.3,3204.0,2.19,15.31,31.3,83.3,3279.3,1368.19,0.0,84.0,6885.06,0.0937,0.0,62.8,0.0498,0.0088,83264344,218800089,0,0,0,0,EXP004_W004_disk_intensive.csv
2026-08-23T12:11:49.216,206,EXP004,W004,disk_intensive,1.0062,14.1,3204.0,2.19,14.19,28.0,83.4,3284.55,1363.34,0.0,84.0,6885.06,0.0,0.0,62.8,0.0456,0.0116,83264387,218800304,0,0,0,0,EXP004_W004_disk_intensive.csv
2026-08-23T12:11:50.208,207,EXP004,W004,disk_intensive,0.9915,16.6,3204.0,2.19,16.48,32.7,83.5,3321.5,1353.03,0.0,84.0,6885.06,0.981,0.0,62.8,0.0492,0.0059,83264417,218800479,0,0,0,0,EXP004_W004_disk_intensive.csv
2026-08-23T12:11:51.210,208,EXP004,W004,disk_intensive,1.0023,17.9,3204.0,2.18,17.9,32.3,83.5,3327.19,1348.05,0.0,84.0,6885.06,0.0546,0.0078,62.8,0.0195,0.0088,83264479,218800603,0,0,0,0,EXP004_W004_disk_intensive.csv
2026-08-23T12:11:52.207,209,EXP004,W004,disk_intensive,0.9968,17.0,3204.0,2.18,17.21,35.4,83.4,3317.06,1358.52,0.0,84.0,6885.06,0.0,2.9821,62.8,0.0421,0.0137,83264560,218800821,0,0,0,0,EXP004_W004_disk_intensive.csv
2026-08-23T12:11:53.208,210,EXP004,W004,disk_intensive,1.0018,17.4,3204.0,2.18,17.25,33.0,83.6,3332.78,1346.17,0.0,84.0,6885.06,0.0312,0.0273,62.8,0.0419,0.0166,83264640,218801031,0,0,0,0,EXP004_W004_disk_intensive.csv
2026-08-23T12:11:54.212,211,EXP004,W004,disk_intensive,1.0039,25.1,3204.0,2.18,25.11,47.0,83.6,3333.83,1340.97,0.0,84.0,6885.06,10.4007,0.0078,62.8,0.0506,0.0156,83264716,218801262,0,0,0,0,EXP004_W004_disk_intensive.csv
2026-08-23T12:11:55.210,212,EXP004,W004,disk_intensive,0.9975,18.1,3204.0,2.18,18.12,36.7,83.5,3328.12,1354.14,0.0,84.0,6885.06,0.5287,0.0,62.8,0.0352,0.0078,83264765,218801463,0,0,0,0,EXP004_W004_disk_intensive.csv
2026-08-23T12:11:56.206,213,EXP004,W004,disk_intensive,0.9967,16.4,3204.0,2.08,16.59,31.3,83.5,3336.16,1349.28,0.0,84.0,6885.06,0.0,0.0431,62.8,0.0529,0.0049,83264801,218801702,0,0,0,0,EXP004_W004_disk_intensive.csv
2026-08-23T12:11:57.207,214,EXP004,W004,disk_intensive,1.0006,14.9,3204.0,2.08,14.85,29.3,83.5,3333.2,1348.83,0.0,84.0,6885.06,0.0,0.0039,62.8,0.0264,0.0039,83264839,218801879,0,0,0,0,EXP004_W004_disk_intensive.csv
2026-08-23T12:11:58.207,215,EXP004,W004,disk_intensive,1.0001,14.8,3204.0,2.08,14.8,35.0,83.5,3333.42,1349.45,0.0,84.0,6885.06,4.4253,0.6406,62.8,0.0488,0.0117,83264897,218802115,0,0,0,0,EXP004_W004_disk_intensive.csv
2026-08-23T12:11:59.216,216,EXP004,W004,disk_intensive,1.0089,35.9,3204.0,2.08,35.94,63.6,84.2,3301.66,1294.0,0.0,84.0,6885.06,34.9822,1.0725,62.8,0.059,0.0281,83265043,218802320,0,0,0,0,EXP004_W004_disk_intensive.csv
2026-08-23T12:12:00.210,217,EXP004,W004,disk_intensive,0.9938,17.1,3204.0,2.08,17.06,31.3,84.2,3295.41,1296.22,0.0,84.0,6885.06,0.3459,0.0079,62.8,0.0609,0.0049,83265086,218802559,0,0,0,0,EXP004_W004_disk_intensive.csv
2026-08-23T12:12:01.210,218,EXP004,W004,disk_intensive,1.0,13.9,3204.0,2.08,14.07,32.0,84.2,3285.94,1296.0,0.0,84.0,6885.06,0.0,0.0234,62.8,0.0303,0.0039,83265125,218802704,0,0,0,0,EXP004_W004_disk_intensive.csv
2026-08-23T12:12:02.209,219,EXP004,W004,disk_intensive,1.0,16.3,3204.0,2.08,16.3,34.7,84.1,3283.14,1300.64,0.0,84.0,6885.06,0.0,0.0,62.8,0.0488,0.0039,83265157,218802890,0,0,0,0,EXP004_W004_disk_intensive.csv
2026-08-23T12:12:03.209,220,EXP004,W004,disk_intensive,1.0,20.8,3204.0,2.08,20.86,37.4,84.1,3283.14,1300.64,0.0,84.0,6885.06,6.8791,0.0117,62.8,0.0449,0.0107,83265219,218803097,0,0,0,0,EXP004_W004_disk_intensive.csv
2026-08-23T12:12:04.216,221,EXP004,W004,disk_intensive,1.0063,21.2,3204.0,2.08,21.35,42.0,84.3,3287.19,1290.16,0.0,84.0,6885.06,11.1682,0.0272,62.8,0.0466,0.0029,83265255,218803321,0,0,0,0,EXP004_W004_disk_intensive.csv
2026-08-23T12:12:05.209,222,EXP004,W004,disk_intensive,0.9937,15.1,3204.0,2.08,15.07,31.0,84.2,3281.94,1296.72,0.0,84.0,6885.06,0.0472,1.0849,62.8,0.0383,0.0039,83265286,218803496,0,0,0,0,EXP004_W004_disk_intensive.csv
2026-08-23T12:12:06.209,223,EXP004,W004,disk_intensive,1.0,16.8,3204.0,1.91,16.8,32.3,84.2,3293.44,1293.88,0.0,84.0,6885.06,0.0391,0.0391,62.8,0.0371,0.0029,83265317,218803649,0,0,0,0,EXP004_W004_disk_intensive.csv
2026-08-23T12:12:07.209,224,EXP004,W004,disk_intensive,1.0,15.6,3204.0,1.91,15.7,30.3,84.2,3288.14,1292.78,0.0,84.0,6885.06,0.2031,0.2383,62.8,0.0303,0.0029,83265352,218803792,0,0,0,0,EXP004_W004_disk_intensive.csv
2026-08-23T12:12:08.209,225,EXP004,W004,disk_intensive,1.0001,13.9,3204.0,1.91,13.95,31.3,84.1,3283.91,1301.19,0.0,84.0,6885.06,4.2497,0.0,62.8,0.0332,0.0088,83265390,218803943,0,0,0,0,EXP004_W004_disk_intensive.csv
2026-08-23T12:12:09.214,226,EXP004,W004,disk_intensive,1.0048,23.9,3204.0,1.91,23.82,47.5,83.9,3301.7,1321.92,0.0,84.0,6885.06,0.6298,0.1905,62.8,0.0476,0.0156,83265436,218804149,0,0,0,0,EXP004_W004_disk_intensive.csv
2026-08-23T12:12:10.206,227,EXP004,W004,disk_intensive,0.9915,16.4,3204.0,1.91,16.45,35.4,83.7,3293.81,1332.48,0.0,84.0,6885.06,0.0158,0.4137,62.8,0.0345,0.003,83265464,218804287,0,0,0,0,EXP004_W004_disk_intensive.csv
2026-08-23T12:12:11.208,228,EXP004,W004,disk_intensive,1.0029,18.3,3204.0,1.92,18.31,34.3,83.2,3301.98,1376.55,0.0,84.0,6885.06,0.7907,0.0117,62.8,0.0351,0.0058,83265509,218804441,0,0,0,0,EXP004_W004_disk_intensive.csv
2026-08-23T12:12:12.209,229,EXP004,W004,disk_intensive,1.0008,14.6,3204.0,1.92,14.57,30.0,83.3,3306.8,1371.45,0.0,84.0,6885.06,0.0,0.0,62.8,0.0312,0.0137,83265585,218804596,0,0,0,0,EXP004_W004_disk_intensive.csv
2026-08-23T12:12:13.205,230,EXP004,W004,disk_intensive,0.996,15.2,3204.0,1.92,15.28,30.6,83.3,3307.33,1370.7,0.0,84.0,6885.06,0.1608,0.0,62.8,0.0343,0.0098,83265643,218804766,0,0,0,0,EXP004_W004_disk_intensive.csv
2026-08-23T12:12:14.215,231,EXP004,W004,disk_intensive,1.0096,13.5,3204.0,1.92,13.54,29.0,83.3,3310.34,1370.38,0.0,84.0,6885.06,0.0,0.0,62.8,0.0503,0.0068,83265675,218804984,0,0,0,0,EXP004_W004_disk_intensive.csv
2026-08-23T12:12:15.209,232,EXP004,W004,disk_intensive,0.9944,13.2,3204.0,1.92,13.26,26.0,83.3,3315.42,1366.25,0.0,84.0,6885.06,0.0,0.0,62.8,0.0354,0.0049,83265706,218805120,0,0,0,0,EXP004_W004_disk_intensive.csv
2026-08-23T12:12:16.205,233,EXP004,W004,disk_intensive,0.9955,11.9,3204.0,1.84,11.86,25.3,83.3,3315.33,1368.33,0.0,84.0,6885.06,0.0,0.0,62.8,0.0226,0.0049,83265747,218805243,0,0,0,0,EXP004_W004_disk_intensive.csv
2026-08-23T12:12:17.207,234,EXP004,W004,disk_intensive,1.0023,30.4,3204.0,1.84,30.52,49.5,84.1,3291.98,1299.02,0.0,84.0,6885.06,28.8702,2.3422,62.8,0.0292,0.0205,83265839,218805388,0,0,0,0,EXP004_W004_disk_intensive.csv
2026-08-23T12:12:18.208,235,EXP004,W004,disk_intensive,1.0011,28.2,3204.0,1.84,28.32,54.0,84.5,3255.48,1267.86,0.0,84.0,6885.06,27.0025,0.2888,62.8,0.0488,0.0224,83265949,218805620,0,0,0,0,EXP004_W004_disk_intensive.csv
2026-08-23T12:12:19.211,236,EXP004,W004,disk_intensive,1.0032,19.2,3204.0,1.84,19.21,42.0,84.5,3248.39,1270.33,0.0,84.0,6885.06,2.1882,0.1519,62.8,0.0389,0.0195,83266037,218805788,0,0,0,0,EXP004_W004_disk_intensive.csv
2026-08-23T12:12:20.205,237,EXP004,W004,disk_intensive,0.9943,16.5,3204.0,1.84,16.62,34.3,84.4,3240.48,1281.56,0.0,84.0,6885.06,0.0314,0.0,62.8,0.0285,0.0196,83266121,218805932,0,0,0,0,EXP004_W004_disk_intensive.csv
2026-08-23T12:12:21.206,238,EXP004,W004,disk_intensive,1.0009,12.9,3204.0,1.78,12.84,27.3,84.5,3245.41,1268.97,0.0,84.0,6885.06,0.0351,0.0039,62.8,0.042,0.0088,83266161,218806147,0,0,0,0,EXP004_W004_disk_intensive.csv
2026-08-23T12:12:22.207,239,EXP004,W004,disk_intensive,1.0003,17.2,3204.0,1.78,17.44,33.3,84.7,3253.31,1251.61,0.0,84.0,6885.06,0.2577,3.6825,62.8,0.0527,0.0059,83266200,218806387,0,0,0,0,EXP004_W004_disk_intensive.csv
2026-08-23T12:12:23.206,240,EXP004,W004,disk_intensive,0.9998,14.2,3204.0,1.78,14.05,31.0,84.5,3239.78,1269.16,0.0,84.0,6885.06,0.0899,0.0,62.8,0.0459,0.0059,83266238,218806598,0,0,0,0,EXP004_W004_disk_intensive.csv
2026-08-23T12:12:24.214,241,EXP004,W004,disk_intensive,1.0081,16.4,3204.0,1.78,16.35,36.0,84.5,3240.5,1269.44,0.0,84.0,6885.06,0.031,0.0659,62.8,0.031,0.0029,83266266,218806732,0,0,0,0,EXP004_W004_disk_intensive.csv
2026-08-23T12:12:25.205,242,EXP004,W004,disk_intensive,0.9905,26.9,3204.0,1.78,26.91,53.1,83.9,3264.55,1315.67,0.0,84.0,6885.06,0.5009,0.0789,62.8,0.0463,0.0138,83266338,218806936,0,0,0,0,EXP004_W004_disk_intensive.csv
2026-08-23T12:12:26.209,243,EXP004,W004,disk_intensive,1.0041,15.1,3204.0,1.71,15.15,30.0,84.2,3281.48,1290.59,0.0,84.0,6885.06,0.0117,0.0,62.8,0.0292,0.0117,83266406,218807097,0,0,0,0,EXP004_W004_disk_intensive.csv
2026-08-23T12:12:27.204,244,EXP004,W004,disk_intensive,0.9952,18.9,3204.0,1.71,18.94,34.7,84.2,3278.64,1296.89,0.0,84.0,6885.06,0.2159,0.3729,62.8,0.0412,0.0137,83266481,218807275,0,0,0,0,EXP004_W004_disk_intensive.csv
2026-08-23T12:12:28.206,245,EXP004,W004,disk_intensive,1.0023,15.5,3204.0,1.71,15.46,29.7,84.2,3286.14,1297.84,0.0,84.0,6885.06,0.1832,0.0,62.8,0.0419,0.0175,83266559,218807518,0,0,0,0,EXP004_W004_disk_intensive.csv
2026-08-23T12:12:29.215,246,EXP004,W004,disk_intensive,1.0087,16.2,3204.0,1.71,16.25,31.3,84.2,3291.12,1291.84,0.0,84.0,6885.06,2.4745,0.0155,62.8,0.0523,0.0165,83266645,218807781,0,0,0,0,EXP004_W004_disk_intensive.csv
2026-08-23T12:12:30.209,247,EXP004,W004,disk_intensive,0.9937,15.3,3204.0,1.71,15.28,32.7,84.2,3291.12,1291.84,0.0,84.0,6885.06,0.0393,0.0,62.8,0.0403,0.0059,83266694,218807985,0,0,0,0,EXP004_W004_disk_intensive.csv
2026-08-23T12:12:31.209,248,EXP004,W004,disk_intensive,1.0,16.1,3204.0,1.74,16.32,35.4,83.9,3270.8,1320.48,0.0,84.0,6885.06,3.0821,0.0,62.8,0.0615,0.0107,83266738,218808262,0,0,0,0,EXP004_W004_disk_intensive.csv
2026-08-23T12:12:32.208,249,EXP004,W004,disk_intensive,0.999,18.5,3204.0,1.74,18.49,33.0,84.2,3291.02,1294.55,0.0,84.0,6885.06,0.0,0.0313,62.8,0.0215,0.0029,83266767,218808363,0,0,0,0,EXP004_W004_disk_intensive.csv
2026-08-23T12:12:33.209,250,EXP004,W004,disk_intensive,1.001,14.3,3204.0,1.74,14.14,31.0,84.0,3271.81,1307.11,0.0,84.0,6885.06,0.0741,0.0,62.8,0.0254,0.0029,83266800,218808507,0,0,0,0,EXP004_W004_disk_intensive.csv
2026-08-23T12:12:34.215,251,EXP004,W004,disk_intensive,1.0063,14.8,3204.0,1.74,14.86,32.0,84.0,3275.02,1309.45,0.0,84.0,6885.06,0.0932,0.0,62.8,0.0359,0.0049,83266838,218808676,0,0,0,0,EXP004_W004_disk_intensive.csv
2026-08-23T12:12:35.204,252,EXP004,W004,disk_intensive,0.9895,15.9,3204.0,1.74,15.91,34.3,84.0,3275.86,1309.72,0.0,84.0,6885.06,0.2329,0.0,62.8,0.0375,0.003,83266864,218808859,0,0,0,0,EXP004_W004_disk_intensive.csv
2026-08-23T12:12:36.205,253,EXP004,W004,disk_intensive,1.0003,15.4,3204.0,1.6,15.45,32.0,84.0,3270.97,1307.08,0.0,84.0,6885.06,0.0469,0.2421,62.8,0.0254,0.0029,83266894,218808983,0,0,0,0,EXP004_W004_disk_intensive.csv
2026-08-23T12:12:37.208,254,EXP004,W004,disk_intensive,1.0037,13.9,3204.0,1.6,13.91,29.3,84.2,3285.98,1294.36,0.0,84.0,6885.06,0.0,0.0,62.8,0.0623,0.0058,83266932,218809202,0,0,0,0,EXP004_W004_disk_intensive.csv
2026-08-23T12:12:38.208,255,EXP004,W004,disk_intensive,1.0003,14.0,3204.0,1.6,14.04,29.0,84.1,3280.66,1300.56,0.0,84.0,6885.06,0.0078,1.6675,62.8,0.0459,0.0185,83267007,218809431,0,0,0,0,EXP004_W004_disk_intensive.csv
2026-08-23T12:12:39.214,256,EXP004,W004,disk_intensive,1.0058,14.2,3204.0,1.6,14.31,29.3,84.1,3277.94,1302.84,0.0,84.0,6885.06,0.0078,0.0,62.8,0.0379,0.0087,83267064,218809615,0,0,0,0,EXP004_W004_disk_intensive.csv
2026-08-23T12:12:40.208,257,EXP004,W004,disk_intensive,0.9942,16.0,3204.0,1.6,16.06,33.7,84.1,3277.94,1302.84,0.0,84.0,6885.06,0.0629,0.0,62.8,0.0285,0.0039,83267102,218809760,0,0,0,0,EXP004_W004_disk_intensive.csv
2026-08-23T12:12:41.206,258,EXP004,W004,disk_intensive,0.998,16.5,3204.0,1.63,16.56,30.0,84.0,3276.19,1307.5,0.0,84.0,6885.06,0.8259,0.0313,62.8,0.0372,0.0401,83267348,218809935,0,0,0,0,EXP004_W004_disk_intensive.csv
2026-08-23T12:12:42.208,259,EXP004,W004,disk_intensive,1.002,14.7,3204.0,1.63,14.7,30.0,84.1,3272.25,1305.27,0.0,84.0,6885.06,0.0156,0.0,62.8,0.0302,0.0088,83267382,218810093,0,0,0,0,EXP004_W004_disk_intensive.csv
2026-08-23T12:12:43.206,260,EXP004,W004,disk_intensive,0.9973,16.4,3204.0,1.63,16.41,35.7,83.8,3253.94,1325.16,0.0,84.0,6885.06,0.0744,0.0,62.8,0.0441,0.002,83267407,218810264,0,0,0,0,EXP004_W004_disk_intensive.csv
2026-08-23T12:12:44.213,261,EXP004,W004,disk_intensive,1.007,15.6,3204.0,1.63,15.75,35.0,83.9,3262.62,1315.36,0.0,84.0,6885.06,0.0,0.0,62.8,0.0407,0.0029,83267433,218810433,0,0,0,0,EXP004_W004_disk_intensive.csv
2026-08-23T12:12:45.208,262,EXP004,W004,disk_intensive,0.9957,14.3,3204.0,1.63,14.26,30.3,84.0,3276.16,1306.67,0.0,84.0,6885.06,0.0,0.0,62.8,0.0324,0.0049,83267470,218810568,0,0,0,0,EXP004_W004_disk_intensive.csv
2026-08-23T12:12:46.208,263,EXP004,W004,disk_intensive,1.0,13.6,3204.0,1.82,13.79,32.0,84.1,3276.88,1302.62,0.0,84.0,6885.06,0.0,0.0,62.8,0.0537,0.0078,83267520,218810794,0,0,0,0,EXP004_W004_disk_intensive.csv
2026-08-23T12:12:47.208,264,EXP004,W004,disk_intensive,0.9996,18.6,3204.0,1.82,18.56,36.4,84.0,3270.47,1311.98,0.0,84.0,6885.06,0.0391,1.227,62.8,0.0459,0.0166,83267603,218811018,0,0,0,0,EXP004_W004_disk_intensive.csv
2026-08-23T12:12:48.206,265,EXP004,W004,disk_intensive,0.9984,17.2,3204.0,1.82,17.11,35.0,83.8,3253.72,1329.06,0.0,84.0,6885.06,0.0156,0.0,62.8,0.1281,0.0254,83267693,218811555,0,0,0,0,EXP004_W004_disk_intensive.csv
2026-08-23T12:12:49.210,266,EXP004,W004,disk_intensive,1.0036,16.1,3204.0,1.82,16.18,29.0,83.8,3267.66,1324.39,0.0,84.0,6885.06,0.0117,0.0,62.8,0.036,0.0146,83267769,218811742,0,0,0,0,EXP004_W004_disk_intensive.csv
2026-08-23T12:12:50.208,267,EXP004,W004,disk_intensive,0.9983,18.4,3204.0,1.82,18.44,34.3,83.8,3287.25,1327.23,0.0,84.0,6885.06,1.3656,0.1604,62.8,0.0509,0.0059,83267816,218811967,0,0,0,0,EXP004_W004_disk_intensive.csv
2026-08-23T12:12:51.206,268,EXP004,W004,disk_intensive,0.9981,15.4,3204.0,1.91,15.46,31.3,83.8,3286.22,1328.12,0.0,84.0,6885.06,0.1331,0.0039,62.8,0.0391,0.0029,83267845,218812153,0,0,0,0,EXP004_W004_disk_intensive.csv
2026-08-23T12:12:52.206,269,EXP004,W004,disk_intensive,1.0,17.4,3204.0,1.91,17.39,38.4,83.5,3267.91,1350.94,0.0,84.0,6885.06,0.0859,2.6405,62.8,0.0322,0.0029,83267877,218812306,0,0,0,0,EXP004_W004_disk_intensive.csv
2026-08-23T12:12:53.203,270,EXP004,W004,disk_intensive,0.9972,16.0,3204.0,1.91,16.04,30.3,83.5,3268.66,1350.47,0.0,84.0,6885.06,0.0588,0.0,62.8,0.0499,0.0078,83267910,218812490,0,0,0,0,EXP004_W004_disk_intensive.csv
2026-08-23T12:12:54.210,271,EXP004,W004,disk_intensive,1.0064,25.0,3204.0,1.91,25.06,47.5,83.6,3309.14,1341.83,0.0,84.0,6885.06,12.3312,0.0155,62.8,0.0204,0.0029,83267941,218812608,0,0,0,0,EXP004_W004_disk_intensive.csv
2026-08-23T12:12:55.205,272,EXP004,W004,disk_intensive,0.995,19.4,3204.0,1.91,19.35,36.7,83.6,3309.12,1346.08,0.0,84.0,6885.06,0.4162,0.0,62.8,0.054,0.0049,83267977,218812860,0,0,0,0,EXP004_W004_disk_intensive.csv
2026-08-23T12:12:56.203,273,EXP004,W004,disk_intensive,0.9987,16.7,3204.0,1.92,16.73,29.3,83.8,3308.36,1330.98,0.0,84.0,6885.06,0.0,0.043,62.8,0.0528,0.0088,83268034,218813117,0,0,0,0,EXP004_W004_disk_intensive.csv
2026-08-23T12:12:57.208,274,EXP004,W004,disk_intensive,1.0047,16.0,3204.0,1.92,16.07,30.3,83.8,3314.42,1326.33,0.0,84.0,6885.06,0.0622,0.0,62.8,0.0486,0.0146,83268113,218813355,0,0,0,0,EXP004_W004_disk_intensive.csv
2026-08-23T12:12:58.203,275,EXP004,W004,disk_intensive,0.9952,16.2,3204.0,1.92,16.38,31.3,83.9,3299.16,1319.19,0.0,84.0,6885.06,0.0981,0.0863,62.8,0.0324,0.0147,83268184,218813532,0,0,0,0,EXP004_W004_disk_intensive.csv
2026-08-23T12:12:59.213,276,EXP004,W004,disk_intensive,1.0098,15.1,3204.0,1.92,15.01,30.7,83.8,3297.0,1324.86,0.0,84.0,6885.06,2.4371,0.2824,62.8,0.0358,0.0145,83268268,218813720,0,0,0,0,EXP004_W004_disk_intensive.csv
2026-08-23T12:13:00.206,277,EXP004,W004,disk_intensive,0.9928,16.0,3204.0,1.92,16.01,32.7,83.7,3294.86,1331.67,0.0,84.0,6885.06,0.0708,0.0,62.8,0.0433,0.0039,83268308,218813916,0,0,0,0,EXP004_W004_disk_intensive.csv
2026-08-23T12:13:01.206,278,EXP004,W004,disk_intensive,1.0005,17.2,3204.0,1.93,17.25,37.0,83.5,3287.36,1347.69,0.0,84.0,6885.06,0.2694,0.0,62.8,0.0498,0.0049,83268350,218814172,0,0,0,0,EXP004_W004_disk_intensive.csv
2026-08-23T12:13:02.203,279,EXP004,W004,disk_intensive,0.9972,11.9,3204.0,1.93,11.97,27.6,83.7,3292.66,1332.45,0.0,84.0,6885.06,0.0196,0.0118,62.8,0.0245,0.0029,83268380,218814299,0,0,0,0,EXP004_W004_disk_intensive.csv
2026-08-23T12:13:03.203,280,EXP004,W004,disk_intensive,1.0,16.2,3204.0,1.93,16.15,26.0,83.6,3285.3,1340.64,0.0,84.0,6885.06,4.1447,1.375,62.8,0.0186,0.0068,83268419,218814398,0,0,0,0,EXP004_W004_disk_intensive.csv
2026-08-23T12:13:04.213,281,EXP004,W004,disk_intensive,1.0099,17.3,3204.0,1.93,17.45,37.0,84.3,3266.7,1283.81,0.0,84.0,6885.06,24.0048,0.0619,62.8,0.0309,0.0213,83268509,218814571,0,0,0,0,EXP004_W004_disk_intensive.csv
2026-08-23T12:13:05.207,282,EXP004,W004,disk_intensive,0.994,15.4,3204.0,1.93,15.28,32.0,84.2,3261.47,1293.41,0.0,84.0,6885.06,0.0118,0.0,62.8,0.0373,0.0147,83268587,218814739,0,0,0,0,EXP004_W004_disk_intensive.csv
2026-08-23T12:13:06.206,283,EXP004,W004,disk_intensive,0.9984,23.6,3204.0,1.85,23.86,48.0,84.4,3235.42,1275.58,0.0,84.0,6885.06,18.3771,2.3866,62.8,0.0303,0.0147,83268662,218814897,0,0,0,0,EXP004_W004_disk_intensive.csv
2026-08-23T12:13:07.206,284,EXP004,W004,disk_intensive,1.0007,17.2,3204.0,1.85,17.21,35.0,84.5,3231.73,1272.2,0.0,84.0,6885.06,0.0078,0.0,62.8,0.0322,0.0127,83268731,218815072,0,0,0,0,EXP004_W004_disk_intensive.csv
2026-08-23T12:13:08.205,285,EXP004,W004,disk_intensive,0.9984,14.1,3204.0,1.85,13.95,28.3,84.5,3231.73,1272.2,0.0,84.0,6885.06,0.2895,0.0,62.8,0.0333,0.0068,83268765,218815233,0,0,0,0,EXP004_W004_disk_intensive.csv
2026-08-23T12:13:09.213,286,EXP004,W004,disk_intensive,1.0088,14.5,3204.0,1.85,14.59,32.0,84.5,3242.5,1272.92,0.0,84.0,6885.06,0.1239,0.0,62.8,0.0552,0.0116,83268809,218815465,0,0,0,0,EXP004_W004_disk_intensive.csv
2026-08-23T12:13:10.208,287,EXP004,W004,disk_intensive,0.9943,18.3,3204.0,1.85,18.27,30.6,84.4,3249.98,1279.86,0.0,84.0,6885.06,0.0079,0.0629,62.8,0.0344,0.0187,83268900,218815653,0,0,0,0,EXP004_W004_disk_intensive.csv
2026-08-23T12:13:11.206,288,EXP004,W004,disk_intensive,0.9986,15.3,3204.0,2.26,15.32,31.0,84.4,3248.22,1275.42,0.0,84.0,6885.06,0.4655,0.0235,62.8,0.045,0.0147,83268979,218815843,0,0,0,0,EXP004_W004_disk_intensive.csv
2026-08-23T12:13:12.203,289,EXP004,W004,disk_intensive,0.9967,14.4,3204.0,2.26,14.49,29.3,84.4,3248.86,1277.16,0.0,84.0,6885.06,0.0627,0.0,62.8,0.0216,0.0137,83269051,218815955,0,0,0,0,EXP004_W004_disk_intensive.csv
2026-08-23T12:13:13.207,290,EXP004,W004,disk_intensive,1.0038,16.7,3204.0,2.26,16.8,35.4,84.4,3248.31,1280.88,0.0,84.0,6885.06,0.0584,0.0,62.8,0.0311,0.0146,83269129,218816126,0,0,0,0,EXP004_W004_disk_intensive.csv
2026-08-23T12:13:14.209,291,EXP004,W004,disk_intensive,1.0027,16.1,3204.0,2.26,16.2,37.0,84.2,3240.77,1294.44,0.0,84.0,6885.06,0.0234,0.0,62.8,0.0302,0.0156,83269202,218816273,0,0,0,0,EXP004_W004_disk_intensive.csv
2026-08-23T12:13:15.207,292,EXP004,W004,disk_intensive,0.9981,14.3,3204.0,2.26,14.31,31.0,84.4,3255.64,1281.64,0.0,84.0,6885.06,0.0939,0.0078,62.8,0.0372,0.0205,83269285,218816451,0,0,0,0,EXP004_W004_disk_intensive.csv
2026-08-23T12:13:16.203,293,EXP004,W004,disk_intensive,0.996,12.3,3204.0,2.32,12.3,25.5,84.3,3256.72,1289.22,0.0,84.0,6885.06,0.0,0.1216,62.8,0.0186,0.0137,83269360,218816573,0,0,0,0,EXP004_W004_disk_intensive.csv
2026-08-23T12:13:17.203,294,EXP004,W004,disk_intensive,1.0,15.8,3204.0,2.32,15.9,33.0,84.3,3263.48,1285.42,0.0,84.0,6885.06,0.0,0.0117,62.8,0.0596,0.0166,83269437,218816799,0,0,0,0,EXP004_W004_disk_intensive.csv
2026-08-23T12:13:18.206,295,EXP004,W004,disk_intensive,1.0023,18.0,3204.0,2.32,17.84,34.0,84.1,3250.28,1300.56,0.0,84.0,6885.06,0.1325,0.0195,62.8,0.0244,0.0039,83269468,218816922,0,0,0,0,EXP004_W004_disk_intensive.csv
2026-08-23T12:13:19.210,296,EXP004,W004,disk_intensive,1.0041,13.6,3204.0,2.32,13.69,28.0,84.3,3266.88,1288.64,0.0,84.0,6885.06,0.0778,0.9842,62.8,0.0379,0.0039,83269507,218817105,0,0,0,0,EXP004_W004_disk_intensive.csv
2026-08-23T12:13:20.206,297,EXP004,W004,disk_intensive,0.9967,16.4,3204.0,2.32,16.49,32.3,84.1,3252.7,1301.11,0.0,84.0,6885.06,0.0549,2.0302,62.8,0.0539,0.0118,83269553,218817281,0,0,0,0,EXP004_W004_disk_intensive.csv
2026-08-23T12:13:21.206,298,EXP004,W004,disk_intensive,0.9998,14.9,3204.0,2.46,14.89,32.3,84.1,3248.94,1306.09,0.0,84.0,6885.06,0.0,0.0039,62.8,0.0508,0.0059,83269610,218817479,0,0,0,0,EXP004_W004_disk_intensive.csv
2026-08-23T12:13:22.204,299,EXP004,W004,disk_intensive,0.9982,15.6,3204.0,2.46,15.82,31.0,84.2,3255.02,1293.2,0.0,84.0,6885.06,0.0078,2.2696,62.8,0.0225,0.0029,83269638,218817612,0,0,0,0,EXP004_W004_disk_intensive.csv
2026-08-23T12:13:23.202,300,EXP004,W004,disk_intensive,0.9979,15.5,3204.0,2.46,15.3,31.3,84.2,3257.02,1298.0,0.0,84.0,6885.06,0.1018,0.274,62.8,0.0323,0.0078,83269699,218817789,0,0,0,0,EXP004_W004_disk_intensive.csv
2026-08-23T12:31:34.679,1,EXP006,W006,mixed,0.0177,18.2,3204.0,2.63,10.41,50.0,84.8,3177.3,1241.11,0.0,82.3,6739.12,24.4633,0.0,62.8,0.0,0.0,83358081,219061028,0,0,0,0,EXP006_W006_mixed.csv
2026-08-23T12:31:35.672,2,EXP006,W006,mixed,0.9928,27.2,3204.0,2.63,27.24,43.0,86.4,3243.36,1116.55,0.0,82.3,6745.75,2.4985,7.5506,62.8,0.0689,0.0177,83358147,219061227,0,0,0,0,EXP006_W006_mixed.csv
2026-08-23T12:31:36.669,3,EXP006,W006,mixed,0.9967,32.6,3204.0,2.63,32.65,41.8,86.4,3243.34,1117.12,0.0,82.8,6780.0,1.6069,34.7248,62.8,0.0598,0.0176,83358233,219061525,0,0,0,0,EXP006_W006_mixed.csv
2026-08-23T12:31:37.672,4,EXP006,W006,mixed,1.0032,22.6,3204.0,2.66,22.68,33.0,85.9,3240.22,1156.75,0.0,82.8,6780.0,1.7522,0.5646,62.8,0.0487,0.0097,83358285,219061735,0,0,0,0,EXP006_W006_mixed.csv
2026-08-23T12:31:38.671,5,EXP006,W006,mixed,0.9991,23.8,3204.0,2.66,23.82,38.4,86.0,3259.52,1143.3,0.0,82.8,6780.0,0.997,0.0469,62.8,0.0166,0.0147,83358315,219061847,0,0,0,0,EXP006_W006_mixed.csv
2026-08-23T12:31:39.676,6,EXP006,W006,mixed,1.005,25.8,3204.0,2.66,25.81,39.4,84.7,3180.22,1250.75,0.0,82.8,6780.0,0.4936,0.0,62.8,0.0525,0.0253,83358395,219062094,0,0,0,0,EXP006_W006_mixed.csv
2026-08-23T12:31:40.673,7,EXP006,W006,mixed,0.9972,30.7,3204.0,2.66,30.69,52.5,84.8,3184.09,1248.2,0.0,82.8,6780.0,2.2054,1.0616,62.8,0.0568,0.0098,83358442,219062366,0,0,0,0,EXP006_W006_mixed.csv
2026-08-23T12:31:41.669,8,EXP006,W006,mixed,0.9963,29.2,3204.0,2.66,29.23,50.5,84.8,3216.23,1245.36,0.0,82.8,6780.0,0.8626,0.4431,62.8,0.052,0.0049,83358479,219062603,0,0,0,0,EXP006_W006_mixed.csv
2026-08-23T12:31:42.673,9,EXP006,W006,mixed,1.0037,28.6,3204.0,3.17,28.57,54.5,84.6,3208.52,1263.92,0.0,82.8,6780.0,1.0858,0.0,62.8,0.0574,0.0292,83358574,219062908,0,0,0,0,EXP006_W006_mixed.csv
2026-08-23T12:31:43.673,10,EXP006,W006,mixed,1.0,29.3,3204.0,3.17,29.27,50.0,84.5,3219.0,1267.5,0.0,82.7,6772.0,1.1641,0.0039,62.8,0.0352,0.0146,83358644,219063093,0,0,0,0,EXP006_W006_mixed.csv
2026-08-23T12:31:44.674,11,EXP006,W006,mixed,1.0014,27.2,3204.0,3.17,27.19,52.0,84.3,3199.42,1289.02,0.0,82.7,6772.0,0.5617,0.0,62.8,0.0244,0.0137,83358713,219063233,0,0,0,0,EXP006_W006_mixed.csv
2026-08-23T12:31:45.671,12,EXP006,W006,mixed,0.9968,29.0,3204.0,3.17,29.0,50.5,84.2,3197.52,1294.64,0.0,82.7,6772.0,0.0823,0.0039,62.8,0.0441,0.0147,83358778,219063447,0,0,0,0,EXP006_W006_mixed.csv
2026-08-23T12:31:46.672,13,EXP006,W006,mixed,1.0011,27.4,3204.0,3.17,27.46,48.5,84.3,3211.09,1285.44,0.0,82.7,6772.0,0.2653,0.0,62.8,0.0137,0.001,83358795,219063521,0,0,0,0,EXP006_W006_mixed.csv
2026-08-23T12:31:47.673,14,EXP006,W006,mixed,1.0006,25.8,3204.0,3.07,25.69,51.0,84.2,3211.59,1296.59,0.0,82.7,6772.0,1.3429,0.2264,62.8,0.0156,0.002,83358809,219063613,0,0,0,0,EXP006_W006_mixed.csv
2026-08-23T12:31:48.669,15,EXP006,W006,mixed,0.9959,24.7,3204.0,3.07,24.68,44.4,84.2,3215.3,1293.12,0.0,82.7,6772.0,0.7374,0.0902,62.8,0.0343,0.0069,83358833,219063785,0,0,0,0,EXP006_W006_mixed.csv
2026-08-23T12:31:49.677,16,EXP006,W006,mixed,1.0085,24.4,3204.0,3.07,24.5,53.5,84.1,3208.42,1303.0,0.0,82.7,6772.0,0.1898,0.0,62.8,0.029,0.0039,83358855,219063944,0,0,0,0,EXP006_W006_mixed.csv
2026-08-23T12:31:50.673,17,EXP006,W006,mixed,0.9956,24.5,3204.0,3.07,24.39,47.5,84.1,3212.52,1299.08,0.0,82.7,6772.0,0.565,0.0039,62.8,0.0245,0.0049,83358883,219064064,0,0,0,0,EXP006_W006_mixed.csv
2026-08-23T12:31:51.669,18,EXP006,W006,mixed,0.9969,24.1,3204.0,3.07,24.11,49.5,84.1,3222.64,1305.14,0.0,82.7,6772.0,0.2861,0.6505,62.8,0.0147,0.002,83358907,219064167,0,0,0,0,EXP006_W006_mixed.csv
2026-08-23T12:31:52.669,19,EXP006,W006,mixed,1.0,24.7,3204.0,2.91,24.85,51.0,83.9,3214.91,1317.38,0.0,82.7,6772.0,1.164,2.8554,62.8,0.0303,0.0186,83358962,219064307,0,0,0,0,EXP006_W006_mixed.csv
2026-08-23T12:31:53.673,20,EXP006,W006,mixed,1.0031,45.5,3204.0,2.91,45.54,60.4,84.9,3290.0,1237.67,0.0,82.6,6764.0,13.7577,0.0,62.8,0.0448,0.0107,83359004,219064548,0,0,0,0,EXP006_W006_mixed.csv
2026-08-23T12:31:54.679,21,EXP006,W006,mixed,1.0063,52.3,3204.0,2.91,52.12,60.6,86.2,3284.38,1127.47,0.0,82.9,6794.75,6.3545,31.2366,62.8,0.033,0.0243,83359064,219064695,0,0,0,0,EXP006_W006_mixed.csv
2026-08-23T12:31:55.673,22,EXP006,W006,mixed,0.9937,34.0,3204.0,2.91,34.07,52.0,85.3,3244.59,1206.67,0.0,82.9,6794.75,1.9419,1.7218,62.8,0.0383,0.0088,83359108,219064851,0,0,0,0,EXP006_W006_mixed.csv
2026-08-23T12:31:56.673,23,EXP006,W006,mixed,1.0,30.2,3204.0,2.91,30.18,47.5,85.0,3219.86,1231.59,0.0,82.9,6794.75,0.2031,0.0117,62.8,0.0488,0.0029,83359135,219065084,0,0,0,0,EXP006_W006_mixed.csv
2026-08-23T12:31:57.672,24,EXP006,W006,mixed,1.0,31.6,3204.0,3.48,31.62,49.5,85.2,3249.53,1213.03,0.0,82.9,6794.75,0.7969,1.5704,62.8,0.0322,0.0273,83359189,219065241,0,0,0,0,EXP006_W006_mixed.csv
2026-08-23T12:31:58.671,25,EXP006,W006,mixed,0.9987,29.6,3204.0,3.48,29.55,51.0,84.8,3218.91,1241.88,0.0,82.9,6794.75,0.1604,0.043,62.8,0.0342,0.002,83359213,219065372,0,0,0,0,EXP006_W006_mixed.csv
2026-08-23T12:31:59.674,26,EXP006,W006,mixed,1.0029,29.3,3204.0,3.48,29.27,49.0,84.7,3224.42,1250.47,0.0,82.9,6794.75,3.5173,0.3272,62.8,0.0351,0.0039,83359234,219065548,0,0,0,0,EXP006_W006_mixed.csv
2026-08-23T12:32:00.672,27,EXP006,W006,mixed,0.9984,30.5,3204.0,3.48,30.51,45.5,85.0,3256.11,1225.16,0.0,82.9,6794.75,1.3068,0.8803,62.8,0.0372,0.0137,83359267,219065728,0,0,0,0,EXP006_W006_mixed.csv
2026-08-23T12:32:01.672,28,EXP006,W006,mixed,1.0,30.5,3204.0,3.48,30.6,49.0,85.0,3249.73,1229.98,0.0,82.9,6794.75,0.5117,0.4609,62.8,0.0586,0.0039,83359291,219066016,0,0,0,0,EXP006_W006_mixed.csv
2026-08-23T12:32:02.667,29,EXP006,W006,mixed,0.9951,33.4,3204.0,3.36,33.26,48.5,84.8,3243.28,1246.95,0.0,82.9,6794.75,0.1688,0.7498,62.8,0.0579,0.0275,83359351,219066303,0,0,0,0,EXP006_W006_mixed.csv
2026-08-23T12:32:03.668,30,EXP006,W006,mixed,1.0002,30.8,3204.0,3.36,30.75,48.0,84.8,3231.42,1248.98,0.0,82.9,6794.75,0.9295,0.0,62.8,0.0478,0.0371,83359425,219066564,0,0,0,0,EXP006_W006_mixed.csv
2026-08-23T12:32:04.678,31,EXP006,W006,mixed,1.0105,30.1,3204.0,3.36,30.09,45.0,84.7,3232.94,1249.62,0.0,82.9,6794.75,0.0309,0.0155,62.8,0.0454,0.0048,83359461,219066761,0,0,0,0,EXP006_W006_mixed.csv
2026-08-23T12:32:05.672,32,EXP006,W006,mixed,0.9941,31.9,3204.0,3.36,31.89,49.0,85.5,3260.16,1191.28,0.0,82.9,6794.75,0.6955,1.1159,62.8,0.0226,0.0177,83359503,219066899,0,0,0,0,EXP006_W006_mixed.csv
2026-08-23T12:32:06.672,33,EXP006,W006,mixed,0.9998,40.8,3204.0,3.36,40.81,52.0,85.9,3251.53,1154.25,0.0,82.9,6794.75,2.653,0.0742,62.8,0.0234,0.0029,83359526,219067032,0,0,0,0,EXP006_W006_mixed.csv
2026-08-23T12:32:07.672,34,EXP006,W006,mixed,1.0003,29.3,3204.0,3.25,29.32,44.0,85.5,3230.27,1188.48,0.0,82.9,6794.75,0.2109,0.3632,62.8,0.0312,0.0605,83359616,219067238,0,0,0,0,EXP006_W006_mixed.csv
2026-08-23T12:32:08.668,35,EXP006,W006,mixed,0.9957,26.5,3204.0,3.25,26.62,47.5,84.4,3174.05,1277.38,0.0,82.9,6794.75,0.0196,0.051,62.8,0.051,0.0177,83359674,219067492,0,0,0,0,EXP006_W006_mixed.csv
2026-08-23T12:32:09.676,36,EXP006,W006,mixed,1.0078,20.1,3204.0,3.25,20.16,32.0,84.8,3205.88,1249.06,0.0,82.9,6794.75,0.9341,0.0,62.8,0.0514,0.0233,83359755,219067760,0,0,0,0,EXP006_W006_mixed.csv
2026-08-23T12:32:10.672,37,EXP006,W006,mixed,0.9965,18.2,3204.0,3.25,18.16,38.4,84.7,3205.05,1254.03,0.0,82.9,6794.75,0.145,0.0118,62.8,0.0549,0.0127,83359818,219068006,0,0,0,0,EXP006_W006_mixed.csv
2026-08-23T12:32:11.668,38,EXP006,W006,mixed,0.9962,23.7,3204.0,3.25,23.71,41.4,85.7,3296.53,1174.61,0.0,82.9,6794.75,0.749,0.1451,62.8,0.0255,0.0039,83359847,219068130,0,0,0,0,EXP006_W006_mixed.csv
2026-08-23T12:32:12.669,39,EXP006,W006,mixed,1.0006,29.2,3204.0,3.55,29.24,39.4,86.2,3295.84,1132.25,0.0,82.9,6794.75,3.5605,0.691,62.8,0.0498,0.0234,83359907,219068368,0,0,0,0,EXP006_W006_mixed.csv
2026-08-23T12:32:13.671,40,EXP006,W006,mixed,1.0027,21.6,3204.0,3.55,21.55,35.4,85.2,3227.11,1210.8,0.0,82.9,6794.75,1.9518,2.1154,62.8,0.0915,0.0399,83359979,219068818,0,0,0,0,EXP006_W006_mixed.csv
2026-08-23T12:32:14.674,41,EXP006,W006,mixed,1.0027,19.0,3204.0,3.55,19.12,31.0,85.0,3216.3,1227.56,0.0,82.9,6794.75,1.3752,0.0117,62.8,0.0273,0.0195,83360018,219068957,0,0,0,0,EXP006_W006_mixed.csv
2026-08-23T12:32:15.672,42,EXP006,W006,mixed,0.9978,20.9,3204.0,3.55,20.86,32.3,84.9,3214.25,1235.83,0.0,82.9,6794.75,0.0,0.0039,62.8,0.0362,0.0039,83360042,219069133,0,0,0,0,EXP006_W006_mixed.csv
2026-08-23T12:32:16.669,43,EXP006,W006,mixed,0.9969,20.2,3204.0,3.55,20.19,31.3,84.9,3215.92,1237.8,0.0,82.9,6794.75,0.0,0.0627,62.8,0.0265,0.001,83360058,219069263,0,0,0,0,EXP006_W006_mixed.csv
2026-08-23T12:32:17.668,44,EXP006,W006,mixed,0.9993,17.6,3204.0,3.5,17.71,29.3,84.9,3222.55,1236.28,0.0,82.9,6794.75,0.2658,0.0782,62.8,0.0156,0.002,83360075,219069344,0,0,0,0,EXP006_W006_mixed.csv
2026-08-23T12:32:18.671,45,EXP006,W006,mixed,1.0025,22.7,3204.0,3.5,22.61,40.4,84.8,3219.58,1242.5,0.0,82.9,6794.75,1.7651,2.3651,62.8,0.0185,0.0068,83360096,219069432,0,0,0,0,EXP006_W006_mixed.csv
2026-08-23T12:32:19.677,46,EXP006,W006,mixed,1.0063,21.9,3204.0,3.5,22.01,35.0,85.0,3224.89,1231.95,0.0,82.9,6794.75,0.0427,0.0311,62.8,0.0437,0.0194,83360135,219069627,0,0,0,0,EXP006_W006_mixed.csv
2026-08-23T12:32:20.672,47,EXP006,W006,mixed,0.995,19.5,3204.0,3.5,19.54,36.4,84.6,3195.75,1260.33,0.0,82.9,6794.75,0.0275,0.0039,62.8,0.0206,0.002,83360156,219069733,0,0,0,0,EXP006_W006_mixed.csv
2026-08-23T12:32:21.685,48,EXP006,W006,mixed,1.0134,22.1,3204.0,3.5,22.59,32.4,84.7,3199.45,1256.84,0.0,82.9,6794.75,0.744,0.2428,62.8,0.0116,0.0019,83360175,219069802,0,0,0,0,EXP006_W006_mixed.csv
2026-08-23T12:32:22.672,49,EXP006,W006,mixed,0.9866,28.0,3204.0,3.3,27.56,45.9,84.9,3264.83,1233.28,0.0,82.9,6794.75,3.5475,3.3851,62.8,0.0337,0.0396,83360244,219069972,0,0,0,0,EXP006_W006_mixed.csv
2026-08-23T12:32:23.672,50,EXP006,W006,mixed,1.0004,19.9,3204.0,3.3,19.93,40.0,84.2,3223.19,1291.19,0.0,82.9,6794.75,1.4214,0.0078,62.8,0.0351,0.0127,83360284,219070151,0,0,0,0,EXP006_W006_mixed.csv
2026-08-23T12:32:24.674,51,EXP006,W006,mixed,1.0017,14.1,3204.0,3.3,14.19,31.6,84.2,3216.91,1293.72,0.0,82.9,6794.75,2.0707,0.0117,62.8,0.0253,0.0078,83360308,219070277,0,0,0,0,EXP006_W006_mixed.csv
2026-08-23T12:32:25.670,52,EXP006,W006,mixed,0.9967,21.2,3204.0,3.3,21.21,35.4,84.1,3227.16,1303.52,0.0,82.9,6794.75,0.2195,0.0666,62.8,0.0274,0.0108,83360336,219070421,0,0,0,0,EXP006_W006_mixed.csv
2026-08-23T12:32:26.667,53,EXP006,W006,mixed,0.997,26.4,3204.0,3.3,26.43,39.4,86.2,3289.03,1131.91,0.0,82.9,6794.75,1.007,0.5485,62.8,0.0323,0.002,83360354,219070553,0,0,0,0,EXP006_W006_mixed.csv
2026-08-23T12:32:27.670,54,EXP006,W006,mixed,1.0031,24.9,3204.0,3.12,24.91,39.0,85.2,3211.27,1213.31,0.0,82.9,6794.75,1.0398,0.2687,62.8,0.0107,0.0039,83360377,219070632,0,0,0,0,EXP006_W006_mixed.csv
2026-08-23T12:32:28.671,55,EXP006,W006,mixed,1.0006,30.9,3204.0,3.12,30.97,45.0,85.9,3263.86,1155.66,0.0,82.9,6794.75,1.3663,0.0468,62.8,0.0244,0.0254,83360429,219070768,0,0,0,0,EXP006_W006_mixed.csv
2026-08-23T12:32:29.678,56,EXP006,W006,mixed,1.0068,20.2,3204.0,3.12,20.35,41.0,84.9,3202.39,1240.8,0.0,82.9,6794.75,2.4597,0.0194,62.8,0.0378,0.0194,83360492,219070941,0,0,0,0,EXP006_W006_mixed.csv
2026-08-23T12:32:30.672,57,EXP006,W006,mixed,0.9937,15.6,3204.0,3.12,15.55,32.7,84.4,3185.05,1277.78,0.0,82.9,6794.75,0.1219,0.0,62.8,0.0472,0.0265,83360567,219071169,0,0,0,0,EXP006_W006_mixed.csv
2026-08-23T12:32:31.667,58,EXP006,W006,mixed,0.9951,24.7,3204.0,3.12,24.68,41.4,86.2,3299.34,1132.36,0.0,82.9,6794.75,0.5299,0.212,62.8,0.0275,0.0049,83360594,219071287,0,0,0,0,EXP006_W006_mixed.csv
2026-08-23T12:32:32.670,59,EXP006,W006,mixed,1.0038,24.1,3204.0,3.03,24.15,37.4,86.0,3257.16,1149.61,0.0,82.9,6794.75,1.4321,0.9417,62.8,0.036,0.0029,83360615,219071517,0,0,0,0,EXP006_W006_mixed.csv
2026-08-23T12:32:33.671,60,EXP006,W006,mixed,1.001,19.2,3204.0,3.03,19.24,30.3,85.7,3247.22,1174.75,0.0,82.9,6794.75,0.5503,1.9161,62.8,0.0312,0.0068,83360638,219071665,0,0,0,0,EXP006_W006_mixed.csv
2026-08-23T12:32:34.677,61,EXP006,W006,mixed,1.0054,25.5,3204.0,3.03,25.61,43.0,85.6,3266.27,1178.97,0.0,82.9,6794.75,0.9558,0.5167,62.8,0.0437,0.0272,83360709,219071889,0,0,0,0,EXP006_W006_mixed.csv
2026-08-23T12:32:35.672,62,EXP006,W006,mixed,0.9951,19.0,3204.0,3.03,18.93,38.4,85.4,3251.17,1194.62,0.0,82.9,6794.75,3.9961,0.0864,62.8,0.0481,0.0206,83360778,219072091,0,0,0,0,EXP006_W006_mixed.csv
2026-08-23T12:32:36.671,63,EXP006,W006,mixed,0.9996,17.5,3204.0,3.03,17.55,34.3,84.8,3176.03,1248.17,0.0,82.8,6786.75,2.1844,0.0039,62.8,0.044,0.0137,83360841,219072253,0,0,0,0,EXP006_W006_mixed.csv
2026-08-23T12:32:37.670,64,EXP006,W006,mixed,0.9991,14.3,3204.0,2.95,14.5,33.0,84.6,3168.62,1263.92,0.0,82.8,6786.75,0.0,0.9775,62.8,0.045,0.0127,83360880,219072441,0,0,0,0,EXP006_W006_mixed.csv
2026-08-23T12:32:38.671,65,EXP006,W006,mixed,1.0009,18.0,3204.0,2.95,17.93,31.6,84.6,3168.62,1263.92,0.0,82.8,6786.75,0.0546,1.0615,62.8,0.0478,0.0078,83360907,219072624,0,0,0,0,EXP006_W006_mixed.csv
2026-08-23T12:32:39.674,66,EXP006,W006,mixed,1.0022,26.4,3204.0,2.95,26.4,47.1,84.5,3174.52,1270.64,0.0,82.7,6778.75,0.1949,0.0039,62.8,0.0351,0.0039,83360932,219072793,0,0,0,0,EXP006_W006_mixed.csv
2026-08-23T12:32:40.671,67,EXP006,W006,mixed,0.9977,24.9,3204.0,2.95,24.93,42.4,84.3,3181.17,1284.06,0.0,82.7,6778.75,0.8457,0.09,62.8,0.0411,0.0088,83360961,219072987,0,0,0,0,EXP006_W006_mixed.csv
2026-08-23T12:32:41.670,68,EXP006,W006,mixed,0.9986,23.2,3204.0,2.95,23.14,90.0,84.4,3191.67,1274.75,0.0,82.7,6778.75,0.133,0.0,62.8,0.0235,0.002,83360978,219073095,0,0,0,0,EXP006_W006_mixed.csv
2026-08-23T12:32:42.671,69,EXP006,W006,mixed,1.0014,25.0,3204.0,3.27,24.91,47.5,84.3,3177.3,1289.98,0.0,82.7,6778.75,0.0702,0.039,62.8,0.0566,0.0039,83361001,219073349,0,0,0,0,EXP006_W006_mixed.csv
2026-08-23T12:32:43.671,70,EXP006,W006,mixed,1.0,26.6,3204.0,3.27,26.65,42.4,85.6,3271.75,1180.44,0.0,82.7,6778.75,0.4961,1.4375,62.8,0.0498,0.0059,83361026,219073607,0,0,0,0,EXP006_W006_mixed.csv
2026-08-23T12:32:44.677,71,EXP006,W006,mixed,1.0063,36.5,3204.0,3.27,36.51,48.5,86.2,3286.72,1130.12,0.0,82.9,6787.88,1.4168,9.615,62.8,0.0213,0.0184,83361065,219073744,0,0,0,0,EXP006_W006_mixed.csv
2026-08-23T12:32:45.668,72,EXP006,W006,mixed,0.9901,32.0,3204.0,3.27,32.01,42.9,84.9,3194.8,1235.67,0.0,82.9,6787.88,6.5805,0.075,62.8,0.0197,0.0049,83361092,219073852,0,0,0,0,EXP006_W006_mixed.csv
2026-08-23T12:32:46.671,73,EXP006,W006,mixed,1.0035,26.0,3204.0,3.27,25.89,57.4,84.9,3200.33,1239.3,0.0,82.9,6787.88,0.0234,0.0,62.8,0.0311,0.0078,83361123,219074003,0,0,0,0,EXP006_W006_mixed.csv
2026-08-23T12:32:47.671,74,EXP006,W006,mixed,1.0,29.4,3204.0,3.33,29.45,70.0,84.6,3185.83,1261.28,0.0,82.9,6787.88,0.0039,0.0,62.8,0.0332,0.002,83361140,219074153,0,0,0,0,EXP006_W006_mixed.csv
2026-08-23T12:32:48.671,75,EXP006,W006,mixed,1.0,24.4,3204.0,3.33,24.4,52.0,84.8,3173.64,1245.62,0.0,82.9,6787.88,0.1289,0.9297,62.8,0.0547,0.0098,83361174,219074337,0,0,0,0,EXP006_W006_mixed.csv
2026-08-23T12:32:49.674,76,EXP006,W006,mixed,1.0035,20.3,3204.0,3.33,20.3,38.0,84.9,3176.09,1234.89,0.0,82.9,6787.88,1.1328,29.974,62.8,0.0272,0.0019,83361191,219074447,0,0,0,0,EXP006_W006_mixed.csv
2026-08-23T12:32:50.671,77,EXP006,W006,mixed,0.9965,26.1,3204.0,3.33,26.17,37.4,85.8,3279.77,1164.19,0.0,82.9,6787.88,1.5209,31.406,62.8,0.0186,0.002,83361211,219074544,0,0,0,0,EXP006_W006_mixed.csv
2026-08-23T12:32:51.670,78,EXP006,W006,mixed,0.9994,28.8,3204.0,3.33,28.95,61.6,85.5,3253.56,1187.27,0.0,82.9,6787.88,0.3049,0.6293,62.8,0.0254,0.0244,83361262,219074689,0,0,0,0,EXP006_W006_mixed.csv
2026-08-23T12:32:52.671,79,EXP006,W006,mixed,1.0005,23.3,3204.0,3.38,23.15,50.0,84.4,3169.61,1279.94,0.0,82.9,6787.88,0.1562,2.7719,62.8,0.0254,0.002,83361278,219074789,0,0,0,0,EXP006_W006_mixed.csv
2026-08-23T12:32:53.667,80,EXP006,W006,mixed,0.9961,34.8,3204.0,3.38,34.77,61.0,84.5,3207.89,1269.06,0.0,82.9,6787.88,11.3876,0.0078,62.8,0.0304,0.0039,83361302,219074925,0,0,0,0,EXP006_W006_mixed.csv
2026-08-23T12:32:54.672,81,EXP006,W006,mixed,1.0053,34.5,3204.0,3.38,34.61,50.0,84.2,3196.64,1298.16,0.0,82.9,6787.88,5.7547,0.0078,62.8,0.0155,0.001,83361316,219075020,0,0,0,0,EXP006_W006_mixed.csv
2026-08-23T12:32:55.671,82,EXP006,W006,mixed,0.9987,43.1,3204.0,3.38,43.16,67.0,84.8,3170.31,1247.39,0.0,82.9,6787.88,35.8437,0.352,62.8,0.0176,0.002,83361335,219075121,0,0,0,0,EXP006_W006_mixed.csv
2026-08-23T12:32:56.671,83,EXP006,W006,mixed,0.9999,31.6,3204.0,3.38,31.7,61.6,84.6,3144.05,1262.78,0.0,82.9,6787.88,3.8989,30.0547,62.8,0.0537,0.0039,83361360,219075380,0,0,0,0,EXP006_W006_mixed.csv
2026-08-23T12:32:57.670,84,EXP006,W006,mixed,0.9989,39.1,3204.0,3.75,39.12,59.6,84.6,3163.92,1262.91,0.0,82.9,6787.88,9.776,0.0,62.8,0.0381,0.0244,83361404,219075579,0,0,0,0,EXP006_W006_mixed.csv
2026-08-23T12:32:58.671,85,EXP006,W006,mixed,1.0011,43.3,3204.0,3.75,43.33,65.0,84.7,3149.89,1255.27,0.0,82.9,6787.88,23.4282,0.6048,62.8,0.0195,0.0098,83361441,219075689,0,0,0,0,EXP006_W006_mixed.csv
2026-08-23T12:32:59.672,86,EXP006,W006,mixed,1.0018,45.1,3204.0,3.75,45.11,62.2,85.1,3116.97,1220.34,0.0,82.6,6763.88,52.2697,1.9145,62.8,0.0312,0.0029,83361461,219075842,0,0,0,0,EXP006_W006_mixed.csv
2026-08-23T12:33:00.671,87,EXP006,W006,mixed,0.9982,47.7,3204.0,3.75,47.76,67.7,85.4,3156.58,1193.61,0.0,82.6,6763.88,9.3486,1.1466,62.8,0.0293,0.002,83361483,219075974,0,0,0,0,EXP006_W006_mixed.csv
2026-08-23T12:33:01.671,88,EXP006,W006,mixed,1.0,44.1,3204.0,3.75,44.12,72.3,85.3,3140.89,1202.06,0.0,82.6,6763.88,15.4181,30.1565,62.8,0.0146,0.0029,83361504,219076072,0,0,0,0,EXP006_W006_mixed.csv
2026-08-23T12:33:02.671,89,EXP006,W006,mixed,1.0,50.4,3204.0,3.77,50.49,77.8,85.1,3140.55,1219.83,0.0,82.6,6763.88,5.5079,0.2969,62.8,0.0303,0.001,83361515,219076236,0,0,0,0,EXP006_W006_mixed.csv
2026-08-23T12:33:03.671,90,EXP006,W006,mixed,1.0,40.0,3204.0,3.77,40.19,72.0,85.3,3146.02,1204.5,0.0,82.6,6763.88,3.5273,0.0312,62.8,0.0322,0.0029,83361531,219076398,0,0,0,0,EXP006_W006_mixed.csv
2026-08-23T12:33:04.676,91,EXP006,W006,mixed,1.0056,40.2,3204.0,3.77,40.16,75.0,84.9,3132.27,1235.91,0.0,82.6,6763.88,2.121,1.8879,62.8,0.0447,0.0039,83361555,219076591,0,0,0,0,EXP006_W006_mixed.csv
2026-08-23T12:33:05.670,92,EXP006,W006,mixed,0.9944,40.3,3204.0,3.77,40.21,70.3,84.9,3134.42,1236.08,0.0,82.6,6763.88,2.514,1.4534,62.8,0.0412,0.0029,83361574,219076791,0,0,0,0,EXP006_W006_mixed.csv
2026-08-23T12:33:06.670,93,EXP006,W006,mixed,1.0,44.8,3204.0,3.77,44.91,66.7,85.2,3130.95,1212.44,0.0,82.6,6763.88,17.5388,3.8984,62.8,0.0322,0.0049,83361596,219076918,0,0,0,0,EXP006_W006_mixed.csv
2026-08-23T12:33:07.670,94,EXP006,W006,mixed,1.0,35.8,3204.0,3.63,35.92,67.7,85.2,3117.52,1212.39,0.0,82.6,6763.88,4.9413,1.3593,62.8,0.5381,0.0146,83361781,219077445,0,0,0,0,EXP006_W006_mixed.csv
2026-08-23T12:33:08.670,95,EXP006,W006,mixed,0.9997,37.1,3204.0,3.63,37.11,75.2,85.1,3134.8,1218.05,0.0,82.6,6763.88,0.6916,0.0039,62.8,0.044,0.0195,83361825,219077678,0,0,0,0,EXP006_W006_mixed.csv
2026-08-23T12:33:09.676,96,EXP006,W006,mixed,1.0057,37.6,3204.0,3.63,37.48,51.0,85.1,3142.78,1218.69,0.0,82.6,6763.88,0.1165,0.1398,62.8,0.0194,0.001,83361837,219077787,0,0,0,0,EXP006_W006_mixed.csv
2026-08-23T12:33:10.670,97,EXP006,W006,mixed,0.9946,42.6,3204.0,3.63,42.66,80.8,85.0,3131.91,1229.33,0.0,82.6,6763.88,3.9707,0.974,62.8,0.054,0.0029,83361855,219077987,0,0,0,0,EXP006_W006_mixed.csv
2026-08-23T12:33:11.670,98,EXP006,W006,mixed,1.0,42.4,3204.0,3.63,42.45,79.0,85.0,3138.28,1228.38,0.0,82.6,6763.88,37.4024,0.2344,62.8,0.0254,0.0029,83361876,219078128,0,0,0,0,EXP006_W006_mixed.csv
2026-08-23T12:33:12.670,99,EXP006,W006,mixed,1.0,45.3,3204.0,3.66,45.31,76.0,85.2,3132.7,1213.75,0.0,82.6,6763.88,38.6719,0.8945,62.8,0.0127,0.0029,83361900,219078220,0,0,0,0,EXP006_W006_mixed.csv
2026-08-23T12:33:13.665,100,EXP006,W006,mixed,0.9951,54.0,3204.0,3.66,53.86,83.0,85.5,3091.08,1186.19,0.0,82.6,6763.88,30.2983,1.4446,62.8,0.0658,0.0216,83361979,219078391,0,0,0,0,EXP006_W006_mixed.csv
2026-08-23T12:33:14.677,101,EXP006,W006,mixed,1.0119,41.2,3204.0,3.66,41.41,82.2,85.5,3098.28,1189.88,0.0,82.6,6763.88,17.8807,0.4555,62.8,0.0724,0.0222,83362042,219078640,0,0,0,0,EXP006_W006_mixed.csv
2026-08-23T12:33:15.670,102,EXP006,W006,mixed,0.9931,35.8,3204.0,3.66,35.89,73.5,85.8,3099.22,1166.7,0.0,82.6,6763.88,14.8453,2.903,62.8,0.0305,0.001,83362059,219078776,0,0,0,0,EXP006_W006_mixed.csv
2026-08-23T12:33:16.669,103,EXP006,W006,mixed,0.9985,47.4,3204.0,3.66,47.38,75.0,85.8,3125.52,1164.7,0.0,82.6,6763.88,11.0635,0.0469,62.8,0.0381,0.0049,83362096,219078939,0,0,0,0,EXP006_W006_mixed.csv
2026-08-23T12:33:17.670,104,EXP006,W006,mixed,1.0015,39.9,3204.0,3.77,40.01,95.0,85.7,3130.95,1167.78,0.0,82.6,6763.88,15.0403,0.1287,62.8,0.038,0.002,83362115,219079079,0,0,0,0,EXP006_W006_mixed.csv
2026-08-23T12:33:18.666,105,EXP006,W006,mixed,0.9959,32.5,3204.0,3.77,32.4,66.0,85.6,3117.0,1180.05,0.0,82.6,6763.88,17.5845,0.0824,62.8,0.0167,0.001,83362124,219079167,0,0,0,0,EXP006_W006_mixed.csv
2026-08-23T12:33:19.672,106,EXP006,W006,mixed,1.0064,31.3,3204.0,3.77,31.5,97.0,85.5,3118.28,1185.17,0.0,82.6,6763.88,9.7117,0.0194,62.8,0.0155,0.0068,83362143,219079262,0,0,0,0,EXP006_W006_mixed.csv
2026-08-23T12:33:20.667,107,EXP006,W006,mixed,0.9947,31.1,3204.0,3.77,31.11,51.5,85.3,3104.84,1204.67,0.0,82.6,6763.88,11.9152,0.2121,62.8,0.0118,0.001,83362153,219079338,0,0,0,0,EXP006_W006_mixed.csv
2026-08-23T12:33:21.670,108,EXP006,W006,mixed,1.0031,31.4,3204.0,3.77,31.44,46.5,85.5,3122.75,1190.95,0.0,82.6,6763.88,8.8435,0.8606,62.8,0.0243,0.0039,83362173,219079459,0,0,0,0,EXP006_W006_mixed.csv
2026-08-23T12:33:22.666,109,EXP006,W006,mixed,0.9962,33.9,3204.0,3.7,33.71,68.3,85.7,3140.2,1174.64,0.0,82.6,6763.88,11.9794,3.1644,62.8,0.0588,0.0039,83362195,219079698,0,0,0,0,EXP006_W006_mixed.csv
2026-08-23T12:33:23.670,110,EXP006,W006,mixed,1.0038,30.7,3204.0,3.7,30.73,65.0,85.4,3123.53,1195.39,0.0,82.6,6763.88,7.9385,0.0,62.8,0.0438,0.0019,83362210,219079862,0,0,0,0,EXP006_W006_mixed.csv
2026-08-23T12:33:24.673,111,EXP006,W006,mixed,1.0028,29.8,3204.0,3.7,29.77,79.0,85.4,3125.97,1196.86,0.0,82.6,6763.88,14.3852,0.0039,62.8,0.0127,0.0019,83362221,219079939,0,0,0,0,EXP006_W006_mixed.csv
2026-08-23T12:33:25.670,112,EXP006,W006,mixed,0.9972,32.3,3204.0,3.7,32.23,54.0,85.4,3132.2,1199.78,0.0,82.6,6763.88,19.5981,0.0627,62.8,0.0343,0.0186,83362256,219080115,0,0,0,0,EXP006_W006_mixed.csv
2026-08-23T12:33:26.670,113,EXP006,W006,mixed,1.0,31.1,3204.0,3.7,31.09,51.5,85.4,3134.06,1198.41,0.0,82.6,6763.88,14.9298,0.0,62.8,0.0391,0.0039,83362284,219080292,0,0,0,0,EXP006_W006_mixed.csv
2026-08-23T12:33:27.670,114,EXP006,W006,mixed,1.0,33.3,3204.0,3.65,33.41,92.9,85.2,3137.86,1208.53,0.0,82.6,6763.88,17.8241,0.0469,62.8,0.0205,0.001,83362298,219080417,0,0,0,0,EXP006_W006_mixed.csv
2026-08-23T12:33:28.670,115,EXP006,W006,mixed,1.0,31.2,3204.0,3.65,31.16,71.3,85.2,3139.47,1212.22,0.0,82.6,6763.88,7.5195,0.0,62.8,0.0283,0.0088,83362327,219080585,0,0,0,0,EXP006_W006_mixed.csv
2026-08-23T12:33:29.676,116,EXP006,W006,mixed,1.0063,31.4,3204.0,3.65,31.43,76.2,85.1,3140.0,1216.59,0.0,82.6,6763.88,15.1863,0.0466,62.8,0.0592,0.0049,83362348,219080838,0,0,0,0,EXP006_W006_mixed.csv
2026-08-23T12:33:30.670,117,EXP006,W006,mixed,0.9937,31.2,3204.0,3.65,31.3,51.0,85.0,3130.86,1229.05,0.0,82.6,6763.88,14.1785,0.0079,62.8,0.0138,0.0059,83362361,219080913,0,0,0,0,EXP006_W006_mixed.csv
2026-08-23T12:33:31.670,118,EXP006,W006,mixed,1.0,21.7,3204.0,3.65,21.6,46.0,85.4,3129.72,1199.16,0.0,82.6,6763.88,15.3316,0.4844,62.8,0.0078,0.001,83362378,219080984,0,0,0,0,EXP006_W006_mixed.csv
2026-08-23T12:33:32.670,119,EXP006,W006,mixed,1.0001,22.5,3204.0,3.6,22.64,47.5,85.5,3107.52,1187.55,0.0,82.6,6763.88,14.6159,30.5286,62.8,0.0146,0.001,83362384,219081053,0,0,0,0,EXP006_W006_mixed.csv
2026-08-23T12:33:33.670,120,EXP006,W006,mixed,0.9999,29.2,3204.0,3.6,29.15,62.0,85.3,3096.53,1202.62,0.0,82.6,6763.88,12.9502,31.6703,62.8,0.0127,0.0078,83362403,219081119,0,0,0,0,EXP006_W006_mixed.csv
2026-08-23T12:33:34.673,121,EXP006,W006,mixed,1.0034,30.1,3204.0,3.6,30.14,75.0,85.5,3114.08,1191.34,0.0,82.6,6763.88,8.771,0.0,62.8,0.0321,0.0039,83362421,219081259,0,0,0,0,EXP006_W006_mixed.csv
2026-08-23T12:33:35.670,122,EXP006,W006,mixed,0.9966,31.2,3204.0,3.6,31.35,75.8,85.3,3123.75,1202.25,0.0,82.6,6763.88,4.9465,0.0941,62.8,0.0461,0.0039,83362445,219081494,0,0,0,0,EXP006_W006_mixed.csv
2026-08-23T12:33:36.670,123,EXP006,W006,mixed,1.0,31.4,3204.0,3.6,31.38,57.0,85.3,3129.95,1203.25,0.0,82.6,6763.88,0.9648,0.9844,62.8,0.0146,0.001,83362458,219081572,0,0,0,0,EXP006_W006_mixed.csv
2026-08-23T12:33:37.670,124,EXP006,W006,mixed,1.0,33.4,3204.0,3.55,33.41,91.0,85.1,3147.69,1222.36,0.0,82.6,6763.88,0.4688,0.0,62.8,0.0156,0.002,83362473,219081679,0,0,0,0,EXP006_W006_mixed.csv
2026-08-23T12:33:38.670,125,EXP006,W006,mixed,1.0,25.6,3204.0,3.55,25.64,47.5,84.6,3113.67,1262.09,0.0,82.6,6763.88,1.4336,0.0,62.8,0.0146,0.001,83362483,219081764,0,0,0,0,EXP006_W006_mixed.csv
2026-08-23T12:33:39.672,126,EXP006,W006,mixed,1.002,21.1,3204.0,3.55,21.12,66.0,84.5,3108.92,1267.7,0.0,82.6,6763.88,0.0,0.0,62.8,0.0253,0.0029,83362496,219081880,0,0,0,0,EXP006_W006_mixed.csv
2026-08-23T12:33:40.669,127,EXP006,W006,mixed,0.998,21.6,3204.0,3.55,21.56,75.0,84.5,3132.53,1271.33,0.0,82.6,6763.88,1.1038,0.0,62.8,0.0215,0.0078,83362517,219081979,0,0,0,0,EXP006_W006_mixed.csv
2026-08-23T12:33:41.665,128,EXP006,W006,mixed,0.9959,21.1,3204.0,3.55,20.98,80.2,84.5,3135.0,1271.42,0.0,82.6,6763.88,0.7256,0.0,62.8,0.0294,0.0078,83362546,219082087,0,0,0,0,EXP006_W006_mixed.csv
2026-08-23T12:33:42.669,129,EXP006,W006,mixed,1.0041,20.8,3204.0,3.5,20.84,97.0,84.5,3136.81,1269.78,0.0,82.6,6763.88,0.8053,0.0,62.8,0.0195,0.0039,83362563,219082191,0,0,0,0,EXP006_W006_mixed.csv
2026-08-23T12:33:43.666,130,EXP006,W006,mixed,0.9965,12.6,3204.0,3.5,12.62,19.0,84.8,3164.95,1244.8,0.0,82.6,6763.88,0.145,30.2814,62.8,0.0147,0.001,83362573,219082280,0,0,0,0,EXP006_W006_mixed.csv
2026-08-23T12:33:44.672,131,EXP006,W006,mixed,1.0063,18.1,3204.0,3.5,18.16,49.0,84.8,3167.98,1244.7,0.0,82.6,6763.88,1.0753,0.0,62.8,0.0165,0.0019,83362591,219082374,0,0,0,0,EXP006_W006_mixed.csv
2026-08-23T12:33:45.669,132,EXP006,W006,mixed,0.9972,23.7,3204.0,3.5,23.7,67.0,85.1,3186.48,1221.66,0.0,82.6,6763.88,0.4897,0.0,62.8,0.0255,0.001,83362606,219082514,0,0,0,0,EXP006_W006_mixed.csv
2026-08-23T12:33:46.669,133,EXP006,W006,mixed,1.0,21.8,3204.0,3.5,21.79,95.0,84.8,3169.67,1245.23,0.0,82.6,6763.88,0.0781,0.0664,62.8,0.0137,0.002,83362624,219082593,0,0,0,0,EXP006_W006_mixed.csv
2026-08-23T12:33:47.669,134,EXP006,W006,mixed,1.0,21.0,3204.0,3.38,21.09,70.7,84.7,3167.73,1250.17,0.0,82.6,6763.88,0.0,0.0,62.8,0.0107,0.001,83362633,219082669,0,0,0,0,EXP006_W006_mixed.csv
2026-08-23T12:33:48.665,135,EXP006,W006,mixed,0.9961,20.5,3204.0,3.38,20.46,74.0,84.8,3170.0,1248.08,0.0,82.6,6763.88,0.0,0.0,62.8,0.0157,0.0069,83362654,219082764,0,0,0,0,EXP006_W006_mixed.csv
2026-08-23T12:33:49.676,136,EXP006,W006,mixed,1.0103,12.7,3204.0,3.38,12.74,20.0,84.8,3159.34,1246.81,0.0,82.6,6763.88,0.1933,0.0271,62.8,0.0329,0.0019,83362674,219082940,0,0,0,0,EXP006_W006_mixed.csv
2026-08-23T12:33:50.669,137,EXP006,W006,mixed,0.9937,11.9,3204.0,3.38,12.07,26.0,84.9,3154.25,1236.89,0.0,82.6,6763.88,0.5228,0.059,62.8,0.0167,0.0039,83362700,219083042,0,0,0,0,EXP006_W006_mixed.csv
2026-08-23T12:33:51.665,138,EXP006,W006,mixed,0.996,11.1,3204.0,3.38,10.95,24.2,84.9,3155.88,1237.55,0.0,82.6,6763.88,0.0431,0.8903,62.8,0.0157,0.0069,83362726,219083139,0,0,0,0,EXP006_W006_mixed.csv
2026-08-23T12:33:52.669,139,EXP006,W006,mixed,1.0034,17.7,3204.0,3.27,17.77,38.0,84.9,3156.89,1237.61,0.0,82.6,6763.88,0.1246,2.1255,62.8,0.0136,0.0019,83362741,219083241,0,0,0,0,EXP006_W006_mixed.csv
2026-08-23T12:33:53.668,140,EXP006,W006,mixed,0.9999,26.9,3204.0,3.27,27.0,63.4,84.9,3156.89,1237.61,0.0,82.6,6763.88,12.6698,0.0,62.8,0.0186,0.001,83362751,219083329,0,0,0,0,EXP006_W006_mixed.csv
2026-08-23T12:33:54.671,141,EXP006,W006,mixed,1.0021,34.0,3204.0,3.27,33.88,48.0,84.6,3171.7,1258.83,0.0,82.6,6763.88,8.6144,0.0078,62.8,0.0146,0.001,83362761,219083403,0,0,0,0,EXP006_W006_mixed.csv
2026-08-23T12:33:55.669,142,EXP006,W006,mixed,0.9986,22.0,3204.0,3.27,21.88,71.3,84.6,3173.12,1259.97,0.0,82.6,6763.88,0.0782,0.0313,62.8,0.0254,0.002,83362781,219083542,0,0,0,0,EXP006_W006_mixed.csv
2026-08-23T12:33:56.669,143,EXP006,W006,mixed,1.0,22.3,3204.0,3.27,22.38,97.0,85.0,3195.16,1228.5,0.0,82.6,6763.88,0.1289,0.0,62.8,0.0244,0.0029,83362803,219083683,0,0,0,0,EXP006_W006_mixed.csv
2026-08-23T12:33:57.669,144,EXP006,W006,mixed,1.0,15.7,3204.0,3.25,15.82,37.4,85.1,3193.17,1224.06,0.0,82.6,6763.88,0.0,0.0117,62.8,0.0234,0.002,83362822,219083786,0,0,0,0,EXP006_W006_mixed.csv
2026-08-23T12:33:58.669,145,EXP006,W006,mixed,1.0,19.4,3204.0,3.25,19.3,29.3,85.0,3181.78,1225.55,0.0,82.6,6763.88,0.6367,30.0004,62.8,0.0215,0.0068,83362854,219083902,0,0,0,0,EXP006_W006_mixed.csv
2026-08-23T12:33:59.675,146,EXP006,W006,mixed,1.0062,25.3,3204.0,3.25,25.26,64.7,85.0,3181.53,1229.67,0.0,82.6,6763.88,2.434,0.4037,62.8,0.0223,0.0019,83362873,219084026,0,0,0,0,EXP006_W006_mixed.csv
2026-08-23T12:34:00.666,147,EXP006,W006,mixed,0.9906,21.4,3204.0,3.25,21.47,50.0,85.0,3190.94,1226.14,0.0,82.6,6763.88,1.3013,0.0,62.8,0.0177,0.002,83362884,219084135,0,0,0,0,EXP006_W006_mixed.csv
2026-08-23T12:34:01.664,148,EXP006,W006,mixed,0.9982,21.8,3204.0,3.25,21.76,50.5,84.8,3170.67,1245.92,0.0,82.6,6763.88,0.3444,0.0,62.8,0.047,0.0059,83362898,219084290,0,0,0,0,EXP006_W006_mixed.csv
2026-08-23T12:34:02.669,149,EXP006,W006,mixed,1.0049,22.4,3204.0,3.07,22.35,54.5,84.8,3169.05,1249.09,0.0,82.6,6763.88,0.0933,0.0194,62.8,0.033,0.0087,83362927,219084489,0,0,0,0,EXP006_W006_mixed.csv
2026-08-23T12:34:03.669,150,EXP006,W006,mixed,1.0,17.2,3204.0,3.07,17.3,45.0,85.0,3168.22,1232.66,0.0,82.6,6763.88,0.3828,30.3195,62.8,0.0498,0.0059,83362942,219084660,0,0,0,0,EXP006_W006_mixed.csv
2026-08-23T12:34:04.673,151,EXP006,W006,mixed,1.004,16.1,3204.0,3.07,16.07,27.0,84.9,3165.23,1236.45,0.0,82.6,6763.88,0.0817,0.0,62.8,0.0204,0.001,83362952,219084738,0,0,0,0,EXP006_W006_mixed.csv
2026-08-23T12:34:05.669,152,EXP006,W006,mixed,0.996,21.4,3204.0,3.07,21.46,73.7,84.8,3157.5,1245.36,0.0,82.6,6763.88,0.3294,0.0039,62.8,0.0088,0.001,83362960,219084799,0,0,0,0,EXP006_W006_mixed.csv
2026-08-23T12:34:06.669,153,EXP006,W006,mixed,1.0,21.1,3204.0,3.07,21.1,50.0,84.8,3162.09,1241.16,0.0,82.6,6763.88,0.0,0.0,62.8,0.0303,0.001,83362973,219084916,0,0,0,0,EXP006_W006_mixed.csv
2026-08-23T12:34:07.664,154,EXP006,W006,mixed,0.9957,21.6,3204.0,2.9,21.59,51.0,84.8,3162.03,1245.75,0.0,82.6,6763.88,0.0157,0.0,62.8,0.0333,0.0029,83362981,219085042,0,0,0,0,EXP006_W006_mixed.csv
2026-08-23T12:34:08.665,155,EXP006,W006,mixed,1.0006,21.8,3204.0,2.9,21.91,70.7,84.8,3163.45,1246.61,0.0,82.6,6763.88,0.0625,0.0156,62.8,0.0303,0.0117,83363012,219085189,0,0,0,0,EXP006_W006_mixed.csv
2026-08-23T12:34:09.671,156,EXP006,W006,mixed,1.006,22.2,3204.0,2.9,22.24,50.5,84.9,3172.45,1236.31,0.0,82.6,6763.88,0.1903,0.0,62.8,0.0243,0.0039,83363042,219085306,0,0,0,0,EXP006_W006_mixed.csv
2026-08-23T12:34:10.669,157,EXP006,W006,mixed,0.9977,21.2,3204.0,2.9,21.14,75.0,84.8,3167.72,1241.97,0.0,82.6,6763.88,0.4111,0.9749,62.8,0.0186,0.0,83363050,219085423,0,0,0,0,EXP006_W006_mixed.csv
2026-08-23T12:34:11.669,158,EXP006,W006,mixed,1.0,20.9,3204.0,2.9,20.91,75.0,84.7,3157.72,1250.88,0.0,82.6,6763.88,1.0547,0.1211,62.8,0.0127,0.002,83363068,219085520,0,0,0,0,EXP006_W006_mixed.csv
2026-08-23T12:34:12.665,159,EXP006,W006,mixed,0.9963,22.1,3204.0,2.83,22.01,76.0,84.8,3161.06,1246.75,0.0,82.6,6763.88,1.0978,0.0,62.8,0.0353,0.0029,83363089,219085668,0,0,0,0,EXP006_W006_mixed.csv
2026-08-23T12:34:13.669,160,EXP006,W006,mixed,1.0037,20.9,3204.0,2.83,20.95,65.0,84.9,3169.11,1238.41,0.0,82.6,6763.88,0.5955,0.0,62.8,0.0292,0.0078,83363108,219085807,0,0,0,0,EXP006_W006_mixed.csv
2026-08-23T12:34:14.671,161,EXP006,W006,mixed,1.0028,20.6,3204.0,2.83,20.68,69.7,84.8,3162.64,1246.55,0.0,82.6,6763.88,0.4324,0.0,62.8,0.0331,0.0029,83363121,219085947,0,0,0,0,EXP006_W006_mixed.csv
2026-08-23T12:34:15.665,162,EXP006,W006,mixed,0.9941,22.0,3204.0,2.83,21.94,48.5,84.7,3163.38,1254.69,0.0,82.6,6763.88,0.0432,0.5069,62.8,0.0265,0.0029,83363135,219086053,0,0,0,0,EXP006_W006_mixed.csv
2026-08-23T12:34:16.668,163,EXP006,W006,mixed,1.0031,21.9,3204.0,2.83,21.96,69.7,84.7,3167.39,1256.3,0.0,82.6,6763.88,0.7477,0.0,62.8,0.0282,0.0214,83363189,219086185,0,0,0,0,EXP006_W006_mixed.csv
2026-08-23T12:34:17.665,164,EXP006,W006,mixed,0.9966,21.6,3204.0,2.68,21.57,51.0,84.7,3167.08,1255.48,0.0,82.6,6763.88,0.0157,0.0,62.8,0.0157,0.001,83363196,219086266,0,0,0,0,EXP006_W006_mixed.csv
2026-08-23T12:34:18.668,165,EXP006,W006,mixed,1.0034,20.2,3204.0,2.68,20.18,51.5,84.7,3169.28,1253.72,0.0,82.6,6763.88,0.0,0.0,62.8,0.0127,0.001,83363206,219086347,0,0,0,0,EXP006_W006_mixed.csv
2026-08-23T12:34:19.675,166,EXP006,W006,mixed,1.0063,15.5,3204.0,2.68,15.46,47.0,84.7,3173.0,1256.5,0.0,82.6,6763.88,0.295,0.0078,62.8,0.0175,0.001,83363214,219086440,0,0,0,0,EXP006_W006_mixed.csv
2026-08-23T12:34:20.669,167,EXP006,W006,mixed,0.9938,10.9,3204.0,2.68,10.9,25.3,84.8,3167.22,1248.94,0.0,82.6,6763.88,0.4127,0.1494,62.8,0.0255,0.001,83363222,219086565,0,0,0,0,EXP006_W006_mixed.csv
2026-08-23T12:34:21.667,168,EXP006,W006,mixed,0.9987,15.3,3204.0,2.68,15.36,24.0,84.7,3157.33,1254.88,0.0,82.6,6763.88,0.0548,60.4326,62.8,0.0381,0.002,83363234,219086742,0,0,0,0,EXP006_W006_mixed.csv
2026-08-23T12:34:22.668,169,EXP006,W006,mixed,1.0011,25.0,3204.0,2.71,24.96,54.5,84.5,3171.75,1267.58,0.0,82.6,6763.88,0.1912,1.6193,62.8,0.0244,0.002,83363249,219086843,0,0,0,0,EXP006_W006_mixed.csv
2026-08-23T12:34:23.667,170,EXP006,W006,mixed,0.999,25.0,3204.0,2.71,24.96,51.0,84.5,3182.7,1270.22,0.0,82.6,6763.88,0.1056,0.0,62.8,0.0137,0.001,83363255,219086916,0,0,0,0,EXP006_W006_mixed.csv
2026-08-23T12:34:24.670,171,EXP006,W006,mixed,1.0024,21.1,3204.0,2.71,21.18,79.0,84.4,3184.23,1277.67,0.0,82.6,6763.88,1.1223,0.0,62.8,0.0224,0.0127,83363296,219087026,0,0,0,0,EXP006_W006_mixed.csv
2026-08-23T12:34:25.668,172,EXP006,W006,mixed,0.9987,20.4,3204.0,2.71,20.41,50.5,84.4,3185.09,1275.81,0.0,82.6,6763.88,0.0352,0.0039,62.8,0.0205,0.001,83363307,219087115,0,0,0,0,EXP006_W006_mixed.csv
2026-08-23T12:34:26.668,173,EXP006,W006,mixed,1.0,17.8,3204.0,2.71,17.74,63.0,84.6,3183.61,1263.02,0.0,82.6,6763.88,0.6289,0.4609,62.8,0.0352,0.002,83363329,219087298,0,0,0,0,EXP006_W006_mixed.csv
2026-08-23T12:34:27.668,174,EXP006,W006,mixed,1.0,15.2,3204.0,2.57,15.35,25.3,84.5,3185.52,1272.33,0.0,82.6,6763.88,0.3828,90.0273,62.8,0.0469,0.0039,83363349,219087524,0,0,0,0,EXP006_W006_mixed.csv
2026-08-23T12:34:28.668,175,EXP006,W006,mixed,1.0,21.1,3204.0,2.57,21.07,71.0,84.5,3191.23,1271.86,0.0,82.6,6763.88,0.1797,0.0,62.8,0.0244,0.0059,83363369,219087614,0,0,0,0,EXP006_W006_mixed.csv
2026-08-23T12:34:29.674,176,EXP006,W006,mixed,1.0063,22.1,3204.0,2.57,22.21,77.0,84.3,3180.08,1286.25,0.0,82.6,6763.88,2.5698,0.0,62.8,0.0243,0.001,83363377,219087713,0,0,0,0,EXP006_W006_mixed.csv
2026-08-23T12:34:30.668,177,EXP006,W006,mixed,0.9937,21.0,3204.0,2.57,20.97,75.8,84.3,3181.2,1285.56,0.0,82.6,6763.88,0.0197,0.0,62.8,0.0206,0.002,83363386,219087798,0,0,0,0,EXP006_W006_mixed.csv
2026-08-23T12:34:31.668,178,EXP006,W006,mixed,1.0,24.7,3204.0,2.57,24.7,71.0,84.3,3191.22,1283.72,0.0,82.6,6763.88,1.9648,0.5,62.8,0.0156,0.0029,83363400,219087885,0,0,0,0,EXP006_W006_mixed.csv
2026-08-23T12:34:32.668,179,EXP006,W006,mixed,1.0,22.1,3204.0,2.37,22.09,51.5,84.6,3197.95,1258.28,0.0,82.6,6763.88,0.1211,90.1805,62.8,0.0166,0.002,83363411,219087965,0,0,0,0,EXP006_W006_mixed.csv
2026-08-23T12:34:33.668,180,EXP006,W006,mixed,1.0,11.7,3204.0,2.37,11.69,23.0,84.6,3197.95,1258.28,0.0,82.6,6763.88,0.168,0.6367,62.8,0.0107,0.001,83363420,219088029,0,0,0,0,EXP006_W006_mixed.csv
2026-08-23T12:34:34.670,181,EXP006,W006,mixed,1.0023,22.4,3204.0,2.37,22.39,64.0,84.4,3184.19,1277.58,0.0,82.6,6763.88,9.7434,0.0,62.8,0.0253,0.0019,83363431,219088172,0,0,0,0,EXP006_W006_mixed.csv
2026-08-23T12:34:35.668,182,EXP006,W006,mixed,0.9977,21.4,3204.0,2.37,21.31,51.5,84.4,3186.52,1277.2,0.0,82.6,6763.88,0.0861,0.0039,62.8,0.0274,0.0078,83363450,219088303,0,0,0,0,EXP006_W006_mixed.csv
2026-08-23T12:34:36.665,183,EXP006,W006,mixed,0.9966,22.8,3204.0,2.37,22.89,50.5,84.4,3188.58,1278.73,0.0,82.6,6763.88,1.4423,0.0,62.8,0.0265,0.0029,83363467,219088409,0,0,0,0,EXP006_W006_mixed.csv
2026-08-23T12:34:37.668,184,EXP006,W006,mixed,1.0033,21.8,3204.0,2.42,21.7,52.5,84.3,3177.72,1283.31,0.0,82.6,6763.88,0.0662,1.0551,62.8,0.0224,0.001,83363476,219088490,0,0,0,0,EXP006_W006_mixed.csv
2026-08-23T12:34:38.667,185,EXP006,W006,mixed,0.9994,21.3,3204.0,2.42,21.32,42.0,84.4,3188.09,1275.08,0.0,82.6,6763.88,1.0045,60.0363,62.8,0.0322,0.0098,83363504,219088612,0,0,0,0,EXP006_W006_mixed.csv
2026-08-23T12:34:39.674,186,EXP006,W006,mixed,1.0069,11.2,3204.0,2.42,11.24,22.8,84.4,3188.97,1274.06,0.0,82.6,6763.88,0.4849,0.0776,62.8,0.0184,0.0019,83363512,219088692,0,0,0,0,EXP006_W006_mixed.csv
2026-08-23T12:34:40.668,187,EXP006,W006,mixed,0.9937,22.7,3204.0,2.42,22.73,62.0,84.3,3185.66,1289.09,0.0,82.6,6763.88,0.1533,0.0,62.8,0.0236,0.0069,83363538,219088824,0,0,0,0,EXP006_W006_mixed.csv
2026-08-23T12:34:41.664,188,EXP006,W006,mixed,0.9962,21.9,3204.0,2.42,21.93,75.8,84.3,3185.86,1289.56,0.0,82.6,6763.88,0.0,0.0,62.8,0.0206,0.001,83363548,219088896,0,0,0,0,EXP006_W006_mixed.csv
2026-08-23T12:34:42.668,189,EXP006,W006,mixed,1.0038,32.5,3204.0,3.02,32.46,73.3,83.7,3238.45,1331.98,0.0,82.6,6763.88,3.0704,0.0195,62.8,0.0302,0.0029,83363556,219089012,0,0,0,0,EXP006_W006_mixed.csv
2026-08-23T12:34:43.664,190,EXP006,W006,mixed,0.9965,31.0,3204.0,3.02,30.94,50.5,83.6,3229.69,1341.95,0.0,82.6,6763.88,0.4194,0.0706,62.8,0.0137,0.0,83363567,219089081,0,0,0,0,EXP006_W006_mixed.csv
2026-08-23T12:34:44.674,191,EXP006,W006,mixed,1.0096,23.0,3204.0,3.02,22.9,53.9,83.7,3240.14,1334.39,0.0,82.6,6763.88,0.0735,0.0,62.8,0.0174,0.0019,83363582,219089171,0,0,0,0,EXP006_W006_mixed.csv
2026-08-23T12:34:45.668,192,EXP006,W006,mixed,0.994,22.9,3204.0,3.02,22.81,65.0,83.7,3240.14,1334.39,0.0,82.6,6763.88,0.0236,1.6781,62.8,0.0413,0.0039,83363601,219089346,0,0,0,0,EXP006_W006_mixed.csv
2026-08-23T12:34:46.668,193,EXP006,W006,mixed,1.0,22.3,3204.0,3.02,22.27,52.5,83.7,3244.48,1332.28,0.0,82.6,6763.88,0.0156,0.0,62.8,0.0439,0.0078,83363631,219089588,0,0,0,0,EXP006_W006_mixed.csv
2026-08-23T12:34:47.668,194,EXP006,W006,mixed,1.0,22.5,3204.0,2.86,22.6,75.8,83.7,3244.94,1332.72,0.0,82.6,6763.88,0.0,0.0,62.8,0.0146,0.002,83363640,219089671,0,0,0,0,EXP006_W006_mixed.csv
2026-08-23T12:34:48.664,195,EXP006,W006,mixed,0.9967,22.6,3204.0,2.86,22.6,50.5,83.7,3242.31,1336.52,0.0,82.6,6763.88,0.0,0.0823,62.8,0.0294,0.0069,83363660,219089799,0,0,0,0,EXP006_W006_mixed.csv
2026-08-23T12:34:49.673,196,EXP006,W006,mixed,1.0091,22.0,3204.0,2.86,22.04,42.0,83.9,3228.69,1321.2,0.0,82.6,6763.88,0.209,0.031,62.8,0.0145,0.0068,83363681,219089879,0,0,0,0,EXP006_W006_mixed.csv
2026-08-23T12:34:50.667,197,EXP006,W006,mixed,0.9943,10.7,3204.0,2.86,10.77,22.4,84.0,3227.62,1312.55,0.0,82.6,6763.88,0.1218,0.0039,62.8,0.0196,0.002,83363696,219089989,0,0,0,0,EXP006_W006_mixed.csv
2026-08-23T12:34:51.667,198,EXP006,W006,mixed,1.0,14.5,3204.0,2.86,14.57,27.7,84.2,3250.11,1293.19,0.0,82.6,6763.88,4.9608,0.9219,62.8,0.0586,0.0039,83363710,219090158,0,0,0,0,EXP006_W006_mixed.csv
2026-08-23T12:34:52.667,199,EXP006,W006,mixed,1.0,25.5,3204.0,2.79,25.4,66.0,83.9,3230.66,1316.23,0.0,82.6,6763.88,0.2969,62.5314,62.8,0.0381,0.002,83363724,219090319,0,0,0,0,EXP006_W006_mixed.csv
2026-08-23T12:34:53.667,200,EXP006,W006,mixed,1.0,32.9,3204.0,2.79,33.1,63.0,83.4,3255.69,1358.16,0.0,82.6,6763.88,4.6837,0.0,62.8,0.0313,0.0029,83363738,219090460,0,0,0,0,EXP006_W006_mixed.csv
2026-08-23T12:34:54.669,201,EXP006,W006,mixed,1.0021,36.8,3204.0,2.79,36.62,94.0,83.5,3254.53,1351.2,0.0,82.6,6763.88,10.3184,0.8615,62.8,0.0185,0.001,83363747,219090554,0,0,0,0,EXP006_W006_mixed.csv
2026-08-23T12:34:55.667,202,EXP006,W006,mixed,0.9979,22.3,3204.0,2.79,22.11,96.0,83.6,3257.61,1347.48,0.0,82.6,6763.88,0.0509,0.0,62.8,0.0157,0.001,83363758,219090642,0,0,0,0,EXP006_W006_mixed.csv
2026-08-23T12:34:56.663,203,EXP006,W006,mixed,0.9959,22.5,3204.0,2.79,22.54,63.6,83.6,3255.27,1346.69,0.0,82.6,6763.88,0.0,0.0667,62.8,0.0157,0.0078,83363772,219090733,0,0,0,0,EXP006_W006_mixed.csv
2026-08-23T12:34:57.667,204,EXP006,W006,mixed,1.0041,12.2,3204.0,2.73,12.25,24.2,83.8,3229.3,1326.47,0.0,82.6,6763.88,0.0467,29.8764,62.8,0.0263,0.001,83363780,219090874,0,0,0,0,EXP006_W006_mixed.csv
2026-08-23T12:34:58.662,205,EXP006,W006,mixed,0.995,12.1,3204.0,2.73,12.24,25.3,84.1,3234.41,1301.66,0.0,82.6,6763.88,0.0236,30.1508,62.8,0.053,0.0039,83363803,219091126,0,0,0,0,EXP006_W006_mixed.csv
2026-08-23T12:34:59.673,206,EXP006,W006,mixed,1.0106,12.7,3204.0,2.73,12.64,29.0,84.4,3237.8,1281.0,0.0,82.6,6763.88,2.439,0.3092,62.8,0.0599,0.0029,83363818,219091391,0,0,0,0,EXP006_W006_mixed.csv
2026-08-23T12:35:00.667,207,EXP006,W006,mixed,0.9944,20.8,3204.0,2.73,20.8,32.3,85.5,3146.98,1191.42,0.0,82.6,6763.88,72.3676,1.5085,62.8,0.0629,0.0088,83363845,219091611,0,0,0,0,EXP006_W006_mixed.csv
2026-08-23T12:35:01.667,208,EXP006,W006,mixed,1.0,14.8,3204.0,2.73,14.86,32.3,85.4,3104.61,1194.75,0.0,82.6,6763.88,0.9219,0.0078,62.8,0.0293,0.0107,83363876,219091762,0,0,0,0,EXP006_W006_mixed.csv
2026-08-23T12:35:02.662,209,EXP006,W006,mixed,0.9951,20.9,3204.0,2.59,20.95,29.3,85.4,3102.16,1194.92,0.0,82.6,6763.88,0.2394,30.1503,62.8,0.0304,0.0029,83363898,219091896,0,0,0,0,EXP006_W006_mixed.csv
2026-08-23T12:35:03.667,210,EXP006,W006,mixed,1.0048,22.2,3204.0,2.59,22.02,75.5,85.3,3106.59,1202.41,0.0,82.6,6763.88,1.2479,0.1205,62.8,0.0253,0.001,83363907,219092008,0,0,0,0,EXP006_W006_mixed.csv
2026-08-23T12:35:04.669,211,EXP006,W006,mixed,1.0015,21.8,3204.0,2.59,21.91,78.8,85.3,3107.95,1203.73,0.0,82.6,6763.88,0.0156,0.0312,62.8,0.0215,0.002,83363920,219092110,0,0,0,0,EXP006_W006_mixed.csv
2026-08-23T12:35:05.666,212,EXP006,W006,mixed,0.9973,27.7,3204.0,2.59,27.69,62.6,85.3,3107.95,1203.73,0.0,82.6,6763.88,2.8944,0.1018,62.8,0.045,0.0029,83363932,219092270,0,0,0,0,EXP006_W006_mixed.csv
2026-08-23T12:35:06.663,213,EXP006,W006,mixed,0.9971,26.5,3204.0,2.59,26.49,54.0,85.4,3148.73,1198.97,0.0,82.6,6763.88,0.6581,0.0,62.8,0.0255,0.0127,83364000,219092390,0,0,0,0,EXP006_W006_mixed.csv
2026-08-23T12:35:07.667,214,EXP006,W006,mixed,1.004,26.5,3204.0,2.46,26.56,41.0,85.2,3124.39,1213.69,0.0,82.6,6763.88,2.1399,29.9269,62.8,0.0584,0.0195,83364078,219092675,0,0,0,0,EXP006_W006_mixed.csv
2026-08-23T12:35:08.667,215,EXP006,W006,mixed,1.0,25.3,3204.0,2.46,25.27,59.0,84.9,3107.05,1234.95,0.0,82.6,6763.88,0.5586,0.0,62.8,0.0293,0.0176,83364149,219092815,0,0,0,0,EXP006_W006_mixed.csv
2026-08-23T12:35:09.669,216,EXP006,W006,mixed,1.002,35.9,3204.0,2.46,35.91,60.4,85.2,3130.5,1215.36,0.0,82.5,6755.88,54.6095,0.6861,62.8,0.0244,0.0127,83364217,219092934,0,0,0,0,EXP006_W006_mixed.csv
2026-08-23T12:35:10.667,217,EXP006,W006,mixed,0.998,55.8,3204.0,2.46,55.74,71.7,85.5,3134.94,1190.02,0.0,82.5,6755.88,94.8769,2.9081,62.8,0.0479,0.0274,83364331,219093127,0,0,0,0,EXP006_W006_mixed.csv
2026-08-23T12:35:11.667,218,EXP006,W006,mixed,1.0,48.0,3204.0,2.46,48.1,74.0,85.1,3119.03,1219.59,0.0,82.5,6755.88,18.9533,8.8477,62.9,0.0566,0.0322,83364496,219093299,0,0,0,0,EXP006_W006_mixed.csv
2026-08-23T12:35:12.667,219,EXP006,W006,mixed,1.0001,65.9,3204.0,3.23,65.97,79.8,85.7,3093.58,1171.77,0.0,81.9,6708.38,103.6771,55.8793,62.8,0.0234,0.0293,83364589,219093415,0,0,0,0,EXP006_W006_mixed.csv
2026-08-23T12:35:13.666,220,EXP006,W006,mixed,0.999,67.5,3204.0,3.23,67.51,88.0,85.9,3118.7,1157.08,0.0,82.4,6747.56,50.5258,39.9217,62.9,0.0684,0.044,83364771,219093647,0,0,0,0,EXP006_W006_mixed.csv
2026-08-23T12:35:14.670,221,EXP006,W006,mixed,1.0041,48.0,3204.0,3.23,47.94,76.0,85.4,3117.56,1193.36,0.0,82.3,6739.56,23.1034,2.9331,62.8,0.069,0.0535,83364939,219093871,0,0,0,0,EXP006_W006_mixed.csv
2026-08-23T12:35:15.667,222,EXP006,W006,mixed,0.9968,78.3,3204.0,3.23,78.33,86.9,85.5,3102.5,1187.27,0.0,82.1,6723.56,37.9713,7.4649,62.8,0.0784,0.0451,83365090,219094083,0,0,0,0,EXP006_W006_mixed.csv
2026-08-23T12:35:16.662,223,EXP006,W006,mixed,0.9957,63.1,3204.0,3.23,63.14,71.4,85.5,3110.23,1184.28,0.0,82.1,6723.56,24.732,2.4049,62.8,0.0696,0.0343,83365200,219094332,0,0,0,0,EXP006_W006_mixed.csv
2026-08-23T12:35:17.662,224,EXP006,W006,mixed,0.9997,68.0,3204.0,3.13,67.96,88.0,85.6,3100.64,1180.12,0.0,82.1,6723.56,47.7268,0.6565,62.8,0.0469,0.0078,83365246,219094488,0,0,0,0,EXP006_W006_mixed.csv
2026-08-23T12:35:18.667,225,EXP006,W006,mixed,1.0046,43.6,3204.0,3.13,43.83,75.8,85.5,3103.66,1184.95,0.0,82.1,6723.56,113.4452,2.7997,62.8,0.0243,0.0165,83365276,219094578,0,0,0,0,EXP006_W006_mixed.csv
2026-08-23T12:35:19.670,226,EXP006,W006,mixed,1.0037,56.1,3204.0,3.13,56.2,86.0,85.5,3120.44,1190.19,0.0,82.1,6723.56,72.4172,0.5604,62.8,0.0263,0.0039,83365306,219094705,0,0,0,0,EXP006_W006_mixed.csv
2026-08-23T12:35:20.667,227,EXP006,W006,mixed,0.9963,59.2,3204.0,3.13,59.18,90.9,85.5,3112.98,1189.64,0.0,82.1,6723.56,40.0296,1.7212,62.8,0.0157,0.0049,83365330,219094781,0,0,0,0,EXP006_W006_mixed.csv
2026-08-23T12:35:21.662,228,EXP006,W006,mixed,0.9953,53.5,3204.0,3.13,53.52,84.0,85.5,3096.75,1187.66,0.0,82.1,6723.56,19.7612,3.0731,62.8,0.0618,0.0451,83365451,219094963,0,0,0,0,EXP006_W006_mixed.csv
2026-08-23T12:35:22.667,229,EXP006,W006,mixed,1.0053,69.6,3204.0,3.28,69.76,79.0,85.6,3100.2,1176.11,0.0,82.1,6723.56,12.2323,4.7834,62.8,0.0253,0.0146,83365533,219095082,0,0,0,0,EXP006_W006_mixed.csv
2026-08-23T12:35:23.666,230,EXP006,W006,mixed,0.9992,58.8,3204.0,3.28,58.49,72.7,85.5,3098.88,1186.61,0.0,82.1,6723.56,6.5756,2.6467,62.8,0.0391,0.0098,83365586,219095233,0,0,0,0,EXP006_W006_mixed.csv
2026-08-23T12:35:24.673,231,EXP006,W006,mixed,1.0066,56.8,3204.0,3.28,56.77,61.8,85.6,3104.73,1177.75,0.0,82.1,6723.56,5.2929,2.596,62.8,0.0107,0.0097,83365606,219095294,0,0,0,0,EXP006_W006_mixed.csv
2026-08-23T12:35:25.666,232,EXP006,W006,mixed,0.9936,38.7,3204.0,3.28,38.62,100.0,85.5,3113.75,1189.41,0.0,82.1,6723.56,3.8253,3.8686,62.8,0.0138,0.002,83365627,219095368,0,0,0,0,EXP006_W006_mixed.csv
2026-08-23T12:35:26.666,233,EXP006,W006,mixed,1.0,36.5,3204.0,3.28,36.65,65.7,85.5,3113.75,1189.41,0.0,82.1,6723.56,3.6875,0.8633,62.8,0.0127,0.0059,83365661,219095436,0,0,0,0,EXP006_W006_mixed.csv
2026-08-23T12:35:27.666,234,EXP006,W006,mixed,1.0,39.2,3204.0,3.17,39.27,54.5,85.4,3117.58,1194.05,0.0,82.1,6723.56,23.043,0.7031,62.8,0.0244,0.0166,83365699,219095574,0,0,0,0,EXP006_W006_mixed.csv
2026-08-23T12:35:28.663,235,EXP006,W006,mixed,0.9966,42.9,3204.0,3.17,42.85,65.0,85.4,3122.53,1199.22,0.0,82.1,6723.56,5.8404,0.7957,62.8,0.0225,0.0108,83365742,219095708,0,0,0,0,EXP006_W006_mixed.csv
2026-08-23T12:35:29.673,236,EXP006,W006,mixed,1.0097,50.4,3204.0,3.17,50.51,78.2,85.4,3112.91,1192.8,0.0,82.1,6723.56,26.1059,30.2996,62.8,0.0358,0.0116,83365783,219095914,0,0,0,0,EXP006_W006_mixed.csv
2026-08-23T12:35:30.662,237,EXP006,W006,mixed,0.9893,37.2,3204.0,3.17,37.19,70.7,85.5,3117.41,1189.38,0.0,82.1,6723.56,12.9587,2.6889,62.8,0.0375,0.0168,83365814,219096026,0,0,0,0,EXP006_W006_mixed.csv
2026-08-23T12:35:31.663,238,EXP006,W006,mixed,1.0013,35.9,3204.0,3.17,35.94,82.0,85.5,3113.3,1187.38,0.0,82.1,6723.56,0.8426,0.6281,62.8,0.0322,0.0039,83365846,219096160,0,0,0,0,EXP006_W006_mixed.csv
2026-08-23T12:35:32.663,239,EXP006,W006,mixed,0.9994,37.3,3204.0,3.08,37.43,91.9,85.5,3112.55,1188.7,0.0,82.1,6723.56,2.3803,0.7348,62.8,0.0274,0.0029,83365871,219096283,0,0,0,0,EXP006_W006_mixed.csv
2026-08-23T12:35:33.666,240,EXP006,W006,mixed,1.0037,37.0,3204.0,3.08,37.1,76.8,85.4,3117.05,1195.75,0.0,82.1,6723.56,1.1831,0.6577,62.8,0.0409,0.0146,83365910,219096496,0,0,0,0,EXP006_W006_mixed.csv
2026-08-23T12:35:34.672,241,EXP006,W006,mixed,1.0063,40.1,3204.0,3.08,40.2,61.6,85.4,3112.27,1198.97,0.0,82.1,6723.56,7.597,30.8653,62.9,0.0281,0.0039,83365934,219096597,0,0,0,0,EXP006_W006_mixed.csv
2026-08-23T12:35:35.666,242,EXP006,W006,mixed,0.9937,36.5,3204.0,3.08,36.64,77.6,85.4,3112.27,1198.97,0.0,82.1,6723.56,3.53,3.4042,62.9,0.0246,0.0039,83365954,219096711,0,0,0,0,EXP006_W006_mixed.csv
2026-08-23T12:35:36.666,243,EXP006,W006,mixed,1.0,37.7,3204.0,3.08,37.66,74.0,85.3,3119.22,1205.22,0.0,82.1,6723.56,17.125,0.6953,62.9,0.0391,0.0186,83366018,219096898,0,0,0,0,EXP006_W006_mixed.csv
2026-08-23T12:35:37.666,244,EXP006,W006,mixed,1.0,35.9,3204.0,3.23,36.0,53.1,85.3,3127.14,1205.42,0.0,82.1,6723.56,0.6445,0.582,62.9,0.0449,0.0039,83366044,219097103,0,0,0,0,EXP006_W006_mixed.csv
2026-08-23T12:35:38.663,245,EXP006,W006,mixed,0.9965,41.7,3204.0,3.23,41.71,59.0,85.6,3145.64,1176.38,0.0,82.1,6723.56,9.2429,0.6781,62.9,0.0304,0.0088,83366075,219097254,0,0,0,0,EXP006_W006_mixed.csv
2026-08-23T12:35:39.672,246,EXP006,W006,mixed,1.0092,33.3,3204.0,3.23,33.2,48.0,85.9,3128.06,1151.75,0.0,82.2,6730.0,35.5861,6.7542,62.9,0.0348,0.0058,83366100,219097399,0,0,0,0,EXP006_W006_mixed.csv
2026-08-23T12:35:40.666,247,EXP006,W006,mixed,0.9942,23.6,3204.0,3.23,23.73,32.7,85.7,3109.47,1170.67,0.0,82.2,6735.56,10.5376,5.6342,62.9,0.0216,0.0157,83366134,219097509,0,0,0,0,EXP006_W006_mixed.csv
2026-08-23T12:35:41.666,248,EXP006,W006,mixed,1.0,25.9,3204.0,3.23,25.85,68.0,85.0,3162.44,1232.45,0.0,82.2,6735.56,2.414,0.0508,62.9,0.0537,0.0234,83366181,219097702,0,0,0,0,EXP006_W006_mixed.csv
2026-08-23T12:35:42.662,249,EXP006,W006,mixed,0.9962,26.7,3204.0,3.13,26.66,64.0,85.0,3169.77,1230.83,0.0,82.2,6735.56,0.1686,0.0627,62.9,0.0265,0.002,83366197,219097846,0,0,0,0,EXP006_W006_mixed.csv
2026-08-23T12:35:43.663,250,EXP006,W006,mixed,1.0011,30.1,3204.0,3.13,30.12,35.4,85.1,3176.66,1220.25,0.0,82.2,6735.56,0.3512,0.0546,62.9,0.0615,0.0029,83366215,219098098,0,0,0,0,EXP006_W006_mixed.csv
2026-08-23T12:35:44.669,251,EXP006,W006,mixed,1.006,29.6,3204.0,3.13,29.55,48.5,85.1,3188.69,1218.36,0.0,82.2,6735.56,5.5839,0.0039,62.9,0.0243,0.0126,83366275,219098243,0,0,0,0,EXP006_W006_mixed.csv
2026-08-23T12:35:45.666,252,EXP006,W006,mixed,0.9968,26.8,3204.0,3.13,26.81,33.3,85.5,3166.91,1188.56,0.0,82.2,6735.56,3.5624,2.998,62.9,0.0451,0.0157,83366352,219098477,0,0,0,0,EXP006_W006_mixed.csv
2026-08-23T12:35:46.665,253,EXP006,W006,mixed,0.9994,20.0,3204.0,3.13,19.96,32.3,85.3,3153.17,1204.89,0.0,82.2,6735.56,0.766,0.1563,62.9,0.0195,0.0068,83366393,219098601,0,0,0,0,EXP006_W006_mixed.csv
2026-08-23T12:35:47.666,254,EXP006,W006,mixed,1.0006,28.1,3204.0,3.2,28.11,43.0,85.5,3167.8,1191.44,0.0,82.2,6735.56,0.1405,0.0,62.9,0.0527,0.0107,83366450,219098843,0,0,0,0,EXP006_W006_mixed.csv
2026-08-23T12:35:48.662,255,EXP006,W006,mixed,0.9965,28.6,3204.0,3.2,28.6,43.4,85.3,3167.36,1204.66,0.0,82.2,6735.56,3.0812,0.0118,62.9,0.0372,0.0069,83366487,219099010,0,0,0,0,EXP006_W006_mixed.csv
2026-08-23T12:35:49.672,256,EXP006,W006,mixed,1.0097,24.9,3204.0,3.2,24.98,49.5,85.0,3149.34,1230.16,0.0,82.2,6735.56,0.1896,0.0155,62.9,0.0329,0.0097,83366532,219099182,0,0,0,0,EXP006_W006_mixed.csv
2026-08-23T12:35:50.666,257,EXP006,W006,mixed,0.9938,27.7,3204.0,3.2,27.85,73.5,85.2,3169.78,1216.02,0.0,82.2,6735.56,2.0596,0.0039,62.9,0.0324,0.0059,83366575,219099318,0,0,0,0,EXP006_W006_mixed.csv
2026-08-23T12:35:51.662,258,EXP006,W006,mixed,0.9965,28.8,3204.0,3.2,28.9,65.7,85.1,3170.52,1219.69,0.0,82.2,6735.56,0.3606,2.0659,62.9,0.0304,0.0157,83366638,219099471,0,0,0,0,EXP006_W006_mixed.csv
2026-08-23T12:35:52.666,259,EXP006,W006,mixed,1.0035,25.7,3204.0,3.35,25.73,46.5,85.0,3166.62,1226.47,0.0,82.2,6735.56,0.6111,2.7988,62.9,0.0146,0.0029,83366661,219099576,0,0,0,0,EXP006_W006_mixed.csv
2026-08-23T12:35:53.666,260,EXP006,W006,mixed,1.0,29.8,3204.0,3.35,29.89,75.8,85.0,3191.7,1232.44,0.0,82.2,6735.56,15.5931,0.0078,62.9,0.0234,0.002,83366687,219099707,0,0,0,0,EXP006_W006_mixed.csv
2026-08-23T12:35:54.668,261,EXP006,W006,mixed,1.0025,32.2,3204.0,3.35,32.2,46.5,85.2,3174.67,1210.56,0.0,82.2,6735.56,32.9487,0.0156,62.9,0.0351,0.0029,83366715,219099853,0,0,0,0,EXP006_W006_mixed.csv
2026-08-23T12:35:55.662,262,EXP006,W006,mixed,0.9936,25.0,3204.0,3.35,25.02,69.7,85.2,3174.67,1210.56,0.0,82.2,6735.56,1.8949,0.0315,62.9,0.0265,0.002,83366732,219099989,0,0,0,0,EXP006_W006_mixed.csv
2026-08-23T12:35:56.662,263,EXP006,W006,mixed,1.0001,22.8,3204.0,3.35,22.75,63.0,85.1,3150.16,1222.59,0.0,82.2,6735.56,1.2343,30.0333,62.9,0.0146,0.0068,83366768,219100082,0,0,0,0,EXP006_W006_mixed.csv
2026-08-23T12:35:57.662,264,EXP006,W006,mixed,1.0001,22.5,3204.0,3.32,22.55,51.5,85.0,3152.14,1225.05,0.0,82.2,6735.56,0.0937,0.0,62.9,0.0527,0.0059,83366804,219100316,0,0,0,0,EXP006_W006_mixed.csv
2026-08-23T12:35:58.665,265,EXP006,W006,mixed,1.0037,23.8,3204.0,3.32,23.68,72.0,85.0,3149.42,1230.45,0.0,82.2,6735.56,0.6422,0.0156,62.9,0.036,0.0088,83366836,219100468,0,0,0,0,EXP006_W006_mixed.csv
2026-08-23T12:35:59.668,266,EXP006,W006,mixed,1.0022,27.5,3204.0,3.32,27.55,37.4,85.3,3167.34,1203.33,0.0,82.2,6735.56,2.9429,0.382,62.9,0.04,0.0146,83366903,219100648,0,0,0,0,EXP006_W006_mixed.csv
2026-08-23T12:36:00.665,267,EXP006,W006,mixed,0.9978,24.6,3204.0,3.32,24.7,49.5,85.2,3170.67,1216.47,0.0,82.2,6735.56,3.6602,0.8495,62.9,0.0391,0.0088,83366950,219100855,0,0,0,0,EXP006_W006_mixed.csv
2026-08-23T12:36:01.665,268,EXP006,W006,mixed,1.0,25.3,3204.0,3.32,25.27,54.5,85.4,3154.7,1193.53,0.0,82.2,6735.56,2.1562,0.1094,62.9,0.0518,0.0322,83367045,219101096,0,0,0,0,EXP006_W006_mixed.csv
2026-08-23T12:36:02.663,269,EXP006,W006,mixed,0.9975,18.9,3204.0,3.32,19.12,41.0,85.4,3138.25,1195.58,0.0,82.2,6735.56,0.6109,30.1707,62.9,0.0225,0.0069,83367082,219101184,0,0,0,0,EXP006_W006_mixed.csv
2026-08-23T12:36:03.661,270,EXP006,W006,mixed,0.9983,13.9,3204.0,3.29,13.85,29.3,85.6,3126.3,1179.98,0.0,82.2,6735.56,0.6652,60.104,62.9,0.0303,0.0049,83367114,219101339,0,0,0,0,EXP006_W006_mixed.csv
2026-08-23T12:36:04.671,271,EXP006,W006,mixed,1.01,17.8,3204.0,3.29,17.95,31.0,85.8,3134.83,1163.44,0.0,82.2,6735.56,0.0657,0.0,62.9,0.0744,0.0116,83367166,219101570,0,0,0,0,EXP006_W006_mixed.csv
2026-08-23T12:36:05.665,272,EXP006,W006,mixed,0.9943,23.4,3204.0,3.29,23.39,86.9,85.7,3128.61,1174.73,0.0,82.2,6735.56,0.5815,0.3654,62.9,0.0324,0.0108,83367210,219101760,0,0,0,0,EXP006_W006_mixed.csv
2026-08-23T12:36:06.665,273,EXP006,W006,mixed,1.0,27.1,3204.0,3.29,27.07,43.4,85.5,3112.16,1187.84,0.0,82.2,6735.56,0.2578,0.1836,62.9,0.0215,0.0059,83367241,219101883,0,0,0,0,EXP006_W006_mixed.csv
2026-08-23T12:36:07.661,274,EXP006,W006,mixed,0.9959,25.8,3204.0,3.29,25.88,71.4,85.4,3108.89,1194.91,0.0,82.2,6735.56,2.4358,0.0,62.9,0.0206,0.002,83367255,219101989,0,0,0,0,EXP006_W006_mixed.csv
2026-08-23T12:36:08.665,275,EXP006,W006,mixed,1.0042,26.8,3204.0,3.11,26.79,43.6,85.5,3113.92,1190.22,0.0,82.2,6735.56,1.0542,0.0311,62.9,0.0282,0.0175,83367311,219102131,0,0,0,0,EXP006_W006_mixed.csv
2026-08-23T12:36:09.671,276,EXP006,W006,mixed,1.0063,27.9,3204.0,3.11,27.93,51.5,85.7,3144.0,1175.39,0.0,82.2,6735.56,0.0466,0.0,62.9,0.0553,0.0097,83367361,219102402,0,0,0,0,EXP006_W006_mixed.csv
2026-08-23T12:36:10.665,277,EXP006,W006,mixed,0.9937,22.2,3204.0,3.11,22.23,32.7,85.6,3135.72,1177.44,0.0,82.2,6735.56,0.4049,30.1905,62.9,0.0305,0.0049,83367401,219102564,0,0,0,0,EXP006_W006_mixed.csv
2026-08-23T12:36:11.665,278,EXP006,W006,mixed,1.0,24.3,3204.0,3.11,24.27,42.4,85.6,3132.06,1183.05,0.0,82.2,6735.56,0.2266,0.0,62.9,0.0283,0.0029,83367428,219102704,0,0,0,0,EXP006_W006_mixed.csv
2026-08-23T12:36:12.662,279,EXP006,W006,mixed,0.9969,25.2,3204.0,3.11,25.19,80.0,85.5,3131.11,1184.81,0.0,82.1,6727.56,0.6974,0.0,62.9,0.0304,0.0078,83367457,219102838,0,0,0,0,EXP006_W006_mixed.csv
2026-08-23T12:36:13.660,280,EXP006,W006,mixed,0.9983,25.1,3204.0,2.94,25.19,55.6,85.5,3132.17,1186.05,0.0,82.1,6727.56,0.3287,0.0,62.9,0.0362,0.002,83367475,219102984,0,0,0,0,EXP006_W006_mixed.csv
2026-08-23T12:36:14.671,281,EXP006,W006,mixed,1.0106,26.6,3204.0,2.94,26.64,49.5,85.5,3136.64,1188.59,0.0,82.1,6727.56,0.0966,0.0,62.9,0.0184,0.001,83367484,219103069,0,0,0,0,EXP006_W006_mixed.csv
2026-08-23T12:36:15.663,282,EXP006,W006,mixed,0.9922,29.3,3204.0,2.94,29.4,36.7,85.6,3145.11,1175.73,0.0,82.1,6727.56,1.7992,0.2874,62.9,0.0453,0.0128,83367548,219103260,0,0,0,0,EXP006_W006_mixed.csv
2026-08-23T12:36:16.665,283,EXP006,W006,mixed,1.002,32.5,3204.0,2.94,32.46,44.0,85.9,3136.61,1153.84,0.0,82.3,6740.19,64.396,45.2347,62.9,0.0244,0.0127,83367602,219103397,0,0,0,0,EXP006_W006_mixed.csv
2026-08-23T12:36:17.662,284,EXP006,W006,mixed,0.9966,26.4,3204.0,2.94,26.48,43.4,85.8,3124.8,1159.91,0.0,82.4,6746.88,20.28,6.7417,62.9,0.0255,0.0078,83367646,219103512,0,0,0,0,EXP006_W006_mixed.csv
2026-08-23T12:36:18.665,285,EXP006,W006,mixed,1.0034,26.4,3204.0,3.1,26.35,45.0,85.7,3129.08,1167.7,0.0,82.4,6746.88,4.6014,30.275,62.9,0.0195,0.0107,83367683,219103625,0,0,0,0,EXP006_W006_mixed.csv
2026-08-23T12:36:19.671,286,EXP006,W006,mixed,1.0059,32.2,3204.0,3.1,32.24,44.4,85.8,3106.02,1166.27,0.0,82.4,6746.88,63.89,0.0233,62.9,0.035,0.0049,83367717,219103814,0,0,0,0,EXP006_W006_mixed.csv
2026-08-23T12:36:20.665,287,EXP006,W006,mixed,0.9941,22.9,3204.0,3.1,22.91,33.3,85.5,3094.0,1185.91,0.0,82.4,6746.88,4.4677,90.6419,62.9,0.0295,0.0079,83367748,219103965,0,0,0,0,EXP006_W006_mixed.csv
2026-08-23T12:36:21.662,288,EXP006,W006,mixed,0.9972,29.9,3204.0,3.1,29.95,44.0,85.8,3109.67,1165.38,0.0,82.4,6746.88,4.6887,91.8825,62.9,0.0245,0.0108,83367777,219104089,0,0,0,0,EXP006_W006_mixed.csv
2026-08-23T12:36:22.665,289,EXP006,W006,mixed,1.0024,33.7,3204.0,3.1,33.7,53.0,85.5,3124.64,1186.75,0.0,82.4,6746.88,34.818,32.4604,62.9,0.0438,0.0107,83367826,219104298,0,0,0,0,EXP006_W006_mixed.csv
2026-08-23T12:36:23.665,290,EXP006,W006,mixed,1.0003,26.6,3204.0,3.1,26.7,48.5,85.4,3124.25,1193.31,0.0,82.4,6746.88,1.2652,0.0078,62.9,0.0527,0.0049,83367863,219104511,0,0,0,0,EXP006_W006_mixed.csv
2026-08-23T12:36:24.668,291,EXP006,W006,mixed,1.0037,29.7,3204.0,3.1,29.75,40.0,85.6,3150.22,1179.95,0.0,82.4,6746.88,17.043,5.8419,62.9,0.0331,0.0126,83367912,219104674,0,0,0,0,EXP006_W006_mixed.csv
2026-08-23T12:36:25.665,292,EXP006,W006,mixed,0.9964,33.2,3204.0,3.1,33.26,42.9,85.4,3153.88,1197.06,0.0,82.4,6746.88,113.1425,3.4382,62.9,0.0314,0.0039,83367944,219104822,0,0,0,0,EXP006_W006_mixed.csv
2026-08-23T12:36:26.661,293,EXP006,W006,mixed,0.9961,28.1,3204.0,3.1,28.04,60.0,85.3,3160.03,1204.91,0.0,82.4,6746.88,71.0878,1.0785,62.9,0.0402,0.0049,83367978,219104986,0,0,0,0,EXP006_W006_mixed.csv
2026-08-23T12:36:27.665,294,EXP006,W006,mixed,1.0039,41.7,3204.0,3.1,41.67,60.0,85.2,3166.62,1216.44,0.0,82.4,6746.88,13.8449,0.0117,62.9,0.0282,0.0156,83368030,219105130,0,0,0,0,EXP006_W006_mixed.csv
2026-08-23T12:36:28.662,295,EXP006,W006,mixed,0.9974,30.1,3204.0,3.65,30.06,38.0,85.2,3171.83,1214.69,0.0,82.4,6746.88,3.8422,0.0,62.9,0.0235,0.0147,83368101,219105273,0,0,0,0,EXP006_W006_mixed.csv
2026-08-23T12:36:29.668,296,EXP006,W006,mixed,1.0057,30.0,3204.0,3.65,30.1,35.4,85.3,3183.66,1202.94,0.0,82.4,6746.88,3.1966,0.0,62.9,0.0573,0.0097,83368164,219105530,0,0,0,0,EXP006_W006_mixed.csv
2026-08-23T12:36:30.660,297,EXP006,W006,mixed,0.9922,28.2,3204.0,3.65,28.16,37.8,85.2,3180.47,1208.62,0.0,82.4,6746.88,2.2008,0.0,62.9,0.063,0.0138,83368211,219105866,0,0,0,0,EXP006_W006_mixed.csv
2026-08-23T12:36:31.665,298,EXP006,W006,mixed,1.0047,26.6,3204.0,3.65,26.64,62.6,85.2,3175.09,1216.45,0.0,82.4,6746.88,0.486,0.0,62.9,0.0525,0.0039,83368253,219106114,0,0,0,0,EXP006_W006_mixed.csv
2026-08-23T12:36:32.665,299,EXP006,W006,mixed,1.0,33.0,3204.0,3.65,32.9,70.3,85.1,3190.44,1216.59,0.0,82.4,6746.88,5.4101,0.5,62.9,0.042,0.0039,83368285,219106291,0,0,0,0,EXP006_W006_mixed.csv
2026-08-23T12:36:33.664,300,EXP006,W006,mixed,1.0,28.4,3204.0,3.6,28.49,41.0,84.9,3172.97,1238.39,0.0,82.4,6746.88,0.4258,0.0,62.9,0.0205,0.0273,83368361,219106414,0,0,0,0,EXP006_W006_mixed.csv
